/* Generated by tools/make_cfnt.py --all from fonts/fonts.txt -- do not edit.
 *
 * The fonts, embedded so the firmware can write them to /fonts on the
 * card (icons.c), the way it seeds the apps. */
#ifndef CARDOS_FONT_BLOBS_H
#define CARDOS_FONT_BLOBS_H

#include <stddef.h>
#include <stdint.h>

static const uint8_t font_blob_clock56[] = {
  0x43, 0x46, 0x4E, 0x54, 0x01, 0x04, 0x2A, 0x29, 0x30, 0x00, 0x0B, 0x00, 0x00, 0x00, 0x00, 0x00,
  0x00, 0x00, 0x00, 0x00, 0x22, 0x2A, 0x00, 0x00, 0x22, 0x01, 0xCA, 0x02, 0x00, 0x00, 0x22, 0x28,
  0x00, 0x01, 0x22, 0x01, 0x72, 0x05, 0x00, 0x00, 0x22, 0x29, 0x00, 0x00, 0x22, 0x01, 0x2B, 0x08,
  0x00, 0x00, 0x22, 0x29, 0x00, 0x01, 0x22, 0x01, 0xE4, 0x0A, 0x00, 0x00, 0x22, 0x28, 0x00, 0x01,
  0x22, 0x01, 0x8C, 0x0D, 0x00, 0x00, 0x22, 0x29, 0x00, 0x01, 0x22, 0x01, 0x45, 0x10, 0x00, 0x00,
  0x22, 0x2A, 0x00, 0x00, 0x22, 0x01, 0x0F, 0x13, 0x00, 0x00, 0x22, 0x28, 0x00, 0x01, 0x22, 0x01,
  0xB7, 0x15, 0x00, 0x00, 0x22, 0x2A, 0x00, 0x00, 0x22, 0x01, 0x81, 0x18, 0x00, 0x00, 0x22, 0x2A,
  0x00, 0x00, 0x22, 0x01, 0x4B, 0x1B, 0x00, 0x00, 0x22, 0x1E, 0x00, 0x0C, 0x22, 0x01, 0x00, 0x00,
  0x00, 0x00, 0x00, 0x01, 0x69, 0xCE, 0xFF, 0xED, 0xA7, 0x20, 0x00, 0x00, 0x00, 0x00, 0x00, 0x00,
  0x00, 0x00, 0x00, 0x02, 0x9F, 0xFF, 0xFF, 0xFF, 0xFF, 0xFF, 0xFB, 0x40, 0x00, 0x00, 0x00, 0x00,
  0x00, 0x00, 0x00, 0x00, 0x6E, 0xFF, 0xFF, 0xFF, 0xFF, 0xFF, 0xFF, 0xFF, 0xF9, 0x00, 0x00, 0x00,
  0x00, 0x00, 0x00, 0x00, 0x09, 0xFF, 0xFF, 0xFF, 0xFF, 0xFF, 0xFF, 0xFF, 0xFF, 0xFF, 0xC1, 0x00,
  0x00, 0x00, 0x00, 0x00, 0x00, 0x8F, 0xFF, 0xFF, 0xFF, 0xFF, 0xFF, 0xFF, 0xFF, 0xFF, 0xFF, 0xFC,
  0x00, 0x00, 0x00, 0x00, 0x00, 0x04, 0xFF, 0xFF, 0xFF, 0xFF, 0xFF, 0xFF, 0xFF, 0xFF, 0xFF, 0xFF,
  0xFF, 0x80, 0x00, 0x00, 0x00, 0x00, 0x1D, 0xFF, 0xFF, 0xFF, 0xFF, 0xFE, 0xDD, 0xEF, 0xFF, 0xFF,
  0xFF, 0xFF, 0xF3, 0x00, 0x00, 0x00, 0x00, 0x7F, 0xFF, 0xFF, 0xFF, 0xFB, 0x40, 0x00, 0x03, 0x9F,
  0xFF, 0xFF, 0xFF, 0xFB, 0x00, 0x00, 0x00, 0x00, 0xDF, 0xFF, 0xFF, 0xFF, 0x90, 0x00, 0x00, 0x00,
  0x06, 0xFF, 0xFF, 0xFF, 0xFF, 0x20, 0x00, 0x00, 0x04, 0xFF, 0xFF, 0xFF, 0xFB, 0x00, 0x00, 0x00,
  0x00, 0x00, 0x8F, 0xFF, 0xFF, 0xFF, 0x80, 0x00, 0x00, 0x08, 0xFF, 0xFF, 0xFF, 0xF3, 0x00, 0x00,
  0x00, 0x00, 0x00, 0x1E, 0xFF, 0xFF, 0xFF, 0xC0, 0x00, 0x00, 0x0C, 0xFF, 0xFF, 0xFF, 0xB0, 0x00,
  0x00, 0x00, 0x00, 0x00, 0x08, 0xFF, 0xFF, 0xFF, 0xF1, 0x00, 0x00, 0x0F, 0xFF, 0xFF, 0xFF, 0x80,
  0x00, 0x00, 0x00, 0x00, 0x00, 0x04, 0xFF, 0xFF, 0xFF, 0xF4, 0x00, 0x00, 0x2F, 0xFF, 0xFF, 0xFF,
  0x40, 0x00, 0x00, 0x00, 0x00, 0x00, 0x01, 0xFF, 0xFF, 0xFF, 0xF6, 0x00, 0x00, 0x3F, 0xFF, 0xFF,
  0xFF, 0x30, 0x00, 0x00, 0x00, 0x00, 0x00, 0x00, 0xEF, 0xFF, 0xFF, 0xF7, 0x00, 0x00, 0x4F, 0xFF,
  0xFF, 0xFF, 0x20, 0x00, 0x00, 0x00, 0x00, 0x00, 0x00, 0xDF, 0xFF, 0xFF, 0xF8, 0x00, 0x00, 0x5F,
  0xFF, 0xFF, 0xFF, 0x10, 0x00, 0x2A, 0xEE, 0xB4, 0x00, 0x00, 0xCF, 0xFF, 0xFF, 0xF9, 0x00, 0x00,
  0x5F, 0xFF, 0xFF, 0xFF, 0x10, 0x03, 0xEF, 0xFF, 0xFF, 0x60, 0x00, 0xCF, 0xFF, 0xFF, 0xF9, 0x00,
  0x00, 0x5F, 0xFF, 0xFF, 0xFF, 0x10, 0x0D, 0xFF, 0xFF, 0xFF, 0xF3, 0x00, 0xCF, 0xFF, 0xFF, 0xF9,
  0x00, 0x00, 0x5F, 0xFF, 0xFF, 0xFF, 0x10, 0x5F, 0xFF, 0xFF, 0xFF, 0xF9, 0x00, 0xCF, 0xFF, 0xFF,
  0xF9, 0x00, 0x00, 0x5F, 0xFF, 0xFF, 0xFF, 0x10, 0x8F, 0xFF, 0xFF, 0xFF, 0xFC, 0x00, 0xCF, 0xFF,
  0xFF, 0xF9, 0x00, 0x00, 0x5F, 0xFF, 0xFF, 0xFF, 0x10, 0x8F, 0xFF, 0xFF, 0xFF, 0xFC, 0x00, 0xCF,
  0xFF, 0xFF, 0xF9, 0x00, 0x00, 0x5F, 0xFF, 0xFF, 0xFF, 0x10, 0x5F, 0xFF, 0xFF, 0xFF, 0xF9, 0x00,
  0xCF, 0xFF, 0xFF, 0xF9, 0x00, 0x00, 0x5F, 0xFF, 0xFF, 0xFF, 0x10, 0x0D, 0xFF, 0xFF, 0xFF, 0xF3,
  0x00, 0xCF, 0xFF, 0xFF, 0xF9, 0x00, 0x00, 0x5F, 0xFF, 0xFF, 0xFF, 0x10, 0x03, 0xEF, 0xFF, 0xFF,
  0x60, 0x00, 0xCF, 0xFF, 0xFF, 0xF9, 0x00, 0x00, 0x5F, 0xFF, 0xFF, 0xFF, 0x10, 0x00, 0x2A, 0xEE,
  0xB4, 0x00, 0x00, 0xCF, 0xFF, 0xFF, 0xF9, 0x00, 0x00, 0x4F, 0xFF, 0xFF, 0xFF, 0x10, 0x00, 0x00,
  0x00, 0x00, 0x00, 0x00, 0xDF, 0xFF, 0xFF, 0xF8, 0x00, 0x00, 0x3F, 0xFF, 0xFF, 0xFF, 0x20, 0x00,
  0x00, 0x00, 0x00, 0x00, 0x00, 0xDF, 0xFF, 0xFF, 0xF7, 0x00, 0x00, 0x2F, 0xFF, 0xFF, 0xFF, 0x40,
  0x00, 0x00, 0x00, 0x00, 0x00, 0x00, 0xFF, 0xFF, 0xFF, 0xF6, 0x00, 0x00, 0x1F, 0xFF, 0xFF, 0xFF,
  0x60, 0x00, 0x00, 0x00, 0x00, 0x00, 0x02, 0xFF, 0xFF, 0xFF, 0xF4, 0x00, 0x00, 0x0C, 0xFF, 0xFF,
  0xFF, 0xA0, 0x00, 0x00, 0x00, 0x00, 0x00, 0x07, 0xFF, 0xFF, 0xFF, 0xF1, 0x00, 0x00, 0x09, 0xFF,
  0xFF, 0xFF, 0xF1, 0x00, 0x00, 0x00, 0x00, 0x00, 0x0C, 0xFF, 0xFF, 0xFF, 0xD0, 0x00, 0x00, 0x05,
  0xFF, 0xFF, 0xFF, 0xF8, 0x00, 0x00, 0x00, 0x00, 0x00, 0x4F, 0xFF, 0xFF, 0xFF, 0x90, 0x00, 0x00,
  0x00, 0xEF, 0xFF, 0xFF, 0xFF, 0x50, 0x00, 0x00, 0x00, 0x02, 0xEF, 0xFF, 0xFF, 0xFF, 0x30, 0x00,
  0x00, 0x00, 0x8F, 0xFF, 0xFF, 0xFF, 0xF9, 0x30, 0x00, 0x02, 0x7E, 0xFF, 0xFF, 0xFF, 0xFC, 0x00,
  0x00, 0x00, 0x00, 0x2E, 0xFF, 0xFF, 0xFF, 0xFF, 0xFE, 0xDD, 0xEF, 0xFF, 0xFF, 0xFF, 0xFF, 0xF5,
  0x00, 0x00, 0x00, 0x00, 0x05, 0xFF, 0xFF, 0xFF, 0xFF, 0xFF, 0xFF, 0xFF, 0xFF, 0xFF, 0xFF, 0xFF,
  0x90, 0x00, 0x00, 0x00, 0x00, 0x00, 0xAF, 0xFF, 0xFF, 0xFF, 0xFF, 0xFF, 0xFF, 0xFF, 0xFF, 0xFF,
  0xFD, 0x10, 0x00, 0x00, 0x00, 0x00, 0x00, 0x0A, 0xFF, 0xFF, 0xFF, 0xFF, 0xFF, 0xFF, 0xFF, 0xFF,
  0xFF, 0xD2, 0x00, 0x00, 0x00, 0x00, 0x00, 0x00, 0x00, 0x7F, 0xFF, 0xFF, 0xFF, 0xFF, 0xFF, 0xFF,
  0xFF, 0xFA, 0x10, 0x00, 0x00, 0x00, 0x00, 0x00, 0x00, 0x00, 0x02, 0xAF, 0xFF, 0xFF, 0xFF, 0xFF,
  0xFF, 0xFC, 0x40, 0x00, 0x00, 0x00, 0x00, 0x00, 0x00, 0x00, 0x00, 0x00, 0x01, 0x6A, 0xCE, 0xFF,
  0xED, 0xA7, 0x20, 0x00, 0x00, 0x00, 0x00, 0x00, 0x00, 0x00, 0x00, 0x06, 0xFF, 0xFF, 0xFF, 0xFF,
  0xFF, 0xFF, 0xFF, 0x30, 0x00, 0x00, 0x00, 0x00, 0x00, 0x00, 0x00, 0x00, 0x0A, 0xFF, 0xFF, 0xFF,
  0xFF, 0xFF, 0xFF, 0xFF, 0x30, 0x00, 0x00, 0x00, 0x00, 0x00, 0x00, 0x00, 0x00, 0x0E, 0xFF, 0xFF,
  0xFF, 0xFF, 0xFF, 0xFF, 0xFF, 0x30, 0x00, 0x00, 0x00, 0x00, 0x00, 0x00, 0x00, 0x00, 0x3F, 0xFF,
  0xFF, 0xFF, 0xFF, 0xFF, 0xFF, 0xFF, 0x30, 0x00, 0x00, 0x00, 0x00, 0x00, 0x00, 0x00, 0x00, 0x8F,
  0xFF, 0xFF, 0xFA, 0x3F, 0xFF, 0xFF, 0xFF, 0x30, 0x00, 0x00, 0x00, 0x00, 0x00, 0x00, 0x00, 0x00,
  0xCF, 0xFF, 0xFF, 0xF6, 0x3F, 0xFF, 0xFF, 0xFF, 0x30, 0x00, 0x00, 0x00, 0x00, 0x00, 0x00, 0x00,
  0x01, 0xFF, 0xFF, 0xFF, 0xF2, 0x3F, 0xFF, 0xFF, 0xFF, 0x30, 0x00, 0x00, 0x00, 0x00, 0x00, 0x00,
  0x00, 0x05, 0xFF, 0xFF, 0xFF, 0xD0, 0x3F, 0xFF, 0xFF, 0xFF, 0x30, 0x00, 0x00, 0x00, 0x00, 0x00,
  0x00, 0x00, 0x09, 0xFF, 0xFF, 0xFF, 0x90, 0x3F, 0xFF, 0xFF, 0xFF, 0x30, 0x00, 0x00, 0x00, 0x00,
  0x00, 0x00, 0x00, 0x0D, 0xFF, 0xFF, 0xFF, 0x50, 0x3F, 0xFF, 0xFF, 0xFF, 0x30, 0x00, 0x00, 0x00,
  0x00, 0x00, 0x00, 0x00, 0x2F, 0xFF, 0xFF, 0xFF, 0x10, 0x3F, 0xFF, 0xFF, 0xFF, 0x30, 0x00, 0x00,
  0x00, 0x00, 0x00, 0x00, 0x00, 0x6F, 0xFF, 0xFF, 0xFC, 0x00, 0x3F, 0xFF, 0xFF, 0xFF, 0x30, 0x00,
  0x00, 0x00, 0x00, 0x00, 0x00, 0x00, 0xBF, 0xFF, 0xFF, 0xF7, 0x00, 0x3F, 0xFF, 0xFF, 0xFF, 0x30,
  0x00, 0x00, 0x00, 0x00, 0x00, 0x00, 0x00, 0xEF, 0xFF, 0xFF, 0xF3, 0x00, 0x3F, 0xFF, 0xFF, 0xFF,
  0x30, 0x00, 0x00, 0x00, 0x00, 0x00, 0x00, 0x04, 0xFF, 0xFF, 0xFF, 0xE0, 0x00, 0x3F, 0xFF, 0xFF,
  0xFF, 0x30, 0x00, 0x00, 0x00, 0x00, 0x00, 0x00, 0x08, 0xFF, 0xFF, 0xFF, 0xA0, 0x00, 0x3F, 0xFF,
  0xFF, 0xFF, 0x30, 0x00, 0x00, 0x00, 0x00, 0x00, 0x00, 0x0C, 0xFF, 0xFF, 0xFF, 0x60, 0x00, 0x3F,
  0xFF, 0xFF, 0xFF, 0x30, 0x00, 0x00, 0x00, 0x00, 0x00, 0x00, 0x0C, 0xCC, 0xCC, 0xCC, 0x20, 0x00,
  0x3F, 0xFF, 0xFF, 0xFF, 0x30, 0x00, 0x00, 0x00, 0x00, 0x00, 0x00, 0x00, 0x00, 0x00, 0x00, 0x00,
  0x00, 0x3F, 0xFF, 0xFF, 0xFF, 0x30, 0x00, 0x00, 0x00, 0x00, 0x00, 0x00, 0x00, 0x00, 0x00, 0x00,
  0x00, 0x00, 0x3F, 0xFF, 0xFF, 0xFF, 0x30, 0x00, 0x00, 0x00, 0x00, 0x00, 0x00, 0x00, 0x00, 0x00,
  0x00, 0x00, 0x00, 0x3F, 0xFF, 0xFF, 0xFF, 0x30, 0x00, 0x00, 0x00, 0x00, 0x00, 0x00, 0x00, 0x00,
  0x00, 0x00, 0x00, 0x00, 0x3F, 0xFF, 0xFF, 0xFF, 0x30, 0x00, 0x00, 0x00, 0x00, 0x00, 0x00, 0x00,
  0x00, 0x00, 0x00, 0x00, 0x00, 0x3F, 0xFF, 0xFF, 0xFF, 0x30, 0x00, 0x00, 0x00, 0x00, 0x00, 0x00,
  0x00, 0x00, 0x00, 0x00, 0x00, 0x00, 0x3F, 0xFF, 0xFF, 0xFF, 0x30, 0x00, 0x00, 0x00, 0x00, 0x00,
  0x00, 0x00, 0x00, 0x00, 0x00, 0x00, 0x00, 0x3F, 0xFF, 0xFF, 0xFF, 0x30, 0x00, 0x00, 0x00, 0x00,
  0x00, 0x00, 0x00, 0x00, 0x00, 0x00, 0x00, 0x00, 0x3F, 0xFF, 0xFF, 0xFF, 0x30, 0x00, 0x00, 0x00,
  0x00, 0x00, 0x00, 0x00, 0x00, 0x00, 0x00, 0x00, 0x00, 0x3F, 0xFF, 0xFF, 0xFF, 0x30, 0x00, 0x00,
  0x00, 0x00, 0x00, 0x00, 0x00, 0x00, 0x00, 0x00, 0x00, 0x00, 0x3F, 0xFF, 0xFF, 0xFF, 0x30, 0x00,
  0x00, 0x00, 0x00, 0x00, 0x00, 0x00, 0x00, 0x00, 0x00, 0x00, 0x00, 0x3F, 0xFF, 0xFF, 0xFF, 0x30,
  0x00, 0x00, 0x00, 0x00, 0x00, 0x00, 0x00, 0x00, 0x00, 0x00, 0x00, 0x00, 0x3F, 0xFF, 0xFF, 0xFF,
  0x30, 0x00, 0x00, 0x00, 0x00, 0x00, 0x00, 0x00, 0x00, 0x00, 0x00, 0x00, 0x00, 0x3F, 0xFF, 0xFF,
  0xFF, 0x30, 0x00, 0x00, 0x00, 0x00, 0x00, 0x00, 0x00, 0x00, 0x00, 0x00, 0x00, 0x00, 0x3F, 0xFF,
  0xFF, 0xFF, 0x30, 0x00, 0x00, 0x00, 0x00, 0x00, 0x00, 0x00, 0x00, 0x00, 0x00, 0x00, 0x00, 0x3F,
  0xFF, 0xFF, 0xFF, 0x30, 0x00, 0x00, 0x00, 0x00, 0x00, 0x00, 0x04, 0xCC, 0xCC, 0xCC, 0xCC, 0xCC,
  0xDF, 0xFF, 0xFF, 0xFF, 0xDC, 0xCC, 0xCC, 0xCC, 0xCB, 0x00, 0x00, 0x04, 0xFF, 0xFF, 0xFF, 0xFF,
  0xFF, 0xFF, 0xFF, 0xFF, 0xFF, 0xFF, 0xFF, 0xFF, 0xFF, 0xFE, 0x00, 0x00, 0x04, 0xFF, 0xFF, 0xFF,
  0xFF, 0xFF, 0xFF, 0xFF, 0xFF, 0xFF, 0xFF, 0xFF, 0xFF, 0xFF, 0xFE, 0x00, 0x00, 0x04, 0xFF, 0xFF,
  0xFF, 0xFF, 0xFF, 0xFF, 0xFF, 0xFF, 0xFF, 0xFF, 0xFF, 0xFF, 0xFF, 0xFE, 0x00, 0x00, 0x04, 0xFF,
  0xFF, 0xFF, 0xFF, 0xFF, 0xFF, 0xFF, 0xFF, 0xFF, 0xFF, 0xFF, 0xFF, 0xFF, 0xFE, 0x00, 0x00, 0x04,
  0xFF, 0xFF, 0xFF, 0xFF, 0xFF, 0xFF, 0xFF, 0xFF, 0xFF, 0xFF, 0xFF, 0xFF, 0xFF, 0xFE, 0x00, 0x00,
  0x04, 0xFF, 0xFF, 0xFF, 0xFF, 0xFF, 0xFF, 0xFF, 0xFF, 0xFF, 0xFF, 0xFF, 0xFF, 0xFF, 0xFE, 0x00,
  0x00, 0x00, 0x00, 0x00, 0x00, 0x00, 0x38, 0xBD, 0xEF, 0xED, 0xB9, 0x51, 0x00, 0x00, 0x00, 0x00,
  0x00, 0x00, 0x00, 0x00, 0x00, 0x00, 0x6D, 0xFF, 0xFF, 0xFF, 0xFF, 0xFF, 0xFE, 0x92, 0x00, 0x00,
  0x00, 0x00, 0x00, 0x00, 0x00, 0x00, 0x2C, 0xFF, 0xFF, 0xFF, 0xFF, 0xFF, 0xFF, 0xFF, 0xFE, 0x60,
  0x00, 0x00, 0x00, 0x00, 0x00, 0x00, 0x04, 0xEF, 0xFF, 0xFF, 0xFF, 0xFF, 0xFF, 0xFF, 0xFF, 0xFF,
  0xF9, 0x00, 0x00, 0x00, 0x00, 0x00, 0x00, 0x4F, 0xFF, 0xFF, 0xFF, 0xFF, 0xFF, 0xFF, 0xFF, 0xFF,
  0xFF, 0xFF, 0x90, 0x00, 0x00, 0x00, 0x00, 0x02, 0xEF, 0xFF, 0xFF, 0xFF, 0xFF, 0xFF, 0xFF, 0xFF,
  0xFF, 0xFF, 0xFF, 0xF5, 0x00, 0x00, 0x00, 0x00, 0x0A, 0xFF, 0xFF, 0xFF, 0xFF, 0xFF, 0xED, 0xDF,
  0xFF, 0xFF, 0xFF, 0xFF, 0xFE, 0x10, 0x00, 0x00, 0x00, 0x3F, 0xFF, 0xFF, 0xFF, 0xFE, 0x82, 0x00,
  0x00, 0x4B, 0xFF, 0xFF, 0xFF, 0xFF, 0x60, 0x00, 0x00, 0x00, 0xAF, 0xFF, 0xFF, 0xFF, 0xD2, 0x00,
  0x00, 0x00, 0x00, 0x8F, 0xFF, 0xFF, 0xFF, 0xC0, 0x00, 0x00, 0x01, 0xFF, 0xFF, 0xFF, 0xFE, 0x20,
  0x00, 0x00, 0x00, 0x00, 0x0B, 0xFF, 0xFF, 0xFF, 0xF2, 0x00, 0x00, 0x05, 0xFF, 0xFF, 0xFF, 0xF8,
  0x00, 0x00, 0x00, 0x00, 0x00, 0x03, 0xFF, 0xFF, 0xFF, 0xF5, 0x00, 0x00, 0x07, 0xFF, 0xFF, 0xFF,
  0xF2, 0x00, 0x00, 0x00, 0x00, 0x00, 0x00, 0xEF, 0xFF, 0xFF, 0xF7, 0x00, 0x00, 0x09, 0xFF, 0xFF,
  0xFF, 0xD0, 0x00, 0x00, 0x00, 0x00, 0x00, 0x00, 0xDF, 0xFF, 0xFF, 0xF8, 0x00, 0x00, 0x0A, 0xFF,
  0xFF, 0xFF, 0xC0, 0x00, 0x00, 0x00, 0x00, 0x00, 0x00, 0xEF, 0xFF, 0xFF, 0xF8, 0x00, 0x00, 0x0B,
  0xFF, 0xFF, 0xFF, 0xB0, 0x00, 0x00, 0x00, 0x00, 0x00, 0x02, 0xFF, 0xFF, 0xFF, 0xF7, 0x00, 0x00,
  0x0B, 0xFF, 0xFF, 0xFF, 0xB0, 0x00, 0x00, 0x00, 0x00, 0x00, 0x08, 0xFF, 0xFF, 0xFF, 0xF6, 0x00,
  0x00, 0x0B, 0xFF, 0xFF, 0xFF, 0xB0, 0x00, 0x00, 0x00, 0x00, 0x00, 0x4F, 0xFF, 0xFF, 0xFF, 0xF3,
  0x00, 0x00, 0x01, 0x22, 0x22, 0x22, 0x10, 0x00, 0x00, 0x00, 0x00, 0x07, 0xFF, 0xFF, 0xFF, 0xFF,
  0xE0, 0x00, 0x00, 0x00, 0x00, 0x00, 0x00, 0x00, 0x00, 0x00, 0x00, 0x27, 0xDF, 0xFF, 0xFF, 0xFF,
  0xFF, 0x90, 0x00, 0x00, 0x00, 0x00, 0x00, 0x00, 0x00, 0x00, 0x14, 0x8C, 0xFF, 0xFF, 0xFF, 0xFF,
  0xFF, 0xFF, 0x30, 0x00, 0x00, 0x00, 0x00, 0x00, 0x00, 0x00, 0x5B, 0xFF, 0xFF, 0xFF, 0xFF, 0xFF,
  0xFF, 0xFF, 0xFA, 0x00, 0x00, 0x00, 0x00, 0x00, 0x00, 0x01, 0x7E, 0xFF, 0xFF, 0xFF, 0xFF, 0xFF,
  0xFF, 0xFF, 0xFF, 0xE1, 0x00, 0x00, 0x00, 0x00, 0x00, 0x00, 0x5E, 0xFF, 0xFF, 0xFF, 0xFF, 0xFF,
  0xFF, 0xFF, 0xFF, 0xFE, 0x30, 0x00, 0x00, 0x00, 0x00, 0x00, 0x09, 0xFF, 0xFF, 0xFF, 0xFF, 0xFF,
  0xFF, 0xFF, 0xFF, 0xFF, 0xC2, 0x00, 0x00, 0x00, 0x00, 0x00, 0x00, 0x9F, 0xFF, 0xFF, 0xFF, 0xFF,
  0xFF, 0xFF, 0xFF, 0xFF, 0xE8, 0x00, 0x00, 0x00, 0x00, 0x00, 0x00, 0x06, 0xFF, 0xFF, 0xFF, 0xFF,
  0xFF, 0xFF, 0xFF, 0xFF, 0xD7, 0x10, 0x00, 0x00, 0x00, 0x00, 0x00, 0x00, 0x1E, 0xFF, 0xFF, 0xFF,
  0xFF, 0xFF, 0xFF, 0xFC, 0x83, 0x00, 0x00, 0x00, 0x00, 0x00, 0x00, 0x00, 0x00, 0x7F, 0xFF, 0xFF,
  0xFF, 0xFF, 0xFE, 0xA5, 0x10, 0x00, 0x00, 0x00, 0x00, 0x00, 0x00, 0x00, 0x00, 0x00, 0xCF, 0xFF,
  0xFF, 0xFF, 0xFE, 0x71, 0x00, 0x00, 0x00, 0x00, 0x00, 0x00, 0x00, 0x00, 0x00, 0x00, 0x00, 0xFF,
  0xFF, 0xFF, 0xFF, 0xB1, 0x00, 0x00, 0x00, 0x00, 0x00, 0x00, 0x00, 0x00, 0x00, 0x00, 0x00, 0x03,
  0xFF, 0xFF, 0xFF, 0xFD, 0x10, 0x00, 0x00, 0x00, 0x00, 0x00, 0x00, 0x00, 0x00, 0x00, 0x00, 0x00,
  0x04, 0xFF, 0xFF, 0xFF, 0xF6, 0x00, 0x00, 0x00, 0x00, 0x00, 0x00, 0x00, 0x00, 0x00, 0x00, 0x00,
  0x00, 0x05, 0xFF, 0xFF, 0xFF, 0xF2, 0x00, 0x00, 0x00, 0x00, 0x00, 0x00, 0x00, 0x00, 0x00, 0x00,
  0x00, 0x00, 0x05, 0xFF, 0xFF, 0xFF, 0xF1, 0x00, 0x00, 0x00, 0x00, 0x00, 0x00, 0x00, 0x00, 0x00,
  0x00, 0x00, 0x00, 0x05, 0xFF, 0xFF, 0xFF, 0xFC, 0xCC, 0xCC, 0xCC, 0xCC, 0xCC, 0xCC, 0xCC, 0xCC,
  0xCC, 0xC2, 0x00, 0x00, 0x05, 0xFF, 0xFF, 0xFF, 0xFF, 0xFF, 0xFF, 0xFF, 0xFF, 0xFF, 0xFF, 0xFF,
  0xFF, 0xFF, 0xF3, 0x00, 0x00, 0x05, 0xFF, 0xFF, 0xFF, 0xFF, 0xFF, 0xFF, 0xFF, 0xFF, 0xFF, 0xFF,
  0xFF, 0xFF, 0xFF, 0xF3, 0x00, 0x00, 0x05, 0xFF, 0xFF, 0xFF, 0xFF, 0xFF, 0xFF, 0xFF, 0xFF, 0xFF,
  0xFF, 0xFF, 0xFF, 0xFF, 0xF3, 0x00, 0x00, 0x05, 0xFF, 0xFF, 0xFF, 0xFF, 0xFF, 0xFF, 0xFF, 0xFF,
  0xFF, 0xFF, 0xFF, 0xFF, 0xFF, 0xF3, 0x00, 0x00, 0x05, 0xFF, 0xFF, 0xFF, 0xFF, 0xFF, 0xFF, 0xFF,
  0xFF, 0xFF, 0xFF, 0xFF, 0xFF, 0xFF, 0xF3, 0x00, 0x00, 0x05, 0xFF, 0xFF, 0xFF, 0xFF, 0xFF, 0xFF,
  0xFF, 0xFF, 0xFF, 0xFF, 0xFF, 0xFF, 0xFF, 0xF3, 0x00, 0x00, 0x06, 0xFF, 0xFF, 0xFF, 0xFF, 0xFF,
  0xFF, 0xFF, 0xFF, 0xFF, 0xFF, 0xFF, 0xFF, 0xF2, 0x00, 0x00, 0x00, 0x06, 0xFF, 0xFF, 0xFF, 0xFF,
  0xFF, 0xFF, 0xFF, 0xFF, 0xFF, 0xFF, 0xFF, 0xFF, 0xF2, 0x00, 0x00, 0x00, 0x06, 0xFF, 0xFF, 0xFF,
  0xFF, 0xFF, 0xFF, 0xFF, 0xFF, 0xFF, 0xFF, 0xFF, 0xFF, 0xF2, 0x00, 0x00, 0x00, 0x06, 0xFF, 0xFF,
  0xFF, 0xFF, 0xFF, 0xFF, 0xFF, 0xFF, 0xFF, 0xFF, 0xFF, 0xFF, 0xF2, 0x00, 0x00, 0x00, 0x06, 0xFF,
  0xFF, 0xFF, 0xFF, 0xFF, 0xFF, 0xFF, 0xFF, 0xFF, 0xFF, 0xFF, 0xFF, 0xF2, 0x00, 0x00, 0x00, 0x06,
  0xFF, 0xFF, 0xFF, 0xFF, 0xFF, 0xFF, 0xFF, 0xFF, 0xFF, 0xFF, 0xFF, 0xFF, 0xF2, 0x00, 0x00, 0x00,
  0x05, 0xCC, 0xCC, 0xCC, 0xCC, 0xCC, 0xCC, 0xCC, 0xCC, 0xCC, 0xCF, 0xFF, 0xFF, 0xF2, 0x00, 0x00,
  0x00, 0x00, 0x00, 0x00, 0x00, 0x00, 0x00, 0x00, 0x00, 0x00, 0x00, 0x0E, 0xFF, 0xFF, 0xF2, 0x00,
  0x00, 0x00, 0x00, 0x00, 0x00, 0x00, 0x00, 0x00, 0x00, 0x00, 0x00, 0x49, 0xDF, 0xFF, 0xFF, 0xF2,
  0x00, 0x00, 0x00, 0x00, 0x00, 0x00, 0x00, 0x00, 0x00, 0x00, 0x16, 0xAE, 0xFF, 0xFF, 0xFF, 0xFF,
  0xF2, 0x00, 0x00, 0x00, 0x00, 0x00, 0x00, 0x00, 0x00, 0x02, 0x7C, 0xFF, 0xFF, 0xFF, 0xFF, 0xFF,
  0xFF, 0xF2, 0x00, 0x00, 0x00, 0x00, 0x00, 0x00, 0x00, 0x00, 0x0A, 0xFF, 0xFF, 0xFF, 0xFF, 0xFF,
  0xFF, 0xFF, 0xF2, 0x00, 0x00, 0x00, 0x00, 0x00, 0x00, 0x00, 0x00, 0x0A, 0xFF, 0xFF, 0xFF, 0xFF,
  0xFF, 0xFF, 0xFF, 0xC1, 0x00, 0x00, 0x00, 0x00, 0x00, 0x00, 0x00, 0x00, 0x0A, 0xFF, 0xFF, 0xFF,
  0xFF, 0xFF, 0xFB, 0x62, 0x00, 0x00, 0x00, 0x00, 0x00, 0x00, 0x00, 0x00, 0x00, 0x0A, 0xFF, 0xFF,
  0xFF, 0xFE, 0xA6, 0x10, 0x00, 0x00, 0x00, 0x00, 0x00, 0x00, 0x00, 0x00, 0x00, 0x00, 0x0A, 0xFF,
  0xFF, 0xEA, 0x51, 0x00, 0x00, 0x00, 0x00, 0x00, 0x00, 0x00, 0x00, 0x00, 0x00, 0x00, 0x00, 0x0A,
  0xFF, 0xFF, 0xB0, 0x00, 0x00, 0x00, 0x00, 0x00, 0x00, 0x00, 0x00, 0x00, 0x00, 0x00, 0x00, 0x00,
  0x0A, 0xFF, 0xFF, 0xFF, 0xFE, 0xB7, 0x20, 0x00, 0x00, 0x00, 0x00, 0x00, 0x00, 0x00, 0x00, 0x00,
  0x00, 0x0A, 0xFF, 0xFF, 0xFF, 0xFF, 0xFF, 0xFB, 0x30, 0x00, 0x00, 0x00, 0x00, 0x00, 0x00, 0x00,
  0x00, 0x00, 0x0A, 0xFF, 0xFF, 0xFF, 0xFF, 0xFF, 0xFF, 0xF7, 0x00, 0x00, 0x00, 0x00, 0x00, 0x00,
  0x00, 0x00, 0x00, 0x0A, 0xFF, 0xFF, 0xFF, 0xFF, 0xFF, 0xFF, 0xFF, 0x70, 0x00, 0x00, 0x00, 0x00,
  0x00, 0x00, 0x00, 0x00, 0x0A, 0xFF, 0xFF, 0xFF, 0xFF, 0xFF, 0xFF, 0xFF, 0xF5, 0x00, 0x00, 0x00,
  0x00, 0x00, 0x00, 0x00, 0x00, 0x0A, 0xFF, 0xFF, 0xFF, 0xFF, 0xFF, 0xFF, 0xFF, 0xFD, 0x10, 0x00,
  0x00, 0x00, 0x00, 0x00, 0x00, 0x00, 0x00, 0x00, 0x00, 0x13, 0x7E, 0xFF, 0xFF, 0xFF, 0xFF, 0x60,
  0x00, 0x00, 0x00, 0x00, 0x00, 0x00, 0x00, 0x00, 0x00, 0x00, 0x00, 0x01, 0xBF, 0xFF, 0xFF, 0xFF,
  0xB0, 0x00, 0x00, 0x0B, 0xFF, 0xFF, 0xFF, 0x90, 0x00, 0x00, 0x00, 0x00, 0x00, 0x1D, 0xFF, 0xFF,
  0xFF, 0xE0, 0x00, 0x00, 0x0B, 0xFF, 0xFF, 0xFF, 0xA0, 0x00, 0x00, 0x00, 0x00, 0x00, 0x08, 0xFF,
  0xFF, 0xFF, 0xF1, 0x00, 0x00, 0x0B, 0xFF, 0xFF, 0xFF, 0xA0, 0x00, 0x00, 0x00, 0x00, 0x00, 0x05,
  0xFF, 0xFF, 0xFF, 0xF2, 0x00, 0x00, 0x0A, 0xFF, 0xFF, 0xFF, 0xB0, 0x00, 0x00, 0x00, 0x00, 0x00,
  0x04, 0xFF, 0xFF, 0xFF, 0xF2, 0x00, 0x00, 0x09, 0xFF, 0xFF, 0xFF, 0xE0, 0x00, 0x00, 0x00, 0x00,
  0x00, 0x05, 0xFF, 0xFF, 0xFF, 0xF1, 0x00, 0x00, 0x06, 0xFF, 0xFF, 0xFF, 0xF6, 0x00, 0x00, 0x00,
  0x00, 0x00, 0x09, 0xFF, 0xFF, 0xFF, 0xF0, 0x00, 0x00, 0x02, 0xFF, 0xFF, 0xFF, 0xFD, 0x10, 0x00,
  0x00, 0x00, 0x00, 0x2E, 0xFF, 0xFF, 0xFF, 0xC0, 0x00, 0x00, 0x00, 0xCF, 0xFF, 0xFF, 0xFF, 0xC1,
  0x00, 0x00, 0x00, 0x01, 0xCF, 0xFF, 0xFF, 0xFF, 0x80, 0x00, 0x00, 0x00, 0x5F, 0xFF, 0xFF, 0xFF,
  0xFD, 0x61, 0x00, 0x01, 0x5D, 0xFF, 0xFF, 0xFF, 0xFF, 0x30, 0x00, 0x00, 0x00, 0x0B, 0xFF, 0xFF,
  0xFF, 0xFF, 0xFF, 0xDC, 0xDF, 0xFF, 0xFF, 0xFF, 0xFF, 0xFB, 0x00, 0x00, 0x00, 0x00, 0x02, 0xEF,
  0xFF, 0xFF, 0xFF, 0xFF, 0xFF, 0xFF, 0xFF, 0xFF, 0xFF, 0xFF, 0xF3, 0x00, 0x00, 0x00, 0x00, 0x00,
  0x4F, 0xFF, 0xFF, 0xFF, 0xFF, 0xFF, 0xFF, 0xFF, 0xFF, 0xFF, 0xFF, 0x70, 0x00, 0x00, 0x00, 0x00,
  0x00, 0x04, 0xEF, 0xFF, 0xFF, 0xFF, 0xFF, 0xFF, 0xFF, 0xFF, 0xFF, 0xF8, 0x00, 0x00, 0x00, 0x00,
  0x00, 0x00, 0x00, 0x2C, 0xFF, 0xFF, 0xFF, 0xFF, 0xFF, 0xFF, 0xFF, 0xFE, 0x60, 0x00, 0x00, 0x00,
  0x00, 0x00, 0x00, 0x00, 0x00, 0x5D, 0xFF, 0xFF, 0xFF, 0xFF, 0xFF, 0xFF, 0x92, 0x00, 0x00, 0x00,
  0x00, 0x00, 0x00, 0x00, 0x00, 0x00, 0x00, 0x37, 0xAD, 0xEF, 0xEE, 0xC9, 0x51, 0x00, 0x00, 0x00,
  0x00, 0x00, 0x00, 0x00, 0x00, 0x00, 0x00, 0x00, 0x4F, 0xFF, 0xFF, 0xFF, 0xFF, 0xFF, 0xFF, 0xF0,
  0x00, 0x00, 0x00, 0x00, 0x00, 0x00, 0x00, 0x00, 0x00, 0xBF, 0xFF, 0xFF, 0xFF, 0xFF, 0xFF, 0xFF,
  0xF0, 0x00, 0x00, 0x00, 0x00, 0x00, 0x00, 0x00, 0x00, 0x04, 0xFF, 0xFF, 0xFF, 0xFF, 0xFF, 0xFF,
  0xFF, 0xF0, 0x00, 0x00, 0x00, 0x00, 0x00, 0x00, 0x00, 0x00, 0x0B, 0xFF, 0xFF, 0xFF, 0xFF, 0xFF,
  0xFF, 0xFF, 0xF0, 0x00, 0x00, 0x00, 0x00, 0x00, 0x00, 0x00, 0x00, 0x3F, 0xFF, 0xFF, 0xFF, 0x56,
  0xFF, 0xFF, 0xFF, 0xF0, 0x00, 0x00, 0x00, 0x00, 0x00, 0x00, 0x00, 0x00, 0xBF, 0xFF, 0xFF, 0xFD,
  0x06, 0xFF, 0xFF, 0xFF, 0xF0, 0x00, 0x00, 0x00, 0x00, 0x00, 0x00, 0x00, 0x03, 0xFF, 0xFF, 0xFF,
  0xF5, 0x06, 0xFF, 0xFF, 0xFF, 0xF0, 0x00, 0x00, 0x00, 0x00, 0x00, 0x00, 0x00, 0x0B, 0xFF, 0xFF,
  0xFF, 0xD0, 0x06, 0xFF, 0xFF, 0xFF, 0xF0, 0x00, 0x00, 0x00, 0x00, 0x00, 0x00, 0x00, 0x3F, 0xFF,
  0xFF, 0xFF, 0x50, 0x06, 0xFF, 0xFF, 0xFF, 0xF0, 0x00, 0x00, 0x00, 0x00, 0x00, 0x00, 0x00, 0xAF,
  0xFF, 0xFF, 0xFD, 0x00, 0x06, 0xFF, 0xFF, 0xFF, 0xF0, 0x00, 0x00, 0x00, 0x00, 0x00, 0x00, 0x03,
  0xFF, 0xFF, 0xFF, 0xF5, 0x00, 0x06, 0xFF, 0xFF, 0xFF, 0xF0, 0x00, 0x00, 0x00, 0x00, 0x00, 0x00,
  0x0A, 0xFF, 0xFF, 0xFF, 0xD0, 0x00, 0x06, 0xFF, 0xFF, 0xFF, 0xF0, 0x00, 0x00, 0x00, 0x00, 0x00,
  0x00, 0x3F, 0xFF, 0xFF, 0xFF, 0x50, 0x00, 0x06, 0xFF, 0xFF, 0xFF, 0xF0, 0x00, 0x00, 0x00, 0x00,
  0x00, 0x00, 0xAF, 0xFF, 0xFF, 0xFD, 0x00, 0x00, 0x06, 0xFF, 0xFF, 0xFF, 0xF0, 0x00, 0x00, 0x00,
  0x00, 0x00, 0x02, 0xFF, 0xFF, 0xFF, 0xF5, 0x00, 0x00, 0x06, 0xFF, 0xFF, 0xFF, 0xF0, 0x00, 0x00,
  0x00, 0x00, 0x00, 0x0A, 0xFF, 0xFF, 0xFF, 0xD0, 0x00, 0x00, 0x06, 0xFF, 0xFF, 0xFF, 0xF0, 0x00,
  0x00, 0x00, 0x00, 0x00, 0x2F, 0xFF, 0xFF, 0xFF, 0x50, 0x00, 0x00, 0x06, 0xFF, 0xFF, 0xFF, 0xF0,
  0x00, 0x00, 0x00, 0x00, 0x00, 0xAF, 0xFF, 0xFF, 0xFD, 0x00, 0x00, 0x00, 0x06, 0xFF, 0xFF, 0xFF,
  0xF0, 0x00, 0x00, 0x00, 0x00, 0x02, 0xFF, 0xFF, 0xFF, 0xF5, 0x00, 0x00, 0x00, 0x06, 0xFF, 0xFF,
  0xFF, 0xF0, 0x00, 0x00, 0x00, 0x00, 0x09, 0xFF, 0xFF, 0xFF, 0xD0, 0x00, 0x00, 0x00, 0x06, 0xFF,
  0xFF, 0xFF, 0xF0, 0x00, 0x00, 0x00, 0x00, 0x2F, 0xFF, 0xFF, 0xFF, 0x50, 0x00, 0x00, 0x00, 0x06,
  0xFF, 0xFF, 0xFF, 0xF0, 0x00, 0x00, 0x00, 0x00, 0x9F, 0xFF, 0xFF, 0xFD, 0x00, 0x00, 0x00, 0x00,
  0x06, 0xFF, 0xFF, 0xFF, 0xF0, 0x00, 0x00, 0x00, 0x00, 0xDF, 0xFF, 0xFF, 0xF5, 0x00, 0x00, 0x00,
  0x00, 0x06, 0xFF, 0xFF, 0xFF, 0xF0, 0x00, 0x00, 0x00, 0x00, 0xDF, 0xFF, 0xFF, 0xD0, 0x00, 0x00,
  0x00, 0x00, 0x06, 0xFF, 0xFF, 0xFF, 0xF0, 0x00, 0x00, 0x00, 0x00, 0xDF, 0xFF, 0xFF, 0x80, 0x00,
  0x00, 0x00, 0x00, 0x06, 0xFF, 0xFF, 0xFF, 0xF0, 0x00, 0x00, 0x00, 0x00, 0xDF, 0xFF, 0xFF, 0xEC,
  0xCC, 0xCC, 0xCC, 0xCC, 0xCD, 0xFF, 0xFF, 0xFF, 0xFC, 0xCC, 0xCC, 0x90, 0x00, 0xDF, 0xFF, 0xFF,
  0xFF, 0xFF, 0xFF, 0xFF, 0xFF, 0xFF, 0xFF, 0xFF, 0xFF, 0xFF, 0xFF, 0xFF, 0xB0, 0x00, 0xDF, 0xFF,
  0xFF, 0xFF, 0xFF, 0xFF, 0xFF, 0xFF, 0xFF, 0xFF, 0xFF, 0xFF, 0xFF, 0xFF, 0xFF, 0xB0, 0x00, 0xDF,
  0xFF, 0xFF, 0xFF, 0xFF, 0xFF, 0xFF, 0xFF, 0xFF, 0xFF, 0xFF, 0xFF, 0xFF, 0xFF, 0xFF, 0xB0, 0x00,
  0xDF, 0xFF, 0xFF, 0xFF, 0xFF, 0xFF, 0xFF, 0xFF, 0xFF, 0xFF, 0xFF, 0xFF, 0xFF, 0xFF, 0xFF, 0xB0,
  0x00, 0xDF, 0xFF, 0xFF, 0xFF, 0xFF, 0xFF, 0xFF, 0xFF, 0xFF, 0xFF, 0xFF, 0xFF, 0xFF, 0xFF, 0xFF,
  0xB0, 0x00, 0xDF, 0xFF, 0xFF, 0xFF, 0xFF, 0xFF, 0xFF, 0xFF, 0xFF, 0xFF, 0xFF, 0xFF, 0xFF, 0xFF,
  0xFF, 0xB0, 0x00, 0x00, 0x00, 0x00, 0x00, 0x00, 0x00, 0x00, 0x00, 0x06, 0xFF, 0xFF, 0xFF, 0xF0,
  0x00, 0x00, 0x00, 0x00, 0x00, 0x00, 0x00, 0x00, 0x00, 0x00, 0x00, 0x00, 0x06, 0xFF, 0xFF, 0xFF,
  0xF0, 0x00, 0x00, 0x00, 0x00, 0x00, 0x00, 0x00, 0x00, 0x00, 0x00, 0x00, 0x00, 0x06, 0xFF, 0xFF,
  0xFF, 0xF0, 0x00, 0x00, 0x00, 0x00, 0x00, 0x00, 0x00, 0x00, 0x00, 0x00, 0x00, 0x00, 0x06, 0xFF,
  0xFF, 0xFF, 0xF0, 0x00, 0x00, 0x00, 0x00, 0x00, 0x00, 0x00, 0x00, 0x00, 0x00, 0x00, 0x00, 0x06,
  0xFF, 0xFF, 0xFF, 0xF0, 0x00, 0x00, 0x00, 0x00, 0x00, 0x00, 0x00, 0x00, 0x00, 0x00, 0x00, 0x00,
  0x06, 0xFF, 0xFF, 0xFF, 0xF0, 0x00, 0x00, 0x00, 0x00, 0x00, 0x00, 0x00, 0x00, 0x00, 0x00, 0x00,
  0x00, 0x06, 0xFF, 0xFF, 0xFF, 0xF0, 0x00, 0x00, 0x00, 0x00, 0x00, 0x00, 0x00, 0x00, 0x00, 0x00,
  0x00, 0x00, 0x06, 0xFF, 0xFF, 0xFF, 0xF0, 0x00, 0x00, 0x00, 0x00, 0x04, 0xFF, 0xFF, 0xFF, 0xFF,
  0xFF, 0xFF, 0xFF, 0xFF, 0xFF, 0xFF, 0xFF, 0xFF, 0xFE, 0x00, 0x00, 0x00, 0x04, 0xFF, 0xFF, 0xFF,
  0xFF, 0xFF, 0xFF, 0xFF, 0xFF, 0xFF, 0xFF, 0xFF, 0xFF, 0xFE, 0x00, 0x00, 0x00, 0x04, 0xFF, 0xFF,
  0xFF, 0xFF, 0xFF, 0xFF, 0xFF, 0xFF, 0xFF, 0xFF, 0xFF, 0xFF, 0xFE, 0x00, 0x00, 0x00, 0x04, 0xFF,
  0xFF, 0xFF, 0xFF, 0xFF, 0xFF, 0xFF, 0xFF, 0xFF, 0xFF, 0xFF, 0xFF, 0xFE, 0x00, 0x00, 0x00, 0x04,
  0xFF, 0xFF, 0xFF, 0xFF, 0xFF, 0xFF, 0xFF, 0xFF, 0xFF, 0xFF, 0xFF, 0xFF, 0xFE, 0x00, 0x00, 0x00,
  0x04, 0xFF, 0xFF, 0xFF, 0xFF, 0xFF, 0xFF, 0xFF, 0xFF, 0xFF, 0xFF, 0xFF, 0xFF, 0xFE, 0x00, 0x00,
  0x00, 0x04, 0xFF, 0xFF, 0xFF, 0xFC, 0xCC, 0xCC, 0xCC, 0xCC, 0xCC, 0xCC, 0xCC, 0xCC, 0xCB, 0x00,
  0x00, 0x00, 0x04, 0xFF, 0xFF, 0xFF, 0xF1, 0x00, 0x00, 0x00, 0x00, 0x00, 0x00, 0x00, 0x00, 0x00,
  0x00, 0x00, 0x00, 0x04, 0xFF, 0xFF, 0xFF, 0xF1, 0x00, 0x00, 0x00, 0x00, 0x00, 0x00, 0x00, 0x00,
  0x00, 0x00, 0x00, 0x00, 0x04, 0xFF, 0xFF, 0xFF, 0xF1, 0x00, 0x00, 0x00, 0x00, 0x00, 0x00, 0x00,
  0x00, 0x00, 0x00, 0x00, 0x00, 0x04, 0xFF, 0xFF, 0xFF, 0xF1, 0x00, 0x00, 0x00, 0x00, 0x00, 0x00,
  0x00, 0x00, 0x00, 0x00, 0x00, 0x00, 0x04, 0xFF, 0xFF, 0xFF, 0xF1, 0x00, 0x00, 0x00, 0x00, 0x00,
  0x00, 0x00, 0x00, 0x00, 0x00, 0x00, 0x00, 0x04, 0xFF, 0xFF, 0xFF, 0xF1, 0x00, 0x00, 0x00, 0x00,
  0x00, 0x00, 0x00, 0x00, 0x00, 0x00, 0x00, 0x00, 0x04, 0xFF, 0xFF, 0xFF, 0xF1, 0x00, 0x00, 0x16,
  0x9B, 0xCC, 0xB8, 0x40, 0x00, 0x00, 0x00, 0x00, 0x00, 0x04, 0xFF, 0xFF, 0xFF, 0xF1, 0x00, 0x19,
  0xFF, 0xFF, 0xFF, 0xFF, 0xFE, 0x71, 0x00, 0x00, 0x00, 0x00, 0x04, 0xFF, 0xFF, 0xFF, 0xF1, 0x03,
  0xDF, 0xFF, 0xFF, 0xFF, 0xFF, 0xFF, 0xFD, 0x30, 0x00, 0x00, 0x00, 0x04, 0xFF, 0xFF, 0xFF, 0xF1,
  0x1E, 0xFF, 0xFF, 0xFF, 0xFF, 0xFF, 0xFF, 0xFF, 0xE3, 0x00, 0x00, 0x00, 0x04, 0xFF, 0xFF, 0xFF,
  0xF1, 0xAF, 0xFF, 0xFF, 0xFF, 0xFF, 0xFF, 0xFF, 0xFF, 0xFD, 0x10, 0x00, 0x00, 0x04, 0xFF, 0xFF,
  0xFF, 0xFF, 0xFF, 0xFF, 0xFF, 0xFF, 0xFF, 0xFF, 0xFF, 0xFF, 0xFF, 0xA0, 0x00, 0x00, 0x04, 0xFF,
  0xFF, 0xFF, 0xFF, 0xFF, 0xFF, 0xFF, 0xFF, 0xFF, 0xFF, 0xFF, 0xFF, 0xFF, 0xF3, 0x00, 0x00, 0x04,
  0xFF, 0xFF, 0xFF, 0xFF, 0xFF, 0xFF, 0xE7, 0x20, 0x14, 0xBF, 0xFF, 0xFF, 0xFF, 0xF9, 0x00, 0x00,
  0x04, 0xFF, 0xFF, 0xFF, 0xFF, 0xFF, 0xFF, 0x20, 0x00, 0x00, 0x08, 0xFF, 0xFF, 0xFF, 0xFE, 0x00,
  0x00, 0x00, 0x00, 0x00, 0x00, 0x00, 0x00, 0x00, 0x00, 0x00, 0x00, 0x00, 0xBF, 0xFF, 0xFF, 0xFF,
  0x30, 0x00, 0x00, 0x00, 0x00, 0x00, 0x00, 0x00, 0x00, 0x00, 0x00, 0x00, 0x00, 0x4F, 0xFF, 0xFF,
  0xFF, 0x60, 0x00, 0x00, 0x00, 0x00, 0x00, 0x00, 0x00, 0x00, 0x00, 0x00, 0x00, 0x00, 0x1F, 0xFF,
  0xFF, 0xFF, 0x80, 0x00, 0x00, 0x00, 0x00, 0x00, 0x00, 0x00, 0x00, 0x00, 0x00, 0x00, 0x00, 0x0D,
  0xFF, 0xFF, 0xFF, 0x90, 0x00, 0x0E, 0xFF, 0xFF, 0xFF, 0x60, 0x00, 0x00, 0x00, 0x00, 0x00, 0x00,
  0x0C, 0xFF, 0xFF, 0xFF, 0x90, 0x00, 0x0E, 0xFF, 0xFF, 0xFF, 0x70, 0x00, 0x00, 0x00, 0x00, 0x00,
  0x00, 0x0D, 0xFF, 0xFF, 0xFF, 0x80, 0x00, 0x0E, 0xFF, 0xFF, 0xFF, 0x90, 0x00, 0x00, 0x00, 0x00,
  0x00, 0x00, 0x0E, 0xFF, 0xFF, 0xFF, 0x70, 0x00, 0x0C, 0xFF, 0xFF, 0xFF, 0xD0, 0x00, 0x00, 0x00,
  0x00, 0x00, 0x00, 0x3F, 0xFF, 0xFF, 0xFF, 0x40, 0x00, 0x0A, 0xFF, 0xFF, 0xFF, 0xF4, 0x00, 0x00,
  0x00, 0x00, 0x00, 0x00, 0xAF, 0xFF, 0xFF, 0xFF, 0x10, 0x00, 0x06, 0xFF, 0xFF, 0xFF, 0xFC, 0x00,
  0x00, 0x00, 0x00, 0x00, 0x04, 0xFF, 0xFF, 0xFF, 0xFB, 0x00, 0x00, 0x02, 0xFF, 0xFF, 0xFF, 0xFF,
  0xA0, 0x00, 0x00, 0x00, 0x00, 0x4E, 0xFF, 0xFF, 0xFF, 0xF6, 0x00, 0x00, 0x00, 0xAF, 0xFF, 0xFF,
  0xFF, 0xFD, 0x61, 0x00, 0x00, 0x4A, 0xFF, 0xFF, 0xFF, 0xFF, 0xD0, 0x00, 0x00, 0x00, 0x3F, 0xFF,
  0xFF, 0xFF, 0xFF, 0xFF, 0xDC, 0xDF, 0xFF, 0xFF, 0xFF, 0xFF, 0xFF, 0x50, 0x00, 0x00, 0x00, 0x08,
  0xFF, 0xFF, 0xFF, 0xFF, 0xFF, 0xFF, 0xFF, 0xFF, 0xFF, 0xFF, 0xFF, 0xFA, 0x00, 0x00, 0x00, 0x00,
  0x00, 0xBF, 0xFF, 0xFF, 0xFF, 0xFF, 0xFF, 0xFF, 0xFF, 0xFF, 0xFF, 0xFF, 0xC1, 0x00, 0x00, 0x00,
  0x00, 0x00, 0x1B, 0xFF, 0xFF, 0xFF, 0xFF, 0xFF, 0xFF, 0xFF, 0xFF, 0xFF, 0xFC, 0x10, 0x00, 0x00,
  0x00, 0x00, 0x00, 0x00, 0x7F, 0xFF, 0xFF, 0xFF, 0xFF, 0xFF, 0xFF, 0xFF, 0xFF, 0x80, 0x00, 0x00,
  0x00, 0x00, 0x00, 0x00, 0x00, 0x02, 0x9E, 0xFF, 0xFF, 0xFF, 0xFF, 0xFF, 0xFF, 0xA3, 0x00, 0x00,
  0x00, 0x00, 0x00, 0x00, 0x00, 0x00, 0x00, 0x01, 0x59, 0xBD, 0xEF, 0xFE, 0xC9, 0x61, 0x00, 0x00,
  0x00, 0x00, 0x00, 0x00, 0x00, 0x00, 0x00, 0x00, 0x00, 0x48, 0xBE, 0xFF, 0xEC, 0x95, 0x10, 0x00,
  0x00, 0x00, 0x00, 0x00, 0x00, 0x00, 0x00, 0x00, 0x00, 0x7D, 0xFF, 0xFF, 0xFF, 0xFF, 0xFF, 0xE9,
  0x20, 0x00, 0x00, 0x00, 0x00, 0x00, 0x00, 0x00, 0x00, 0x3D, 0xFF, 0xFF, 0xFF, 0xFF, 0xFF, 0xFF,
  0xFF, 0xE7, 0x00, 0x00, 0x00, 0x00, 0x00, 0x00, 0x00, 0x05, 0xFF, 0xFF, 0xFF, 0xFF, 0xFF, 0xFF,
  0xFF, 0xFF, 0xFF, 0xA0, 0x00, 0x00, 0x00, 0x00, 0x00, 0x00, 0x5F, 0xFF, 0xFF, 0xFF, 0xFF, 0xFF,
  0xFF, 0xFF, 0xFF, 0xFF, 0xF9, 0x00, 0x00, 0x00, 0x00, 0x00, 0x03, 0xFF, 0xFF, 0xFF, 0xFF, 0xFF,
  0xFF, 0xFF, 0xFF, 0xFF, 0xFF, 0xFF, 0x50, 0x00, 0x00, 0x00, 0x00, 0x0C, 0xFF, 0xFF, 0xFF, 0xFF,
  0xFF, 0xDD, 0xEF, 0xFF, 0xFF, 0xFF, 0xFF, 0xE1, 0x00, 0x00, 0x00, 0x00, 0x6F, 0xFF, 0xFF, 0xFF,
  0xFC, 0x50, 0x00, 0x03, 0xAF, 0xFF, 0xFF, 0xFF, 0xF7, 0x00, 0x00, 0x00, 0x00, 0xCF, 0xFF, 0xFF,
  0xFF, 0xA0, 0x00, 0x00, 0x00, 0x07, 0xFF, 0xFF, 0xFF, 0xFC, 0x00, 0x00, 0x00, 0x02, 0xFF, 0xFF,
  0xFF, 0xFC, 0x00, 0x00, 0x00, 0x00, 0x00, 0xBF, 0xFF, 0xFF, 0xFF, 0x10, 0x00, 0x00, 0x06, 0xFF,
  0xFF, 0xFF, 0xF4, 0x00, 0x00, 0x00, 0x00, 0x00, 0x5F, 0xFF, 0xFF, 0xFF, 0x40, 0x00, 0x00, 0x09,
  0xFF, 0xFF, 0xFF, 0xD0, 0x00, 0x00, 0x00, 0x00, 0x00, 0x1F, 0xFF, 0xFF, 0xFF, 0x50, 0x00, 0x00,
  0x0B, 0xFF, 0xFF, 0xFF, 0xA0, 0x00, 0x00, 0x00, 0x00, 0x00, 0x08, 0x88, 0x88, 0x88, 0x30, 0x00,
  0x00, 0x0C, 0xFF, 0xFF, 0xFF, 0x90, 0x00, 0x00, 0x00, 0x00, 0x00, 0x00, 0x00, 0x00, 0x00, 0x00,
  0x00, 0x00, 0x0C, 0xFF, 0xFF, 0xFF, 0x90, 0x00, 0x00, 0x00, 0x00, 0x00, 0x00, 0x00, 0x00, 0x00,
  0x00, 0x00, 0x00, 0x0C, 0xFF, 0xFF, 0xFF, 0x90, 0x00, 0x01, 0x69, 0xBC, 0xBA, 0x72, 0x00, 0x00,
  0x00, 0x00, 0x00, 0x00, 0x0C, 0xFF, 0xFF, 0xFF, 0x90, 0x01, 0x8E, 0xFF, 0xFF, 0xFF, 0xFF, 0xB3,
  0x00, 0x00, 0x00, 0x00, 0x00, 0x0C, 0xFF, 0xFF, 0xFF, 0x90, 0x2C, 0xFF, 0xFF, 0xFF, 0xFF, 0xFF,
  0xFF, 0x80, 0x00, 0x00, 0x00, 0x00, 0x0C, 0xFF, 0xFF, 0xFF, 0x90, 0xCF, 0xFF, 0xFF, 0xFF, 0xFF,
  0xFF, 0xFF, 0xFA, 0x00, 0x00, 0x00, 0x00, 0x0C, 0xFF, 0xFF, 0xFF, 0xDB, 0xFF, 0xFF, 0xFF, 0xFF,
  0xFF, 0xFF, 0xFF, 0xFF, 0x80, 0x00, 0x00, 0x00, 0x0C, 0xFF, 0xFF, 0xFF, 0xFF, 0xFF, 0xFF, 0xFF,
  0xFF, 0xFF, 0xFF, 0xFF, 0xFF, 0xF3, 0x00, 0x00, 0x00, 0x0C, 0xFF, 0xFF, 0xFF, 0xFF, 0xFF, 0xFF,
  0xFF, 0xFF, 0xFF, 0xFF, 0xFF, 0xFF, 0xFB, 0x00, 0x00, 0x00, 0x0C, 0xFF, 0xFF, 0xFF, 0xFF, 0xFE,
  0x73, 0x10, 0x26, 0xCF, 0xFF, 0xFF, 0xFF, 0xFF, 0x30, 0x00, 0x00, 0x0C, 0xFF, 0xFF, 0xFF, 0xFF,
  0xB1, 0x00, 0x00, 0x00, 0x08, 0xFF, 0xFF, 0xFF, 0xFF, 0x80, 0x00, 0x00, 0x0C, 0xFF, 0xFF, 0xFF,
  0xFC, 0x10, 0x00, 0x00, 0x00, 0x00, 0x9F, 0xFF, 0xFF, 0xFF, 0xB0, 0x00, 0x00, 0x0C, 0xFF, 0xFF,
  0xFF, 0xF4, 0x00, 0x00, 0x00, 0x00, 0x00, 0x1E, 0xFF, 0xFF, 0xFF, 0xE0, 0x00, 0x00, 0x0C, 0xFF,
  0xFF, 0xFF, 0xD0, 0x00, 0x00, 0x00, 0x00, 0x00, 0x09, 0xFF, 0xFF, 0xFF, 0xF0, 0x00, 0x00, 0x0C,
  0xFF, 0xFF, 0xFF, 0xA0, 0x00, 0x00, 0x00, 0x00, 0x00, 0x06, 0xFF, 0xFF, 0xFF, 0xF1, 0x00, 0x00,
  0x0C, 0xFF, 0xFF, 0xFF, 0x90, 0x00, 0x00, 0x00, 0x00, 0x00, 0x05, 0xFF, 0xFF, 0xFF, 0xF1, 0x00,
  0x00, 0x0B, 0xFF, 0xFF, 0xFF, 0xA0, 0x00, 0x00, 0x00, 0x00, 0x00, 0x06, 0xFF, 0xFF, 0xFF, 0xF0,
  0x00, 0x00, 0x0A, 0xFF, 0xFF, 0xFF, 0xC0, 0x00, 0x00, 0x00, 0x00, 0x00, 0x08, 0xFF, 0xFF, 0xFF,
  0xE0, 0x00, 0x00, 0x08, 0xFF, 0xFF, 0xFF, 0xF2, 0x00, 0x00, 0x00, 0x00, 0x00, 0x0D, 0xFF, 0xFF,
  0xFF, 0xB0, 0x00, 0x00, 0x04, 0xFF, 0xFF, 0xFF, 0xFB, 0x00, 0x00, 0x00, 0x00, 0x00, 0x7F, 0xFF,
  0xFF, 0xFF, 0x80, 0x00, 0x00, 0x00, 0xEF, 0xFF, 0xFF, 0xFF, 0x90, 0x00, 0x00, 0x00, 0x05, 0xFF,
  0xFF, 0xFF, 0xFF, 0x30, 0x00, 0x00, 0x00, 0x8F, 0xFF, 0xFF, 0xFF, 0xFC, 0x50, 0x00, 0x03, 0xAF,
  0xFF, 0xFF, 0xFF, 0xFC, 0x00, 0x00, 0x00, 0x00, 0x1E, 0xFF, 0xFF, 0xFF, 0xFF, 0xFF, 0xDD, 0xEF,
  0xFF, 0xFF, 0xFF, 0xFF, 0xF5, 0x00, 0x00, 0x00, 0x00, 0x04, 0xFF, 0xFF, 0xFF, 0xFF, 0xFF, 0xFF,
  0xFF, 0xFF, 0xFF, 0xFF, 0xFF, 0xA0, 0x00, 0x00, 0x00, 0x00, 0x00, 0x7F, 0xFF, 0xFF, 0xFF, 0xFF,
  0xFF, 0xFF, 0xFF, 0xFF, 0xFF, 0xFC, 0x10, 0x00, 0x00, 0x00, 0x00, 0x00, 0x07, 0xFF, 0xFF, 0xFF,
  0xFF, 0xFF, 0xFF, 0xFF, 0xFF, 0xFF, 0xC2, 0x00, 0x00, 0x00, 0x00, 0x00, 0x00, 0x00, 0x4D, 0xFF,
  0xFF, 0xFF, 0xFF, 0xFF, 0xFF, 0xFF, 0xF9, 0x10, 0x00, 0x00, 0x00, 0x00, 0x00, 0x00, 0x00, 0x01,
  0x7E, 0xFF, 0xFF, 0xFF, 0xFF, 0xFF, 0xFB, 0x40, 0x00, 0x00, 0x00, 0x00, 0x00, 0x00, 0x00, 0x00,
  0x00, 0x00, 0x49, 0xBE, 0xFF, 0xED, 0xA7, 0x20, 0x00, 0x00, 0x00, 0x00, 0x00, 0x00, 0x0A, 0xFF,
  0xFF, 0xFF, 0xFF, 0xFF, 0xFF, 0xFF, 0xFF, 0xFF, 0xFF, 0xFF, 0xFF, 0xFF, 0xE0, 0x00, 0x00, 0x0A,
  0xFF, 0xFF, 0xFF, 0xFF, 0xFF, 0xFF, 0xFF, 0xFF, 0xFF, 0xFF, 0xFF, 0xFF, 0xFF, 0xE0, 0x00, 0x00,
  0x0A, 0xFF, 0xFF, 0xFF, 0xFF, 0xFF, 0xFF, 0xFF, 0xFF, 0xFF, 0xFF, 0xFF, 0xFF, 0xFF, 0xE0, 0x00,
  0x00, 0x0A, 0xFF, 0xFF, 0xFF, 0xFF, 0xFF, 0xFF, 0xFF, 0xFF, 0xFF, 0xFF, 0xFF, 0xFF, 0xFF, 0xE0,
  0x00, 0x00, 0x0A, 0xFF, 0xFF, 0xFF, 0xFF, 0xFF, 0xFF, 0xFF, 0xFF, 0xFF, 0xFF, 0xFF, 0xFF, 0xFF,
  0xE0, 0x00, 0x00, 0x0A, 0xFF, 0xFF, 0xFF, 0xFF, 0xFF, 0xFF, 0xFF, 0xFF, 0xFF, 0xFF, 0xFF, 0xFF,
  0xFF, 0xE0, 0x00, 0x00, 0x08, 0xCC, 0xCC, 0xCC, 0xCC, 0xCC, 0xCC, 0xCC, 0xCC, 0xCC, 0xCC, 0xFF,
  0xFF, 0xFF, 0xE0, 0x00, 0x00, 0x00, 0x00, 0x00, 0x00, 0x00, 0x00, 0x00, 0x00, 0x00, 0x00, 0x00,
  0xCF, 0xFF, 0xFF, 0xE0, 0x00, 0x00, 0x00, 0x00, 0x00, 0x00, 0x00, 0x00, 0x00, 0x00, 0x00, 0x00,
  0x03, 0xFF, 0xFF, 0xFF, 0xE0, 0x00, 0x00, 0x00, 0x00, 0x00, 0x00, 0x00, 0x00, 0x00, 0x00, 0x00,
  0x00, 0x0D, 0xFF, 0xFF, 0xFF, 0xE0, 0x00, 0x00, 0x00, 0x00, 0x00, 0x00, 0x00, 0x00, 0x00, 0x00,
  0x00, 0x00, 0x8F, 0xFF, 0xFF, 0xFF, 0xE0, 0x00, 0x00, 0x00, 0x00, 0x00, 0x00, 0x00, 0x00, 0x00,
  0x00, 0x00, 0x03, 0xFF, 0xFF, 0xFF, 0xFF, 0xC0, 0x00, 0x00, 0x00, 0x00, 0x00, 0x00, 0x00, 0x00,
  0x00, 0x00, 0x00, 0x0D, 0xFF, 0xFF, 0xFF, 0xFF, 0x40, 0x00, 0x00, 0x00, 0x00, 0x00, 0x00, 0x00,
  0x00, 0x00, 0x00, 0x00, 0x8F, 0xFF, 0xFF, 0xFF, 0xF9, 0x00, 0x00, 0x00, 0x00, 0x00, 0x00, 0x00,
  0x00, 0x00, 0x00, 0x00, 0x03, 0xFF, 0xFF, 0xFF, 0xFF, 0xD1, 0x00, 0x00, 0x00, 0x00, 0x00, 0x00,
  0x00, 0x00, 0x00, 0x00, 0x00, 0x0C, 0xFF, 0xFF, 0xFF, 0xFF, 0x40, 0x00, 0x00, 0x00, 0x00, 0x00,
  0x00, 0x00, 0x00, 0x00, 0x00, 0x00, 0x8F, 0xFF, 0xFF, 0xFF, 0xF9, 0x00, 0x00, 0x00, 0x00, 0x00,
  0x00, 0x00, 0x00, 0x00, 0x00, 0x00, 0x03, 0xFF, 0xFF, 0xFF, 0xFF, 0xD1, 0x00, 0x00, 0x00, 0x00,
  0x00, 0x00, 0x00, 0x00, 0x00, 0x00, 0x00, 0x0C, 0xFF, 0xFF, 0xFF, 0xFF, 0x40, 0x00, 0x00, 0x00,
  0x00, 0x00, 0x00, 0x00, 0x00, 0x00, 0x00, 0x00, 0x8F, 0xFF, 0xFF, 0xFF, 0xF9, 0x00, 0x00, 0x00,
  0x00, 0x00, 0x00, 0x00, 0x00, 0x00, 0x00, 0x00, 0x03, 0xFF, 0xFF, 0xFF, 0xFF, 0xD1, 0x00, 0x00,
  0x00, 0x00, 0x00, 0x00, 0x00, 0x00, 0x00, 0x00, 0x00, 0x0C, 0xFF, 0xFF, 0xFF, 0xFF, 0x40, 0x00,
  0x00, 0x00, 0x00, 0x00, 0x00, 0x00, 0x00, 0x00, 0x00, 0x00, 0x7F, 0xFF, 0xFF, 0xFF, 0xF9, 0x00,
  0x00, 0x00, 0x00, 0x00, 0x00, 0x00, 0x00, 0x00, 0x00, 0x00, 0x03, 0xFF, 0xFF, 0xFF, 0xFF, 0xD1,
  0x00, 0x00, 0x00, 0x00, 0x00, 0x00, 0x00, 0x00, 0x00, 0x00, 0x00, 0x0C, 0xFF, 0xFF, 0xFF, 0xFF,
  0x40, 0x00, 0x00, 0x00, 0x00, 0x00, 0x00, 0x00, 0x00, 0x00, 0x00, 0x00, 0x7F, 0xFF, 0xFF, 0xFF,
  0xF9, 0x00, 0x00, 0x00, 0x00, 0x00, 0x00, 0x00, 0x00, 0x00, 0x00, 0x00, 0x02, 0xFF, 0xFF, 0xFF,
  0xFF, 0xD1, 0x00, 0x00, 0x00, 0x00, 0x00, 0x00, 0x00, 0x00, 0x00, 0x00, 0x00, 0x0C, 0xFF, 0xFF,
  0xFF, 0xFF, 0x40, 0x00, 0x00, 0x00, 0x00, 0x00, 0x00, 0x00, 0x00, 0x00, 0x00, 0x00, 0x7F, 0xFF,
  0xFF, 0xFF, 0xF9, 0x00, 0x00, 0x00, 0x00, 0x00, 0x00, 0x00, 0x00, 0x00, 0x00, 0x00, 0x02, 0xFF,
  0xFF, 0xFF, 0xFF, 0xE1, 0x00, 0x00, 0x00, 0x00, 0x00, 0x00, 0x00, 0x00, 0x00, 0x00, 0x00, 0x0B,
  0xFF, 0xFF, 0xFF, 0xFF, 0x50, 0x00, 0x00, 0x00, 0x00, 0x00, 0x00, 0x00, 0x00, 0x00, 0x00, 0x00,
  0x6F, 0xFF, 0xFF, 0xFF, 0xFA, 0x00, 0x00, 0x00, 0x00, 0x00, 0x00, 0x00, 0x00, 0x00, 0x00, 0x00,
  0x01, 0xEF, 0xFF, 0xFF, 0xFF, 0xE1, 0x00, 0x00, 0x00, 0x00, 0x00, 0x00, 0x00, 0x00, 0x00, 0x00,
  0x00, 0x08, 0xFF, 0xFF, 0xFF, 0xFF, 0x50, 0x00, 0x00, 0x00, 0x00, 0x00, 0x00, 0x00, 0x00, 0x00,
  0x00, 0x00, 0x0E, 0xFF, 0xFF, 0xFF, 0xFB, 0x00, 0x00, 0x00, 0x00, 0x00, 0x00, 0x00, 0x00, 0x00,
  0x00, 0x00, 0x00, 0x4F, 0xFF, 0xFF, 0xFF, 0xF3, 0x00, 0x00, 0x00, 0x00, 0x00, 0x00, 0x00, 0x00,
  0x00, 0x00, 0x00, 0x00, 0x7F, 0xFF, 0xFF, 0xFF, 0xB0, 0x00, 0x00, 0x00, 0x00, 0x00, 0x00, 0x00,
  0x00, 0x00, 0x00, 0x00, 0x00, 0x9F, 0xFF, 0xFF, 0xFF, 0x70, 0x00, 0x00, 0x00, 0x00, 0x00, 0x00,
  0x00, 0x00, 0x00, 0x00, 0x00, 0x00, 0x9F, 0xFF, 0xFF, 0xFF, 0x50, 0x00, 0x00, 0x00, 0x00, 0x00,
  0x00, 0x00, 0x00, 0x00, 0x00, 0x00, 0x00, 0x9F, 0xFF, 0xFF, 0xFF, 0x50, 0x00, 0x00, 0x00, 0x00,
  0x00, 0x00, 0x00, 0x00, 0x00, 0x00, 0x00, 0x00, 0x00, 0x00, 0x01, 0x59, 0xCE, 0xFF, 0xEC, 0xA6,
  0x20, 0x00, 0x00, 0x00, 0x00, 0x00, 0x00, 0x00, 0x00, 0x00, 0x02, 0xAF, 0xFF, 0xFF, 0xFF, 0xFF,
  0xFF, 0xFB, 0x40, 0x00, 0x00, 0x00, 0x00, 0x00, 0x00, 0x00, 0x00, 0x8F, 0xFF, 0xFF, 0xFF, 0xFF,
  0xFF, 0xFF, 0xFF, 0xFB, 0x20, 0x00, 0x00, 0x00, 0x00, 0x00, 0x00, 0x1C, 0xFF, 0xFF, 0xFF, 0xFF,
  0xFF, 0xFF, 0xFF, 0xFF, 0xFF, 0xE3, 0x00, 0x00, 0x00, 0x00, 0x00, 0x01, 0xCF, 0xFF, 0xFF, 0xFF,
  0xFF, 0xFF, 0xFF, 0xFF, 0xFF, 0xFF, 0xFE, 0x30, 0x00, 0x00, 0x00, 0x00, 0x09, 0xFF, 0xFF, 0xFF,
  0xFF, 0xFF, 0xFF, 0xFF, 0xFF, 0xFF, 0xFF, 0xFF, 0xD0, 0x00, 0x00, 0x00, 0x00, 0x3F, 0xFF, 0xFF,
  0xFF, 0xFF, 0xFF, 0xDD, 0xEF, 0xFF, 0xFF, 0xFF, 0xFF, 0xF7, 0x00, 0x00, 0x00, 0x00, 0x9F, 0xFF,
  0xFF, 0xFF, 0xFD, 0x51, 0x00, 0x03, 0xBF, 0xFF, 0xFF, 0xFF, 0xFD, 0x00, 0x00, 0x00, 0x00, 0xDF,
  0xFF, 0xFF, 0xFF, 0xB1, 0x00, 0x00, 0x00, 0x07, 0xFF, 0xFF, 0xFF, 0xFF, 0x20, 0x00, 0x00, 0x01,
  0xFF, 0xFF, 0xFF, 0xFD, 0x10, 0x00, 0x00, 0x00, 0x00, 0xAF, 0xFF, 0xFF, 0xFF, 0x50, 0x00, 0x00,
  0x02, 0xFF, 0xFF, 0xFF, 0xF7, 0x00, 0x00, 0x00, 0x00, 0x00, 0x3F, 0xFF, 0xFF, 0xFF, 0x60, 0x00,
  0x00, 0x02, 0xFF, 0xFF, 0xFF, 0xF4, 0x00, 0x00, 0x00, 0x00, 0x00, 0x1F, 0xFF, 0xFF, 0xFF, 0x60,
  0x00, 0x00, 0x01, 0xFF, 0xFF, 0xFF, 0xF4, 0x00, 0x00, 0x00, 0x00, 0x00, 0x1F, 0xFF, 0xFF, 0xFF,
  0x50, 0x00, 0x00, 0x00, 0xEF, 0xFF, 0xFF, 0xF7, 0x00, 0x00, 0x00, 0x00, 0x00, 0x3F, 0xFF, 0xFF,
  0xFF, 0x20, 0x00, 0x00, 0x00, 0xAF, 0xFF, 0xFF, 0xFD, 0x10, 0x00, 0x00, 0x00, 0x00, 0xAF, 0xFF,
  0xFF, 0xFE, 0x00, 0x00, 0x00, 0x00, 0x4F, 0xFF, 0xFF, 0xFF, 0xB0, 0x00, 0x00, 0x00, 0x07, 0xFF,
  0xFF, 0xFF, 0xF8, 0x00, 0x00, 0x00, 0x00, 0x0B, 0xFF, 0xFF, 0xFF, 0xFD, 0x51, 0x00, 0x03, 0xBF,
  0xFF, 0xFF, 0xFF, 0xE1, 0x00, 0x00, 0x00, 0x00, 0x01, 0xDF, 0xFF, 0xFF, 0xFF, 0xFF, 0xDD, 0xEF,
  0xFF, 0xFF, 0xFF, 0xFF, 0x40, 0x00, 0x00, 0x00, 0x00, 0x00, 0x2C, 0xFF, 0xFF, 0xFF, 0xFF, 0xFF,
  0xFF, 0xFF, 0xFF, 0xFF, 0xE4, 0x00, 0x00, 0x00, 0x00, 0x00, 0x00, 0x00, 0x8E, 0xFF, 0xFF, 0xFF,
  0xFF, 0xFF, 0xFF, 0xFF, 0xFA, 0x20, 0x00, 0x00, 0x00, 0x00, 0x00, 0x00, 0x00, 0x03, 0xFF, 0xFF,
  0xFF, 0xFF, 0xFF, 0xFF, 0xFF, 0x70, 0x00, 0x00, 0x00, 0x00, 0x00, 0x00, 0x00, 0x00, 0x6C, 0xFF,
  0xFF, 0xFF, 0xFF, 0xFF, 0xFF, 0xFF, 0xD7, 0x10, 0x00, 0x00, 0x00, 0x00, 0x00, 0x00, 0x4D, 0xFF,
  0xFF, 0xFF, 0xFF, 0xFF, 0xFF, 0xFF, 0xFF, 0xFF, 0xE6, 0x00, 0x00, 0x00, 0x00, 0x00, 0x05, 0xFF,
  0xFF, 0xFF, 0xFF, 0xFF, 0xFF, 0xFF, 0xFF, 0xFF, 0xFF, 0xFF, 0x90, 0x00, 0x00, 0x00, 0x00, 0x4F,
  0xFF, 0xFF, 0xFF, 0xFB, 0x52, 0x10, 0x14, 0x9E, 0xFF, 0xFF, 0xFF, 0xF8, 0x00, 0x00, 0x00, 0x01,
  0xDF, 0xFF, 0xFF, 0xFE, 0x40, 0x00, 0x00, 0x00, 0x02, 0xCF, 0xFF, 0xFF, 0xFF, 0x30, 0x00, 0x00,
  0x06, 0xFF, 0xFF, 0xFF, 0xF4, 0x00, 0x00, 0x00, 0x00, 0x00, 0x1D, 0xFF, 0xFF, 0xFF, 0xB0, 0x00,
  0x00, 0x0B, 0xFF, 0xFF, 0xFF, 0xA0, 0x00, 0x00, 0x00, 0x00, 0x00, 0x06, 0xFF, 0xFF, 0xFF, 0xF1,
  0x00, 0x00, 0x0E, 0xFF, 0xFF, 0xFF, 0x60, 0x00, 0x00, 0x00, 0x00, 0x00, 0x01, 0xFF, 0xFF, 0xFF,
  0xF4, 0x00, 0x00, 0x1F, 0xFF, 0xFF, 0xFF, 0x40, 0x00, 0x00, 0x00, 0x00, 0x00, 0x00, 0xFF, 0xFF,
  0xFF, 0xF6, 0x00, 0x00, 0x2F, 0xFF, 0xFF, 0xFF, 0x50, 0x00, 0x00, 0x00, 0x00, 0x00, 0x01, 0xFF,
  0xFF, 0xFF, 0xF6, 0x00, 0x00, 0x2F, 0xFF, 0xFF, 0xFF, 0x90, 0x00, 0x00, 0x00, 0x00, 0x00, 0x05,
  0xFF, 0xFF, 0xFF, 0xF6, 0x00, 0x00, 0x0F, 0xFF, 0xFF, 0xFF, 0xF3, 0x00, 0x00, 0x00, 0x00, 0x00,
  0x0C, 0xFF, 0xFF, 0xFF, 0xF4, 0x00, 0x00, 0x0C, 0xFF, 0xFF, 0xFF, 0xFD, 0x20, 0x00, 0x00, 0x00,
  0x01, 0xAF, 0xFF, 0xFF, 0xFF, 0xF1, 0x00, 0x00, 0x08, 0xFF, 0xFF, 0xFF, 0xFF, 0xE8, 0x20, 0x00,
  0x01, 0x6D, 0xFF, 0xFF, 0xFF, 0xFF, 0xC0, 0x00, 0x00, 0x02, 0xFF, 0xFF, 0xFF, 0xFF, 0xFF, 0xFE,
  0xDD, 0xEF, 0xFF, 0xFF, 0xFF, 0xFF, 0xFF, 0x50, 0x00, 0x00, 0x00, 0x7F, 0xFF, 0xFF, 0xFF, 0xFF,
  0xFF, 0xFF, 0xFF, 0xFF, 0xFF, 0xFF, 0xFF, 0xFB, 0x00, 0x00, 0x00, 0x00, 0x0B, 0xFF, 0xFF, 0xFF,
  0xFF, 0xFF, 0xFF, 0xFF, 0xFF, 0xFF, 0xFF, 0xFF, 0xD1, 0x00, 0x00, 0x00, 0x00, 0x01, 0xAF, 0xFF,
  0xFF, 0xFF, 0xFF, 0xFF, 0xFF, 0xFF, 0xFF, 0xFF, 0xFD, 0x20, 0x00, 0x00, 0x00, 0x00, 0x00, 0x07,
  0xEF, 0xFF, 0xFF, 0xFF, 0xFF, 0xFF, 0xFF, 0xFF, 0xFF, 0x91, 0x00, 0x00, 0x00, 0x00, 0x00, 0x00,
  0x00, 0x18, 0xEF, 0xFF, 0xFF, 0xFF, 0xFF, 0xFF, 0xFF, 0xA3, 0x00, 0x00, 0x00, 0x00, 0x00, 0x00,
  0x00, 0x00, 0x00, 0x04, 0x8B, 0xDE, 0xFF, 0xED, 0xB9, 0x51, 0x00, 0x00, 0x00, 0x00, 0x00, 0x00,
  0x00, 0x00, 0x00, 0x00, 0x01, 0x59, 0xBE, 0xEF, 0xED, 0xA6, 0x20, 0x00, 0x00, 0x00, 0x00, 0x00,
  0x00, 0x00, 0x00, 0x00, 0x01, 0x8E, 0xFF, 0xFF, 0xFF, 0xFF, 0xFF, 0xFA, 0x30, 0x00, 0x00, 0x00,
  0x00, 0x00, 0x00, 0x00, 0x00, 0x5E, 0xFF, 0xFF, 0xFF, 0xFF, 0xFF, 0xFF, 0xFF, 0xF9, 0x00, 0x00,
  0x00, 0x00, 0x00, 0x00, 0x00, 0x07, 0xFF, 0xFF, 0xFF, 0xFF, 0xFF, 0xFF, 0xFF, 0xFF, 0xFF, 0xC1,
  0x00, 0x00, 0x00, 0x00, 0x00, 0x00, 0x7F, 0xFF, 0xFF, 0xFF, 0xFF, 0xFF, 0xFF, 0xFF, 0xFF, 0xFF,
  0xFC, 0x10, 0x00, 0x00, 0x00, 0x00, 0x04, 0xFF, 0xFF, 0xFF, 0xFF, 0xFF, 0xFF, 0xFF, 0xFF, 0xFF,
  0xFF, 0xFF, 0xA0, 0x00, 0x00, 0x00, 0x00, 0x1D, 0xFF, 0xFF, 0xFF, 0xFF, 0xFF, 0xDD, 0xEF, 0xFF,
  0xFF, 0xFF, 0xFF, 0xF5, 0x00, 0x00, 0x00, 0x00, 0x7F, 0xFF, 0xFF, 0xFF, 0xFD, 0x51, 0x00, 0x04,
  0xBF, 0xFF, 0xFF, 0xFF, 0xFC, 0x00, 0x00, 0x00, 0x00, 0xDF, 0xFF, 0xFF, 0xFF, 0xA1, 0x00, 0x00,
  0x00, 0x07, 0xFF, 0xFF, 0xFF, 0xFF, 0x40, 0x00, 0x00, 0x03, 0xFF, 0xFF, 0xFF, 0xFC, 0x00, 0x00,
  0x00, 0x00, 0x00, 0x9F, 0xFF, 0xFF, 0xFF, 0x90, 0x00, 0x00, 0x07, 0xFF, 0xFF, 0xFF, 0xF4, 0x00,
  0x00, 0x00, 0x00, 0x00, 0x1E, 0xFF, 0xFF, 0xFF, 0xC0, 0x00, 0x00, 0x0A, 0xFF, 0xFF, 0xFF, 0xE0,
  0x00, 0x00, 0x00, 0x00, 0x00, 0x0A, 0xFF, 0xFF, 0xFF, 0xE0, 0x00, 0x00, 0x0B, 0xFF, 0xFF, 0xFF,
  0xA0, 0x00, 0x00, 0x00, 0x00, 0x00, 0x06, 0xFF, 0xFF, 0xFF, 0xF0, 0x00, 0x00, 0x0C, 0xFF, 0xFF,
  0xFF, 0x90, 0x00, 0x00, 0x00, 0x00, 0x00, 0x05, 0xFF, 0xFF, 0xFF, 0xF1, 0x00, 0x00, 0x0C, 0xFF,
  0xFF, 0xFF, 0x90, 0x00, 0x00, 0x00, 0x00, 0x00, 0x05, 0xFF, 0xFF, 0xFF, 0xF1, 0x00, 0x00, 0x0B,
  0xFF, 0xFF, 0xFF, 0xB0, 0x00, 0x00, 0x00, 0x00, 0x00, 0x07, 0xFF, 0xFF, 0xFF, 0xF1, 0x00, 0x00,
  0x0A, 0xFF, 0xFF, 0xFF, 0xE0, 0x00, 0x00, 0x00, 0x00, 0x00, 0x0B, 0xFF, 0xFF, 0xFF, 0xF1, 0x00,
  0x00, 0x08, 0xFF, 0xFF, 0xFF, 0xF5, 0x00, 0x00, 0x00, 0x00, 0x00, 0x2F, 0xFF, 0xFF, 0xFF, 0xF1,
  0x00, 0x00, 0x05, 0xFF, 0xFF, 0xFF, 0xFD, 0x10, 0x00, 0x00, 0x00, 0x00, 0xBF, 0xFF, 0xFF, 0xFF,
  0xF1, 0x00, 0x00, 0x01, 0xFF, 0xFF, 0xFF, 0xFF, 0xC2, 0x00, 0x00, 0x00, 0x0A, 0xFF, 0xFF, 0xFF,
  0xFF, 0xF1, 0x00, 0x00, 0x00, 0xAF, 0xFF, 0xFF, 0xFF, 0xFE, 0x83, 0x10, 0x26, 0xDF, 0xFF, 0xFF,
  0xFF, 0xFF, 0xF1, 0x00, 0x00, 0x00, 0x3F, 0xFF, 0xFF, 0xFF, 0xFF, 0xFF, 0xFF, 0xFF, 0xFF, 0xFF,
  0xFF, 0xFF, 0xFF, 0xF1, 0x00, 0x00, 0x00, 0x0A, 0xFF, 0xFF, 0xFF, 0xFF, 0xFF, 0xFF, 0xFF, 0xFF,
  0xFF, 0xFF, 0xFF, 0xFF, 0xF1, 0x00, 0x00, 0x00, 0x01, 0xDF, 0xFF, 0xFF, 0xFF, 0xFF, 0xFF, 0xFF,
  0xFF, 0xCB, 0xFF, 0xFF, 0xFF, 0xF1, 0x00, 0x00, 0x00, 0x00, 0x2D, 0xFF, 0xFF, 0xFF, 0xFF, 0xFF,
  0xFF, 0xFF, 0x25, 0xFF, 0xFF, 0xFF, 0xF1, 0x00, 0x00, 0x00, 0x00, 0x02, 0xCF, 0xFF, 0xFF, 0xFF,
  0xFF, 0xFF, 0xF6, 0x05, 0xFF, 0xFF, 0xFF, 0xF1, 0x00, 0x00, 0x00, 0x00, 0x00, 0x06, 0xEF, 0xFF,
  0xFF, 0xFF, 0xFE, 0x40, 0x05, 0xFF, 0xFF, 0xFF, 0xF1, 0x00, 0x00, 0x00, 0x00, 0x00, 0x00, 0x04,
  0x8B, 0xCC, 0xB9, 0x51, 0x00, 0x05, 0xFF, 0xFF, 0xFF, 0xF1, 0x00, 0x00, 0x00, 0x00, 0x00, 0x00,
  0x00, 0x00, 0x00, 0x00, 0x00, 0x00, 0x05, 0xFF, 0xFF, 0xFF, 0xF1, 0x00, 0x00, 0x00, 0x00, 0x00,
  0x00, 0x00, 0x00, 0x00, 0x00, 0x00, 0x00, 0x06, 0xFF, 0xFF, 0xFF, 0xF0, 0x00, 0x00, 0x01, 0xCC,
  0xCC, 0xCC, 0xC4, 0x00, 0x00, 0x00, 0x00, 0x00, 0x08, 0xFF, 0xFF, 0xFF, 0xD0, 0x00, 0x00, 0x01,
  0xFF, 0xFF, 0xFF, 0xF7, 0x00, 0x00, 0x00, 0x00, 0x00, 0x0D, 0xFF, 0xFF, 0xFF, 0xB0, 0x00, 0x00,
  0x00, 0xEF, 0xFF, 0xFF, 0xFD, 0x00, 0x00, 0x00, 0x00, 0x00, 0x6F, 0xFF, 0xFF, 0xFF, 0x70, 0x00,
  0x00, 0x00, 0xBF, 0xFF, 0xFF, 0xFF, 0x80, 0x00, 0x00, 0x00, 0x04, 0xEF, 0xFF, 0xFF, 0xFF, 0x30,
  0x00, 0x00, 0x00, 0x5F, 0xFF, 0xFF, 0xFF, 0xFA, 0x30, 0x00, 0x03, 0x9F, 0xFF, 0xFF, 0xFF, 0xFB,
  0x00, 0x00, 0x00, 0x00, 0x0D, 0xFF, 0xFF, 0xFF, 0xFF, 0xFE, 0xDD, 0xEF, 0xFF, 0xFF, 0xFF, 0xFF,
  0xF4, 0x00, 0x00, 0x00, 0x00, 0x05, 0xFF, 0xFF, 0xFF, 0xFF, 0xFF, 0xFF, 0xFF, 0xFF, 0xFF, 0xFF,
  0xFF, 0x90, 0x00, 0x00, 0x00, 0x00, 0x00, 0x8F, 0xFF, 0xFF, 0xFF, 0xFF, 0xFF, 0xFF, 0xFF, 0xFF,
  0xFF, 0xFC, 0x10, 0x00, 0x00, 0x00, 0x00, 0x00, 0x09, 0xFF, 0xFF, 0xFF, 0xFF, 0xFF, 0xFF, 0xFF,
  0xFF, 0xFF, 0xC1, 0x00, 0x00, 0x00, 0x00, 0x00, 0x00, 0x00, 0x6E, 0xFF, 0xFF, 0xFF, 0xFF, 0xFF,
  0xFF, 0xFF, 0xF9, 0x00, 0x00, 0x00, 0x00, 0x00, 0x00, 0x00, 0x00, 0x01, 0x8E, 0xFF, 0xFF, 0xFF,
  0xFF, 0xFF, 0xFB, 0x30, 0x00, 0x00, 0x00, 0x00, 0x00, 0x00, 0x00, 0x00, 0x00, 0x01, 0x59, 0xBE,
  0xEF, 0xED, 0xA7, 0x20, 0x00, 0x00, 0x00, 0x00, 0x00, 0x00, 0x00, 0x00, 0x00, 0x00, 0x00, 0x00,
  0x4B, 0xEE, 0xC6, 0x00, 0x00, 0x00, 0x00, 0x00, 0x00, 0x00, 0x00, 0x00, 0x00, 0x00, 0x00, 0x00,
  0x07, 0xFF, 0xFF, 0xFF, 0xB0, 0x00, 0x00, 0x00, 0x00, 0x00, 0x00, 0x00, 0x00, 0x00, 0x00, 0x00,
  0x00, 0x5F, 0xFF, 0xFF, 0xFF, 0xF9, 0x00, 0x00, 0x00, 0x00, 0x00, 0x00, 0x00, 0x00, 0x00, 0x00,
  0x00, 0x00, 0xCF, 0xFF, 0xFF, 0xFF, 0xFF, 0x10, 0x00, 0x00, 0x00, 0x00, 0x00, 0x00, 0x00, 0x00,
  0x00, 0x00, 0x01, 0xFF, 0xFF, 0xFF, 0xFF, 0xFF, 0x50, 0x00, 0x00, 0x00, 0x00, 0x00, 0x00, 0x00,
  0x00, 0x00, 0x00, 0x02, 0xFF, 0xFF, 0xFF, 0xFF, 0xFF, 0x60, 0x00, 0x00, 0x00, 0x00, 0x00, 0x00,
  0x00, 0x00, 0x00, 0x00, 0x01, 0xFF, 0xFF, 0xFF, 0xFF, 0xFF, 0x50, 0x00, 0x00, 0x00, 0x00, 0x00,
  0x00, 0x00, 0x00, 0x00, 0x00, 0x00, 0xCF, 0xFF, 0xFF, 0xFF, 0xFF, 0x10, 0x00, 0x00, 0x00, 0x00,
  0x00, 0x00, 0x00, 0x00, 0x00, 0x00, 0x00, 0x5F, 0xFF, 0xFF, 0xFF, 0xF9, 0x00, 0x00, 0x00, 0x00,
  0x00, 0x00, 0x00, 0x00, 0x00, 0x00, 0x00, 0x00, 0x07, 0xFF, 0xFF, 0xFF, 0xB0, 0x00, 0x00, 0x00,
  0x00, 0x00, 0x00, 0x00, 0x00, 0x00, 0x00, 0x00, 0x00, 0x00, 0x4B, 0xEF, 0xC6, 0x00, 0x00, 0x00,
  0x00, 0x00, 0x00, 0x00, 0x00, 0x00, 0x00, 0x00, 0x00, 0x00, 0x00, 0x00, 0x00, 0x00, 0x00, 0x00,
  0x00, 0x00, 0x00, 0x00, 0x00, 0x00, 0x00, 0x00, 0x00, 0x00, 0x00, 0x00, 0x00, 0x00, 0x00, 0x00,
  0x00, 0x00, 0x00, 0x00, 0x00, 0x00, 0x00, 0x00, 0x00, 0x00, 0x00, 0x00, 0x00, 0x00, 0x00, 0x00,
  0x00, 0x00, 0x00, 0x00, 0x00, 0x00, 0x00, 0x00, 0x00, 0x00, 0x00, 0x00, 0x00, 0x00, 0x00, 0x00,
  0x00, 0x00, 0x00, 0x00, 0x00, 0x00, 0x00, 0x00, 0x00, 0x00, 0x00, 0x00, 0x00, 0x00, 0x00, 0x00,
  0x00, 0x00, 0x00, 0x00, 0x00, 0x00, 0x00, 0x00, 0x00, 0x00, 0x00, 0x00, 0x00, 0x00, 0x00, 0x00,
  0x00, 0x00, 0x00, 0x00, 0x00, 0x00, 0x00, 0x00, 0x00, 0x00, 0x00, 0x00, 0x00, 0x00, 0x00, 0x00,
  0x00, 0x00, 0x00, 0x00, 0x00, 0x00, 0x00, 0x00, 0x00, 0x00, 0x00, 0x00, 0x00, 0x00, 0x00, 0x00,
  0x00, 0x00, 0x00, 0x00, 0x00, 0x00, 0x00, 0x00, 0x00, 0x00, 0x00, 0x00, 0x00, 0x00, 0x00, 0x00,
  0x00, 0x00, 0x00, 0x4B, 0xEE, 0xC6, 0x00, 0x00, 0x00, 0x00, 0x00, 0x00, 0x00, 0x00, 0x00, 0x00,
  0x00, 0x00, 0x00, 0x07, 0xFF, 0xFF, 0xFF, 0xB0, 0x00, 0x00, 0x00, 0x00, 0x00, 0x00, 0x00, 0x00,
  0x00, 0x00, 0x00, 0x00, 0x5F, 0xFF, 0xFF, 0xFF, 0xF9, 0x00, 0x00, 0x00, 0x00, 0x00, 0x00, 0x00,
  0x00, 0x00, 0x00, 0x00, 0x00, 0xCF, 0xFF, 0xFF, 0xFF, 0xFF, 0x10, 0x00, 0x00, 0x00, 0x00, 0x00,
  0x00, 0x00, 0x00, 0x00, 0x00, 0x01, 0xFF, 0xFF, 0xFF, 0xFF, 0xFF, 0x50, 0x00, 0x00, 0x00, 0x00,
  0x00, 0x00, 0x00, 0x00, 0x00, 0x00, 0x02, 0xFF, 0xFF, 0xFF, 0xFF, 0xFF, 0x60, 0x00, 0x00, 0x00,
  0x00, 0x00, 0x00, 0x00, 0x00, 0x00, 0x00, 0x01, 0xFF, 0xFF, 0xFF, 0xFF, 0xFF, 0x50, 0x00, 0x00,
  0x00, 0x00, 0x00, 0x00, 0x00, 0x00, 0x00, 0x00, 0x00, 0xCF, 0xFF, 0xFF, 0xFF, 0xFF, 0x10, 0x00,
  0x00, 0x00, 0x00, 0x00, 0x00, 0x00, 0x00, 0x00, 0x00, 0x00, 0x5F, 0xFF, 0xFF, 0xFF, 0xF9, 0x00,
  0x00, 0x00, 0x00, 0x00, 0x00, 0x00, 0x00, 0x00, 0x00, 0x00, 0x00, 0x07, 0xFF, 0xFF, 0xFF, 0xB0,
  0x00, 0x00, 0x00, 0x00, 0x00, 0x00, 0x00, 0x00, 0x00, 0x00, 0x00, 0x00, 0x00, 0x4B, 0xEF, 0xC6,
  0x00, 0x00, 0x00, 0x00, 0x00, 0x00, 0x00,
};
static const uint8_t font_blob_print24[] = {
  0x43, 0x46, 0x4E, 0x54, 0x01, 0x01, 0x1E, 0x17, 0x20, 0x00, 0x5F, 0x00, 0x00, 0x00, 0x00, 0x00,
  0x00, 0x00, 0x00, 0x00, 0x07, 0x00, 0x00, 0x17, 0x07, 0x01, 0x00, 0x00, 0x00, 0x00, 0x07, 0x10,
  0x00, 0x07, 0x07, 0x01, 0x0E, 0x00, 0x00, 0x00, 0x07, 0x10, 0x00, 0x07, 0x07, 0x01, 0x1C, 0x00,
  0x00, 0x00, 0x10, 0x10, 0x00, 0x07, 0x10, 0x01, 0x3C, 0x00, 0x00, 0x00, 0x0E, 0x14, 0x00, 0x05,
  0x0E, 0x01, 0x5F, 0x00, 0x00, 0x00, 0x16, 0x10, 0x00, 0x07, 0x16, 0x01, 0x8B, 0x00, 0x00, 0x00,
  0x11, 0x10, 0x00, 0x07, 0x11, 0x01, 0xAD, 0x00, 0x00, 0x00, 0x04, 0x10, 0x00, 0x07, 0x04, 0x01,
  0xB5, 0x00, 0x00, 0x00, 0x07, 0x14, 0x00, 0x07, 0x07, 0x01, 0xC7, 0x00, 0x00, 0x00, 0x07, 0x14,
  0x00, 0x07, 0x07, 0x01, 0xD9, 0x00, 0x00, 0x00, 0x0A, 0x10, 0x00, 0x07, 0x0A, 0x01, 0xED, 0x00,
  0x00, 0x00, 0x0E, 0x0C, 0x00, 0x0B, 0x0E, 0x01, 0x02, 0x01, 0x00, 0x00, 0x05, 0x06, 0x00, 0x14,
  0x05, 0x01, 0x06, 0x01, 0x00, 0x00, 0x09, 0x07, 0x00, 0x10, 0x09, 0x01, 0x0E, 0x01, 0x00, 0x00,
  0x05, 0x03, 0x00, 0x14, 0x05, 0x01, 0x10, 0x01, 0x00, 0x00, 0x09, 0x10, 0x00, 0x07, 0x09, 0x01,
  0x22, 0x01, 0x00, 0x00, 0x10, 0x10, 0x00, 0x07, 0x10, 0x01, 0x42, 0x01, 0x00, 0x00, 0x0A, 0x10,
  0x00, 0x07, 0x0A, 0x01, 0x56, 0x01, 0x00, 0x00, 0x0D, 0x10, 0x00, 0x07, 0x0D, 0x01, 0x70, 0x01,
  0x00, 0x00, 0x0E, 0x10, 0x00, 0x07, 0x0E, 0x01, 0x8C, 0x01, 0x00, 0x00, 0x0F, 0x10, 0x00, 0x07,
  0x0F, 0x01, 0xAA, 0x01, 0x00, 0x00, 0x0E, 0x10, 0x00, 0x07, 0x0E, 0x01, 0xC6, 0x01, 0x00, 0x00,
  0x0E, 0x10, 0x00, 0x07, 0x0E, 0x01, 0xE2, 0x01, 0x00, 0x00, 0x0C, 0x10, 0x00, 0x07, 0x0C, 0x01,
  0xFA, 0x01, 0x00, 0x00, 0x0F, 0x10, 0x00, 0x07, 0x0F, 0x01, 0x18, 0x02, 0x00, 0x00, 0x0E, 0x10,
  0x00, 0x07, 0x0E, 0x01, 0x34, 0x02, 0x00, 0x00, 0x05, 0x0C, 0x00, 0x0B, 0x05, 0x01, 0x3C, 0x02,
  0x00, 0x00, 0x05, 0x0F, 0x00, 0x0B, 0x05, 0x01, 0x46, 0x02, 0x00, 0x00, 0x0D, 0x0C, 0x00, 0x0B,
  0x0D, 0x01, 0x5A, 0x02, 0x00, 0x00, 0x0E, 0x09, 0x00, 0x0E, 0x0E, 0x01, 0x6A, 0x02, 0x00, 0x00,
  0x0D, 0x0C, 0x00, 0x0B, 0x0D, 0x01, 0x7E, 0x02, 0x00, 0x00, 0x0C, 0x10, 0x00, 0x07, 0x0C, 0x01,
  0x96, 0x02, 0x00, 0x00, 0x13, 0x10, 0x00, 0x07, 0x13, 0x01, 0xBC, 0x02, 0x00, 0x00, 0x0F, 0x10,
  0x00, 0x07, 0x0F, 0x01, 0xDA, 0x02, 0x00, 0x00, 0x0F, 0x10, 0x00, 0x07, 0x0F, 0x01, 0xF8, 0x02,
  0x00, 0x00, 0x10, 0x10, 0x00, 0x07, 0x10, 0x01, 0x18, 0x03, 0x00, 0x00, 0x10, 0x10, 0x00, 0x07,
  0x10, 0x01, 0x38, 0x03, 0x00, 0x00, 0x0E, 0x10, 0x00, 0x07, 0x0E, 0x01, 0x54, 0x03, 0x00, 0x00,
  0x0D, 0x10, 0x00, 0x07, 0x0D, 0x01, 0x6E, 0x03, 0x00, 0x00, 0x11, 0x10, 0x00, 0x07, 0x11, 0x01,
  0x90, 0x03, 0x00, 0x00, 0x11, 0x10, 0x00, 0x07, 0x11, 0x01, 0xB2, 0x03, 0x00, 0x00, 0x0A, 0x10,
  0x00, 0x07, 0x0A, 0x01, 0xC6, 0x03, 0x00, 0x00, 0x0C, 0x10, 0x00, 0x07, 0x0C, 0x01, 0xDE, 0x03,
  0x00, 0x00, 0x0F, 0x10, 0x00, 0x07, 0x0F, 0x01, 0xFC, 0x03, 0x00, 0x00, 0x0D, 0x10, 0x00, 0x07,
  0x0D, 0x01, 0x16, 0x04, 0x00, 0x00, 0x14, 0x10, 0x00, 0x07, 0x14, 0x01, 0x3E, 0x04, 0x00, 0x00,
  0x11, 0x10, 0x00, 0x07, 0x11, 0x01, 0x60, 0x04, 0x00, 0x00, 0x11, 0x10, 0x00, 0x07, 0x11, 0x01,
  0x82, 0x04, 0x00, 0x00, 0x0E, 0x10, 0x00, 0x07, 0x0E, 0x01, 0x9E, 0x04, 0x00, 0x00, 0x13, 0x11,
  0x00, 0x07, 0x12, 0x01, 0xC7, 0x04, 0x00, 0x00, 0x0F, 0x10, 0x00, 0x07, 0x0F, 0x01, 0xE5, 0x04,
  0x00, 0x00, 0x0E, 0x10, 0x00, 0x07, 0x0E, 0x01, 0x01, 0x05, 0x00, 0x00, 0x0E, 0x10, 0x00, 0x07,
  0x0D, 0x01, 0x1D, 0x05, 0x00, 0x00, 0x11, 0x10, 0x00, 0x07, 0x11, 0x01, 0x3F, 0x05, 0x00, 0x00,
  0x0E, 0x10, 0x00, 0x07, 0x0E, 0x01, 0x5B, 0x05, 0x00, 0x00, 0x14, 0x10, 0x00, 0x07, 0x14, 0x01,
  0x83, 0x05, 0x00, 0x00, 0x0F, 0x10, 0x00, 0x07, 0x0F, 0x01, 0xA1, 0x05, 0x00, 0x00, 0x0F, 0x10,
  0x00, 0x07, 0x0E, 0x01, 0xBF, 0x05, 0x00, 0x00, 0x0F, 0x10, 0x00, 0x07, 0x0F, 0x01, 0xDD, 0x05,
  0x00, 0x00, 0x08, 0x14, 0x00, 0x07, 0x08, 0x01, 0xF1, 0x05, 0x00, 0x00, 0x09, 0x10, 0x00, 0x07,
  0x09, 0x01, 0x03, 0x06, 0x00, 0x00, 0x08, 0x14, 0x00, 0x07, 0x08, 0x01, 0x17, 0x06, 0x00, 0x00,
  0x0D, 0x10, 0x00, 0x07, 0x0D, 0x01, 0x31, 0x06, 0x00, 0x00, 0x0A, 0x02, 0x00, 0x17, 0x0A, 0x01,
  0x34, 0x06, 0x00, 0x00, 0x06, 0x11, 0x00, 0x06, 0x06, 0x01, 0x41, 0x06, 0x00, 0x00, 0x0D, 0x0C,
  0x00, 0x0B, 0x0D, 0x01, 0x55, 0x06, 0x00, 0x00, 0x0E, 0x10, 0x00, 0x07, 0x0E, 0x01, 0x71, 0x06,
  0x00, 0x00, 0x0C, 0x0C, 0x00, 0x0B, 0x0C, 0x01, 0x83, 0x06, 0x00, 0x00, 0x0E, 0x10, 0x00, 0x07,
  0x0E, 0x01, 0x9F, 0x06, 0x00, 0x00, 0x0D, 0x0C, 0x00, 0x0B, 0x0D, 0x01, 0xB3, 0x06, 0x00, 0x00,
  0x07, 0x11, 0x00, 0x06, 0x07, 0x01, 0xC2, 0x06, 0x00, 0x00, 0x0D, 0x11, 0x00, 0x0B, 0x0D, 0x01,
  0xDE, 0x06, 0x00, 0x00, 0x0D, 0x10, 0x00, 0x07, 0x0D, 0x01, 0xF8, 0x06, 0x00, 0x00, 0x07, 0x11,
  0x00, 0x06, 0x07, 0x01, 0x07, 0x07, 0x00, 0x00, 0x08, 0x15, 0xFE, 0x06, 0x06, 0x01, 0x1C, 0x07,
  0x00, 0x00, 0x0C, 0x10, 0x00, 0x07, 0x0C, 0x01, 0x34, 0x07, 0x00, 0x00, 0x06, 0x10, 0x00, 0x07,
  0x06, 0x01, 0x40, 0x07, 0x00, 0x00, 0x14, 0x0C, 0x00, 0x0B, 0x14, 0x01, 0x5E, 0x07, 0x00, 0x00,
  0x0D, 0x0C, 0x00, 0x0B, 0x0D, 0x01, 0x72, 0x07, 0x00, 0x00, 0x0D, 0x0C, 0x00, 0x0B, 0x0D, 0x01,
  0x86, 0x07, 0x00, 0x00, 0x0E, 0x10, 0x00, 0x0B, 0x0E, 0x01, 0xA2, 0x07, 0x00, 0x00, 0x10, 0x10,
  0x00, 0x0B, 0x0E, 0x01, 0xC2, 0x07, 0x00, 0x00, 0x09, 0x0C, 0x00, 0x0B, 0x08, 0x01, 0xD0, 0x07,
  0x00, 0x00, 0x0B, 0x0C, 0x00, 0x0B, 0x0B, 0x01, 0xE1, 0x07, 0x00, 0x00, 0x08, 0x0F, 0x00, 0x08,
  0x08, 0x01, 0xF0, 0x07, 0x00, 0x00, 0x0D, 0x0C, 0x00, 0x0B, 0x0D, 0x01, 0x04, 0x08, 0x00, 0x00,
  0x0B, 0x0C, 0x00, 0x0B, 0x0B, 0x01, 0x15, 0x08, 0x00, 0x00, 0x10, 0x0C, 0x00, 0x0B, 0x10, 0x01,
  0x2D, 0x08, 0x00, 0x00, 0x0C, 0x0C, 0x00, 0x0B, 0x0B, 0x01, 0x3F, 0x08, 0x00, 0x00, 0x0B, 0x10,
  0x00, 0x0B, 0x0A, 0x01, 0x55, 0x08, 0x00, 0x00, 0x0B, 0x0C, 0x00, 0x0B, 0x0B, 0x01, 0x66, 0x08,
  0x00, 0x00, 0x08, 0x14, 0x00, 0x07, 0x08, 0x01, 0x7A, 0x08, 0x00, 0x00, 0x06, 0x14, 0x00, 0x07,
  0x06, 0x01, 0x89, 0x08, 0x00, 0x00, 0x08, 0x14, 0x00, 0x07, 0x08, 0x01, 0x9D, 0x08, 0x00, 0x00,
  0x0D, 0x08, 0x00, 0x0F, 0x0D, 0x01, 0x30, 0x60, 0xC1, 0x83, 0x06, 0x0C, 0x08, 0x10, 0x20, 0x40,
  0x00, 0x06, 0x0E, 0x18, 0x6C, 0xD9, 0x93, 0x26, 0x40, 0x00, 0x00, 0x00, 0x00, 0x00, 0x00, 0x00,
  0x00, 0x00, 0x06, 0x30, 0x06, 0x30, 0x06, 0x30, 0x06, 0x30, 0x3F, 0xFE, 0x3F, 0xFC, 0x06, 0x20,
  0x0C, 0x60, 0x0C, 0x60, 0x0C, 0x60, 0x7F, 0xFC, 0x7F, 0xFC, 0x0C, 0x60, 0x0C, 0x60, 0x18, 0xC0,
  0x18, 0xC0, 0x03, 0x00, 0x0C, 0x00, 0xFC, 0x0F, 0xFC, 0x73, 0x31, 0xCC, 0x07, 0x30, 0x1C, 0xC0,
  0x3F, 0x00, 0x7F, 0x00, 0x3F, 0x00, 0xCE, 0x03, 0x18, 0x0C, 0x66, 0x31, 0x8C, 0xCE, 0x1F, 0xF0,
  0x3F, 0x00, 0x30, 0x00, 0xC0, 0x1E, 0x01, 0x80, 0xFE, 0x06, 0x06, 0x18, 0x30, 0x18, 0x31, 0x80,
  0x60, 0xC6, 0x01, 0x86, 0x30, 0x03, 0xF9, 0x80, 0x07, 0x8E, 0x30, 0x00, 0x33, 0xF0, 0x01, 0x9C,
  0xE0, 0x0C, 0x61, 0x80, 0x31, 0x02, 0x01, 0x86, 0x18, 0x0C, 0x18, 0x60, 0x30, 0x3F, 0x01, 0x80,
  0x78, 0x07, 0xC0, 0x07, 0xF0, 0x07, 0x1C, 0x03, 0x06, 0x00, 0xC6, 0x00, 0x77, 0x00, 0x1E, 0x00,
  0x3F, 0x1C, 0x39, 0xCC, 0x38, 0x76, 0x18, 0x1F, 0x0C, 0x07, 0x06, 0x03, 0xC3, 0x83, 0xE0, 0xFF,
  0x98, 0x1F, 0x0E, 0x66, 0x66, 0x60, 0x00, 0x00, 0x00, 0x00, 0x00, 0x08, 0x30, 0x41, 0x83, 0x04,
  0x18, 0x30, 0x60, 0xC1, 0x83, 0x06, 0x04, 0x0C, 0x18, 0x10, 0x30, 0x20, 0x60, 0x30, 0x60, 0x60,
  0xC0, 0x81, 0x83, 0x06, 0x0C, 0x18, 0x30, 0x60, 0xC1, 0x02, 0x0C, 0x18, 0x60, 0xC3, 0x00, 0x0C,
  0x03, 0x03, 0xF8, 0x78, 0x0E, 0x06, 0x80, 0x00, 0x00, 0x00, 0x00, 0x00, 0x00, 0x00, 0x00, 0x00,
  0x00, 0x00, 0x00, 0x03, 0x00, 0x0C, 0x00, 0x30, 0x00, 0xC0, 0x03, 0x01, 0xFF, 0xE7, 0xFF, 0x80,
  0xC0, 0x03, 0x00, 0x0C, 0x00, 0x30, 0x00, 0xC0, 0x73, 0x9C, 0x42, 0x30, 0x7F, 0x3F, 0x80, 0x00,
  0x00, 0x00, 0x00, 0x00, 0x73, 0x9C, 0x03, 0x01, 0x80, 0xC0, 0xC0, 0x60, 0x70, 0x30, 0x18, 0x18,
  0x0C, 0x0E, 0x06, 0x03, 0x03, 0x01, 0x80, 0xC0, 0x07, 0xC0, 0x0F, 0xF0, 0x1C, 0x38, 0x3C, 0x18,
  0x3C, 0x1C, 0x36, 0x0C, 0x33, 0x0C, 0x73, 0x8C, 0x71, 0x8C, 0x30, 0xCC, 0x30, 0xEC, 0x30, 0x7C,
  0x38, 0x38, 0x18, 0x38, 0x0F, 0xF0, 0x07, 0xC0, 0x02, 0x01, 0x87, 0xE1, 0xF8, 0x06, 0x01, 0x80,
  0x60, 0x18, 0x06, 0x01, 0x80, 0x60, 0x18, 0x06, 0x01, 0x80, 0x60, 0x18, 0x0F, 0x80, 0xFF, 0x0E,
  0x1C, 0x60, 0x60, 0x03, 0x00, 0x18, 0x01, 0x80, 0x0C, 0x00, 0xC0, 0x0C, 0x00, 0xC0, 0x1C, 0x01,
  0xC0, 0x18, 0x01, 0xFF, 0xCF, 0xFE, 0x0F, 0xC0, 0x7F, 0x83, 0x07, 0x08, 0x0C, 0x00, 0x30, 0x01,
  0x80, 0x7C, 0x01, 0xF0, 0x00, 0xF0, 0x00, 0xC0, 0x03, 0x00, 0x0C, 0x60, 0x30, 0xC1, 0xC3, 0xFE,
  0x03, 0xE0, 0x00, 0xE0, 0x01, 0xC0, 0x07, 0x80, 0x1F, 0x00, 0x76, 0x00, 0xCC, 0x03, 0x18, 0x0C,
  0x30, 0x30, 0x60, 0xE0, 0xC1, 0xFF, 0xF3, 0xFF, 0xE0, 0x06, 0x00, 0x0C, 0x00, 0x18, 0x00, 0x30,
  0x1F, 0xF0, 0x7F, 0xC3, 0x00, 0x0C, 0x00, 0x30, 0x00, 0xDE, 0x03, 0xFE, 0x0E, 0x1C, 0x00, 0x30,
  0x00, 0xC0, 0x03, 0x00, 0x0C, 0x70, 0x30, 0xC1, 0xC1, 0xFE, 0x03, 0xE0, 0x07, 0xC0, 0x3F, 0x81,
  0x83, 0x0E, 0x00, 0x30, 0x00, 0xCE, 0x03, 0xFE, 0x1E, 0x1C, 0x70, 0x39, 0xC0, 0x63, 0x01, 0x8C,
  0x06, 0x30, 0x38, 0x61, 0xC1, 0xFE, 0x01, 0xF0, 0xFF, 0xEF, 0xFE, 0x00, 0x60, 0x0E, 0x00, 0xC0,
  0x1C, 0x01, 0x80, 0x38, 0x03, 0x00, 0x70, 0x06, 0x00, 0xE0, 0x0C, 0x01, 0xC0, 0x18, 0x03, 0x80,
  0x07, 0x80, 0x1F, 0xC0, 0x71, 0x80, 0xC1, 0x81, 0x83, 0x03, 0x8C, 0x03, 0xF8, 0x0F, 0xF0, 0x38,
  0x70, 0x60, 0x30, 0xC0, 0x63, 0x80, 0xC3, 0x01, 0x87, 0x07, 0x07, 0xFC, 0x03, 0xE0, 0x07, 0x80,
  0x7F, 0x83, 0x87, 0x0C, 0x0C, 0x30, 0x19, 0xC0, 0x63, 0x01, 0x8C, 0x0E, 0x38, 0x70, 0x7F, 0xC0,
  0x7E, 0x00, 0x30, 0x01, 0xC0, 0x06, 0x00, 0x38, 0x01, 0xC0, 0x73, 0x9C, 0x00, 0x00, 0x00, 0x03,
  0x9C, 0xE0, 0x73, 0x9C, 0x00, 0x00, 0x00, 0x03, 0x9C, 0xE2, 0x11, 0x80, 0x00, 0x10, 0x03, 0x80,
  0x7C, 0x0F, 0x01, 0xE0, 0x3C, 0x01, 0xE0, 0x07, 0xC0, 0x07, 0x80, 0x0F, 0x80, 0x1C, 0x00, 0x20,
  0x7F, 0xF9, 0xFF, 0xE0, 0x00, 0x00, 0x00, 0x7F, 0xF9, 0xFF, 0xE0, 0x00, 0x00, 0x00, 0x00, 0x00,
  0x40, 0x03, 0x80, 0x0F, 0x00, 0x1F, 0x00, 0x3E, 0x00, 0x38, 0x01, 0xC0, 0x7C, 0x0F, 0x81, 0xF0,
  0x1C, 0x00, 0x80, 0x00, 0x0F, 0x83, 0xFC, 0x70, 0xE6, 0x06, 0x00, 0x60, 0x06, 0x00, 0xC0, 0x38,
  0x07, 0x00, 0x60, 0x0C, 0x00, 0x00, 0x00, 0x00, 0xC0, 0x0E, 0x00, 0xE0, 0x01, 0xF0, 0x00, 0xFF,
  0x80, 0x30, 0x1C, 0x0C, 0x01, 0x83, 0x0F, 0x18, 0x47, 0xF1, 0x18, 0xC6, 0x23, 0x30, 0xC4, 0x66,
  0x18, 0x8C, 0xE7, 0x30, 0x8F, 0xFE, 0x18, 0xE7, 0x81, 0x80, 0x00, 0x18, 0x00, 0x01, 0xFE, 0x00,
  0x0F, 0x80, 0x03, 0x80, 0x07, 0x00, 0x1F, 0x00, 0x36, 0x00, 0x6C, 0x01, 0x8C, 0x03, 0x18, 0x0E,
  0x38, 0x18, 0x30, 0x30, 0x60, 0xE0, 0xE1, 0xFF, 0xC3, 0xFF, 0x8E, 0x03, 0x98, 0x03, 0x70, 0x07,
  0x3F, 0xE0, 0x7F, 0xE0, 0xC0, 0xE1, 0x80, 0xC3, 0x01, 0x86, 0x03, 0x0C, 0x0E, 0x1F, 0xF8, 0x3F,
  0xF8, 0x60, 0x30, 0xC0, 0x71, 0x80, 0x63, 0x01, 0xC6, 0x03, 0x0F, 0xFE, 0x1F, 0xF0, 0x03, 0xE0,
  0x0F, 0xF8, 0x1C, 0x1C, 0x38, 0x0C, 0x30, 0x00, 0x30, 0x00, 0x70, 0x00, 0x70, 0x00, 0x70, 0x00,
  0x70, 0x00, 0x30, 0x00, 0x30, 0x00, 0x38, 0x0C, 0x1C, 0x1C, 0x0F, 0xF8, 0x03, 0xE0, 0x3F, 0xC0,
  0x3F, 0xF0, 0x30, 0x38, 0x30, 0x1C, 0x30, 0x0C, 0x30, 0x0E, 0x30, 0x06, 0x30, 0x06, 0x30, 0x06,
  0x30, 0x06, 0x30, 0x0E, 0x30, 0x0C, 0x30, 0x1C, 0x30, 0x38, 0x3F, 0xF0, 0x3F, 0xC0, 0x3F, 0xF8,
  0xFF, 0xE3, 0x00, 0x0C, 0x00, 0x30, 0x00, 0xC0, 0x03, 0x00, 0x0F, 0xF0, 0x3F, 0xC0, 0xC0, 0x03,
  0x00, 0x0C, 0x00, 0x30, 0x00, 0xC0, 0x03, 0xFF, 0x8F, 0xFE, 0x3F, 0xF1, 0xFF, 0x8C, 0x00, 0x60,
  0x03, 0x00, 0x18, 0x00, 0xC0, 0x07, 0xFE, 0x3F, 0xF1, 0x80, 0x0C, 0x00, 0x60, 0x03, 0x00, 0x18,
  0x00, 0xC0, 0x06, 0x00, 0x03, 0xE0, 0x07, 0xFC, 0x07, 0x07, 0x07, 0x01, 0x83, 0x00, 0x01, 0x80,
  0x01, 0xC0, 0x00, 0xE0, 0xFC, 0x70, 0x7E, 0x38, 0x03, 0x0C, 0x01, 0x86, 0x00, 0xC3, 0x80, 0xE0,
  0xE0, 0xF0, 0x3F, 0xE8, 0x07, 0xC4, 0x30, 0x0E, 0x18, 0x07, 0x0C, 0x03, 0x86, 0x01, 0xC3, 0x00,
  0xE1, 0x80, 0x70, 0xC0, 0x38, 0x7F, 0xFC, 0x3F, 0xFE, 0x18, 0x07, 0x0C, 0x03, 0x86, 0x01, 0xC3,
  0x00, 0xE1, 0x80, 0x70, 0xC0, 0x38, 0x60, 0x1C, 0x3F, 0x0F, 0xC0, 0xC0, 0x30, 0x0C, 0x03, 0x00,
  0xC0, 0x30, 0x0C, 0x03, 0x00, 0xC0, 0x30, 0x0C, 0x03, 0x03, 0xF0, 0xFC, 0x00, 0xC0, 0x0C, 0x00,
  0xC0, 0x0C, 0x00, 0xC0, 0x0C, 0x00, 0xC0, 0x0C, 0x00, 0xC0, 0x0C, 0x00, 0xC6, 0x0C, 0x60, 0xC7,
  0x1C, 0x3F, 0x81, 0xF0, 0x30, 0x1C, 0x60, 0x70, 0xC1, 0xC1, 0x87, 0x03, 0x1C, 0x06, 0x70, 0x0D,
  0xC0, 0x1B, 0xC0, 0x3F, 0x80, 0x73, 0x80, 0xE3, 0x81, 0x83, 0x83, 0x07, 0x06, 0x07, 0x0C, 0x07,
  0x18, 0x06, 0x30, 0x01, 0x80, 0x0C, 0x00, 0x60, 0x03, 0x00, 0x18, 0x00, 0xC0, 0x06, 0x00, 0x30,
  0x01, 0x80, 0x0C, 0x00, 0x60, 0x03, 0x00, 0x18, 0x00, 0xFF, 0xE7, 0xFF, 0x3C, 0x03, 0xC3, 0xC0,
  0x3C, 0x3C, 0x07, 0xC3, 0xE0, 0x7C, 0x36, 0x06, 0xC3, 0x60, 0xEC, 0x37, 0x0C, 0xC3, 0x30, 0xCC,
  0x33, 0x1C, 0xC3, 0x19, 0x8C, 0x31, 0x98, 0xC3, 0x1B, 0x0C, 0x30, 0xF0, 0xC3, 0x0F, 0x0C, 0x30,
  0xE0, 0xC3, 0x06, 0x0C, 0x38, 0x0E, 0x1E, 0x07, 0x0F, 0x03, 0x86, 0xC1, 0xC3, 0x70, 0xE1, 0x98,
  0x70, 0xCE, 0x38, 0x63, 0x1C, 0x31, 0xCE, 0x18, 0x67, 0x0C, 0x3B, 0x86, 0x0D, 0xC3, 0x03, 0xE1,
  0x81, 0xF0, 0xC0, 0x78, 0x60, 0x3C, 0x03, 0xF0, 0x07, 0xFC, 0x07, 0x07, 0x07, 0x01, 0xC3, 0x00,
  0x71, 0x80, 0x19, 0xC0, 0x0C, 0xE0, 0x06, 0x70, 0x03, 0x38, 0x01, 0x8C, 0x00, 0xC6, 0x00, 0xE3,
  0x80, 0xE0, 0xE0, 0xE0, 0x3F, 0xE0, 0x07, 0xE0, 0x3F, 0xE0, 0xFF, 0xC3, 0x03, 0x8C, 0x06, 0x30,
  0x18, 0xC0, 0x63, 0x01, 0x8C, 0x0E, 0x3F, 0xF0, 0xFF, 0x03, 0x00, 0x0C, 0x00, 0x30, 0x00, 0xC0,
  0x03, 0x00, 0x0C, 0x00, 0x03, 0xF0, 0x01, 0xFF, 0x00, 0x70, 0x70, 0x1C, 0x07, 0x03, 0x00, 0x70,
  0x60, 0x06, 0x1C, 0x00, 0xC3, 0x80, 0x18, 0x70, 0xE3, 0x0E, 0x1E, 0x60, 0xC0, 0xEC, 0x18, 0x0F,
  0x83, 0x80, 0xE0, 0x38, 0x3E, 0x03, 0xFF, 0xE0, 0x1F, 0x8E, 0x00, 0x00, 0x80, 0x3F, 0xE0, 0x7F,
  0xE0, 0xC0, 0xE1, 0x80, 0xC3, 0x01, 0xC6, 0x03, 0x0C, 0x0E, 0x1F, 0xF8, 0x3F, 0xE0, 0x63, 0x80,
  0xC3, 0x01, 0x87, 0x03, 0x07, 0x06, 0x06, 0x0C, 0x0E, 0x18, 0x0E, 0x0F, 0xC0, 0xFF, 0x83, 0x07,
  0x1C, 0x00, 0x60, 0x01, 0xC0, 0x03, 0xC0, 0x07, 0xF0, 0x03, 0xF0, 0x01, 0xE0, 0x01, 0x80, 0x06,
  0x60, 0x18, 0xC0, 0xE3, 0xFF, 0x03, 0xF0, 0xFF, 0xFB, 0xFF, 0xE0, 0x30, 0x00, 0xC0, 0x03, 0x00,
  0x0C, 0x00, 0x30, 0x00, 0xC0, 0x03, 0x00, 0x0C, 0x00, 0x30, 0x00, 0xC0, 0x03, 0x00, 0x0C, 0x00,
  0x30, 0x00, 0xC0, 0x30, 0x0E, 0x18, 0x07, 0x0C, 0x03, 0x86, 0x01, 0xC3, 0x00, 0xE1, 0x80, 0x70,
  0xC0, 0x38, 0x60, 0x1C, 0x30, 0x0E, 0x18, 0x07, 0x0C, 0x03, 0x86, 0x01, 0x83, 0x80, 0xC0, 0xE0,
  0xE0, 0x3F, 0xE0, 0x0F, 0xC0, 0xE0, 0x1D, 0x80, 0x67, 0x01, 0x9C, 0x0E, 0x30, 0x30, 0xE0, 0xC3,
  0x87, 0x06, 0x18, 0x18, 0x60, 0x73, 0x80, 0xCC, 0x03, 0x30, 0x07, 0xC0, 0x1E, 0x00, 0x78, 0x00,
  0xE0, 0xE0, 0x70, 0x76, 0x0F, 0x07, 0x60, 0xF0, 0x67, 0x0F, 0x06, 0x70, 0xF0, 0xE3, 0x09, 0x8E,
  0x31, 0x98, 0xC3, 0x19, 0x8C, 0x39, 0x99, 0xC1, 0x98, 0xDC, 0x1B, 0x0D, 0x81, 0xB0, 0xD8, 0x1F,
  0x0F, 0x80, 0xF0, 0x78, 0x0E, 0x07, 0x00, 0xE0, 0x70, 0x70, 0x1C, 0x60, 0x30, 0xE0, 0xE0, 0xE3,
  0x80, 0xCE, 0x01, 0xD8, 0x01, 0xF0, 0x01, 0xC0, 0x03, 0x80, 0x0F, 0x80, 0x3B, 0x80, 0xE3, 0x01,
  0x87, 0x07, 0x07, 0x1C, 0x07, 0x30, 0x06, 0x60, 0x1C, 0xE0, 0x30, 0xC0, 0xE1, 0xC1, 0x81, 0x86,
  0x03, 0x9C, 0x03, 0x30, 0x03, 0xE0, 0x07, 0x80, 0x06, 0x00, 0x0C, 0x00, 0x18, 0x00, 0x30, 0x00,
  0x60, 0x00, 0xC0, 0x01, 0x80, 0x7F, 0xF8, 0x7F, 0xF0, 0x00, 0xE0, 0x03, 0x80, 0x0E, 0x00, 0x18,
  0x00, 0x70, 0x01, 0xC0, 0x07, 0x00, 0x0C, 0x00, 0x38, 0x00, 0xE0, 0x03, 0x80, 0x06, 0x00, 0x1F,
  0xFE, 0x3F, 0xFE, 0x3E, 0x3E, 0x30, 0x30, 0x30, 0x30, 0x30, 0x30, 0x30, 0x30, 0x30, 0x30, 0x30,
  0x30, 0x30, 0x30, 0x30, 0x30, 0x3E, 0x3E, 0x60, 0x30, 0x18, 0x06, 0x03, 0x01, 0xC0, 0x60, 0x30,
  0x0C, 0x06, 0x03, 0x80, 0xC0, 0x60, 0x18, 0x0C, 0x06, 0x7C, 0x7C, 0x0C, 0x0C, 0x0C, 0x0C, 0x0C,
  0x0C, 0x0C, 0x0C, 0x0C, 0x0C, 0x0C, 0x0C, 0x0C, 0x0C, 0x0C, 0x0C, 0x7C, 0x7C, 0x02, 0x00, 0x38,
  0x01, 0xE0, 0x1B, 0x00, 0xDC, 0x0C, 0x60, 0x61, 0x86, 0x0C, 0x30, 0x30, 0x00, 0x00, 0x00, 0x00,
  0x00, 0x00, 0x00, 0x00, 0x00, 0x00, 0x00, 0xFF, 0xBF, 0xE0, 0x60, 0xC1, 0x80, 0x00, 0x00, 0x00,
  0x00, 0x00, 0x00, 0x00, 0x00, 0x00, 0x00, 0x0F, 0x80, 0xFE, 0x0C, 0x38, 0x00, 0xC0, 0x06, 0x07,
  0xF0, 0xF9, 0x8E, 0x0C, 0x60, 0x63, 0x87, 0x0F, 0xF8, 0x3C, 0xC0, 0x30, 0x00, 0xC0, 0x03, 0x00,
  0x0C, 0x00, 0x37, 0xC0, 0xFF, 0x83, 0x87, 0x0C, 0x0C, 0x30, 0x38, 0xC0, 0xE3, 0x03, 0x8C, 0x0E,
  0x30, 0x30, 0xE1, 0xC3, 0xFE, 0x09, 0xF0, 0x0F, 0x81, 0xFC, 0x38, 0x67, 0x00, 0x60, 0x06, 0x00,
  0x60, 0x06, 0x00, 0x70, 0x03, 0x86, 0x1F, 0xC0, 0xF8, 0x00, 0x30, 0x00, 0xC0, 0x03, 0x00, 0x0C,
  0x0F, 0x30, 0x7E, 0xC3, 0x87, 0x1C, 0x1C, 0x60, 0x31, 0x80, 0xC6, 0x03, 0x18, 0x0C, 0x70, 0x70,
  0xE1, 0xC1, 0xFB, 0x03, 0xCC, 0x0F, 0x80, 0xFE, 0x0C, 0x18, 0xE0, 0x66, 0x03, 0x3F, 0xF9, 0xFF,
  0xCC, 0x00, 0x70, 0x01, 0x83, 0x07, 0xF8, 0x1F, 0x00, 0x0E, 0x3C, 0xE1, 0x83, 0x1F, 0xFF, 0x98,
  0x30, 0x60, 0xC1, 0x83, 0x06, 0x0C, 0x18, 0x30, 0x0F, 0x30, 0xFD, 0x8C, 0x3C, 0xE0, 0xE6, 0x03,
  0x30, 0x19, 0x80, 0xCC, 0x06, 0x70, 0x71, 0x87, 0x87, 0xFC, 0x1E, 0x60, 0x03, 0x00, 0x30, 0xE1,
  0x83, 0xF8, 0x07, 0x80, 0x30, 0x01, 0x80, 0x0C, 0x00, 0x60, 0x03, 0x7C, 0x1F, 0xF0, 0xE1, 0x86,
  0x0C, 0x30, 0x61, 0x83, 0x0C, 0x18, 0x60, 0xC3, 0x06, 0x18, 0x30, 0xC1, 0x86, 0x0C, 0x18, 0x70,
  0x60, 0x00, 0x0F, 0x1E, 0x0C, 0x18, 0x30, 0x60, 0xC1, 0x83, 0x06, 0x0C, 0x18, 0x0C, 0x0E, 0x0C,
  0x00, 0x00, 0x0C, 0x0C, 0x0C, 0x0C, 0x0C, 0x0C, 0x0C, 0x0C, 0x0C, 0x0C, 0x0C, 0x0C, 0x0C, 0x0C,
  0x7C, 0x78, 0x30, 0x03, 0x00, 0x30, 0x03, 0x00, 0x30, 0xC3, 0x1C, 0x33, 0x83, 0x70, 0x36, 0x03,
  0xE0, 0x3E, 0x03, 0x30, 0x31, 0x83, 0x1C, 0x30, 0xC3, 0x06, 0x30, 0xC3, 0x0C, 0x30, 0xC3, 0x0C,
  0x30, 0xC3, 0x0C, 0x30, 0xC3, 0x8E, 0x27, 0x87, 0x83, 0xFD, 0xFC, 0x38, 0xF0, 0xC3, 0x07, 0x0C,
  0x30, 0x60, 0xE3, 0x06, 0x06, 0x30, 0x60, 0x63, 0x06, 0x06, 0x30, 0x60, 0x63, 0x06, 0x06, 0x30,
  0x60, 0x63, 0x06, 0x06, 0x27, 0xC1, 0xFF, 0x0E, 0x18, 0x60, 0xC3, 0x06, 0x18, 0x30, 0xC1, 0x86,
  0x0C, 0x30, 0x61, 0x83, 0x0C, 0x18, 0x60, 0xC0, 0x0F, 0x80, 0xFF, 0x0E, 0x18, 0xE0, 0x66, 0x03,
  0x30, 0x19, 0x80, 0xCC, 0x06, 0x70, 0x31, 0xC3, 0x07, 0xF8, 0x1F, 0x00, 0x27, 0xC0, 0xFF, 0x83,
  0x87, 0x0C, 0x0C, 0x30, 0x38, 0xC0, 0xE3, 0x03, 0x8C, 0x0E, 0x30, 0x30, 0xE1, 0xC3, 0xFE, 0x0D,
  0xF0, 0x30, 0x00, 0xC0, 0x03, 0x00, 0x0C, 0x00, 0x0F, 0x30, 0x1F, 0xB0, 0x38, 0x70, 0x70, 0x70,
  0x60, 0x30, 0x60, 0x30, 0x60, 0x30, 0x60, 0x30, 0x70, 0x70, 0x38, 0x70, 0x1F, 0xF0, 0x0F, 0x30,
  0x00, 0x30, 0x00, 0x30, 0x00, 0x3E, 0x00, 0x1E, 0x23, 0x1F, 0x8E, 0x06, 0x03, 0x01, 0x80, 0xC0,
  0x60, 0x30, 0x18, 0x0C, 0x06, 0x00, 0x1F, 0x07, 0xF1, 0x83, 0x30, 0x07, 0x00, 0x7E, 0x01, 0xF0,
  0x06, 0x00, 0xEC, 0x18, 0xFF, 0x0F, 0x80, 0x38, 0x38, 0x38, 0xFE, 0x7E, 0x38, 0x38, 0x38, 0x38,
  0x38, 0x38, 0x38, 0x18, 0x1E, 0x1E, 0x30, 0x61, 0x83, 0x0C, 0x18, 0x60, 0xC3, 0x06, 0x18, 0x30,
  0xC1, 0x86, 0x0C, 0x30, 0x61, 0x87, 0x0F, 0xF8, 0x3E, 0x40, 0xC0, 0xCC, 0x19, 0x83, 0x30, 0xC3,
  0x18, 0x63, 0x0C, 0xC0, 0xD8, 0x1B, 0x03, 0xC0, 0x38, 0x07, 0x00, 0xC1, 0x87, 0xE3, 0x86, 0x63,
  0xC6, 0x63, 0xC6, 0x62, 0xCC, 0x36, 0x4C, 0x36, 0x6C, 0x34, 0x6C, 0x3C, 0x78, 0x1C, 0x38, 0x1C,
  0x38, 0x18, 0x30, 0x60, 0xC7, 0x1C, 0x31, 0x81, 0xB0, 0x1F, 0x00, 0xE0, 0x0E, 0x01, 0xF0, 0x3B,
  0x83, 0x18, 0x60, 0xCE, 0x0E, 0xC0, 0xCC, 0x19, 0x86, 0x30, 0xC3, 0x18, 0x66, 0x0C, 0xC0, 0xD8,
  0x1E, 0x03, 0xC0, 0x38, 0x06, 0x00, 0xC0, 0x18, 0x1E, 0x03, 0x80, 0x7F, 0xCF, 0xF8, 0x06, 0x01,
  0xC0, 0x30, 0x0C, 0x03, 0x00, 0xC0, 0x38, 0x06, 0x01, 0xFF, 0x3F, 0xE0, 0x0E, 0x1E, 0x18, 0x18,
  0x18, 0x18, 0x18, 0x18, 0x30, 0x70, 0x60, 0x30, 0x18, 0x18, 0x18, 0x18, 0x18, 0x18, 0x1E, 0x0E,
  0x30, 0xC3, 0x0C, 0x30, 0xC3, 0x0C, 0x30, 0xC3, 0x0C, 0x30, 0xC3, 0x0C, 0x30, 0xC3, 0x0C, 0x70,
  0x78, 0x18, 0x18, 0x18, 0x18, 0x18, 0x18, 0x18, 0x0E, 0x0E, 0x1C, 0x18, 0x18, 0x18, 0x18, 0x18,
  0x18, 0x78, 0x70, 0x3E, 0x33, 0xFF, 0x98, 0x78, 0x00, 0x00, 0x00, 0x00, 0x00, 0x00, 0x00, 0x00,
};
static const uint8_t font_blob_print24b[] = {
  0x43, 0x46, 0x4E, 0x54, 0x01, 0x01, 0x1E, 0x17, 0x20, 0x00, 0x5F, 0x00, 0x00, 0x00, 0x00, 0x00,
  0x00, 0x00, 0x00, 0x00, 0x08, 0x00, 0x00, 0x17, 0x08, 0x01, 0x00, 0x00, 0x00, 0x00, 0x07, 0x10,
  0x00, 0x07, 0x07, 0x01, 0x0E, 0x00, 0x00, 0x00, 0x0A, 0x10, 0x00, 0x07, 0x0A, 0x01, 0x22, 0x00,
  0x00, 0x00, 0x13, 0x10, 0x00, 0x07, 0x13, 0x01, 0x48, 0x00, 0x00, 0x00, 0x0F, 0x14, 0x00, 0x05,
  0x0F, 0x01, 0x6E, 0x00, 0x00, 0x00, 0x17, 0x10, 0x00, 0x07, 0x17, 0x01, 0x9C, 0x00, 0x00, 0x00,
  0x11, 0x11, 0x00, 0x06, 0x11, 0x01, 0xC1, 0x00, 0x00, 0x00, 0x05, 0x10, 0x00, 0x07, 0x05, 0x01,
  0xCB, 0x00, 0x00, 0x00, 0x09, 0x14, 0x00, 0x07, 0x09, 0x01, 0xE2, 0x00, 0x00, 0x00, 0x09, 0x14,
  0x00, 0x07, 0x09, 0x01, 0xF9, 0x00, 0x00, 0x00, 0x0A, 0x10, 0x00, 0x07, 0x0A, 0x01, 0x0D, 0x01,
  0x00, 0x00, 0x0F, 0x0C, 0x00, 0x0B, 0x0F, 0x01, 0x24, 0x01, 0x00, 0x00, 0x06, 0x08, 0x00, 0x13,
  0x06, 0x01, 0x2A, 0x01, 0x00, 0x00, 0x09, 0x07, 0x00, 0x10, 0x09, 0x01, 0x32, 0x01, 0x00, 0x00,
  0x06, 0x05, 0x00, 0x12, 0x06, 0x01, 0x36, 0x01, 0x00, 0x00, 0x0B, 0x10, 0x00, 0x07, 0x0B, 0x01,
  0x4C, 0x01, 0x00, 0x00, 0x10, 0x10, 0x00, 0x07, 0x10, 0x01, 0x6C, 0x01, 0x00, 0x00, 0x0B, 0x10,
  0x00, 0x07, 0x0B, 0x01, 0x82, 0x01, 0x00, 0x00, 0x0E, 0x10, 0x00, 0x07, 0x0E, 0x01, 0x9E, 0x01,
  0x00, 0x00, 0x0F, 0x10, 0x00, 0x07, 0x0F, 0x01, 0xBC, 0x01, 0x00, 0x00, 0x0F, 0x10, 0x00, 0x07,
  0x0F, 0x01, 0xDA, 0x01, 0x00, 0x00, 0x0F, 0x10, 0x00, 0x07, 0x0F, 0x01, 0xF8, 0x01, 0x00, 0x00,
  0x0F, 0x10, 0x00, 0x07, 0x0F, 0x01, 0x16, 0x02, 0x00, 0x00, 0x0D, 0x10, 0x00, 0x07, 0x0D, 0x01,
  0x30, 0x02, 0x00, 0x00, 0x0F, 0x10, 0x00, 0x07, 0x0F, 0x01, 0x4E, 0x02, 0x00, 0x00, 0x0D, 0x10,
  0x00, 0x07, 0x0D, 0x01, 0x68, 0x02, 0x00, 0x00, 0x06, 0x0C, 0x00, 0x0B, 0x06, 0x01, 0x71, 0x02,
  0x00, 0x00, 0x06, 0x10, 0x00, 0x0B, 0x06, 0x01, 0x7D, 0x02, 0x00, 0x00, 0x0E, 0x0E, 0x00, 0x0A,
  0x0E, 0x01, 0x96, 0x02, 0x00, 0x00, 0x0F, 0x09, 0x00, 0x0E, 0x0F, 0x01, 0xA7, 0x02, 0x00, 0x00,
  0x0E, 0x0E, 0x00, 0x0A, 0x0E, 0x01, 0xC0, 0x02, 0x00, 0x00, 0x0F, 0x10, 0x00, 0x07, 0x0F, 0x01,
  0xDE, 0x02, 0x00, 0x00, 0x12, 0x10, 0x00, 0x07, 0x12, 0x01, 0x02, 0x03, 0x00, 0x00, 0x11, 0x10,
  0x00, 0x07, 0x11, 0x01, 0x24, 0x03, 0x00, 0x00, 0x0F, 0x10, 0x00, 0x07, 0x0F, 0x01, 0x42, 0x03,
  0x00, 0x00, 0x10, 0x10, 0x00, 0x07, 0x10, 0x01, 0x62, 0x03, 0x00, 0x00, 0x10, 0x10, 0x00, 0x07,
  0x10, 0x01, 0x82, 0x03, 0x00, 0x00, 0x0E, 0x10, 0x00, 0x07, 0x0E, 0x01, 0x9E, 0x03, 0x00, 0x00,
  0x0D, 0x10, 0x00, 0x07, 0x0D, 0x01, 0xB8, 0x03, 0x00, 0x00, 0x11, 0x10, 0x00, 0x07, 0x11, 0x01,
  0xDA, 0x03, 0x00, 0x00, 0x10, 0x10, 0x00, 0x07, 0x10, 0x01, 0xFA, 0x03, 0x00, 0x00, 0x0B, 0x10,
  0x00, 0x07, 0x0B, 0x01, 0x10, 0x04, 0x00, 0x00, 0x0D, 0x10, 0x00, 0x07, 0x0D, 0x01, 0x2A, 0x04,
  0x00, 0x00, 0x10, 0x10, 0x00, 0x07, 0x10, 0x01, 0x4A, 0x04, 0x00, 0x00, 0x0D, 0x10, 0x00, 0x07,
  0x0D, 0x01, 0x64, 0x04, 0x00, 0x00, 0x14, 0x10, 0x00, 0x07, 0x14, 0x01, 0x8C, 0x04, 0x00, 0x00,
  0x11, 0x10, 0x00, 0x07, 0x11, 0x01, 0xAE, 0x04, 0x00, 0x00, 0x12, 0x10, 0x00, 0x07, 0x12, 0x01,
  0xD2, 0x04, 0x00, 0x00, 0x0F, 0x10, 0x00, 0x07, 0x0F, 0x01, 0xF0, 0x04, 0x00, 0x00, 0x13, 0x12,
  0x00, 0x07, 0x13, 0x01, 0x1B, 0x05, 0x00, 0x00, 0x10, 0x10, 0x00, 0x07, 0x10, 0x01, 0x3B, 0x05,
  0x00, 0x00, 0x0F, 0x10, 0x00, 0x07, 0x0F, 0x01, 0x59, 0x05, 0x00, 0x00, 0x0F, 0x10, 0x00, 0x07,
  0x0F, 0x01, 0x77, 0x05, 0x00, 0x00, 0x10, 0x10, 0x00, 0x07, 0x10, 0x01, 0x97, 0x05, 0x00, 0x00,
  0x10, 0x10, 0x00, 0x07, 0x10, 0x01, 0xB7, 0x05, 0x00, 0x00, 0x15, 0x10, 0x00, 0x07, 0x15, 0x01,
  0xE1, 0x05, 0x00, 0x00, 0x11, 0x10, 0x00, 0x07, 0x11, 0x01, 0x03, 0x06, 0x00, 0x00, 0x11, 0x10,
  0x00, 0x07, 0x10, 0x01, 0x25, 0x06, 0x00, 0x00, 0x0F, 0x10, 0x00, 0x07, 0x0F, 0x01, 0x43, 0x06,
  0x00, 0x00, 0x08, 0x14, 0x00, 0x07, 0x08, 0x01, 0x57, 0x06, 0x00, 0x00, 0x0B, 0x10, 0x00, 0x07,
  0x0B, 0x01, 0x6D, 0x06, 0x00, 0x00, 0x08, 0x14, 0x00, 0x07, 0x08, 0x01, 0x81, 0x06, 0x00, 0x00,
  0x0E, 0x10, 0x00, 0x07, 0x0E, 0x01, 0x9D, 0x06, 0x00, 0x00, 0x0B, 0x03, 0x00, 0x17, 0x0A, 0x01,
  0xA2, 0x06, 0x00, 0x00, 0x08, 0x12, 0x00, 0x05, 0x08, 0x01, 0xB4, 0x06, 0x00, 0x00, 0x0D, 0x0C,
  0x00, 0x0B, 0x0D, 0x01, 0xC8, 0x06, 0x00, 0x00, 0x0E, 0x10, 0x00, 0x07, 0x0E, 0x01, 0xE4, 0x06,
  0x00, 0x00, 0x0D, 0x0C, 0x00, 0x0B, 0x0C, 0x01, 0xF8, 0x06, 0x00, 0x00, 0x0E, 0x10, 0x00, 0x07,
  0x0E, 0x01, 0x14, 0x07, 0x00, 0x00, 0x0E, 0x0C, 0x00, 0x0B, 0x0E, 0x01, 0x29, 0x07, 0x00, 0x00,
  0x09, 0x11, 0x00, 0x06, 0x09, 0x01, 0x3D, 0x07, 0x00, 0x00, 0x0E, 0x11, 0x00, 0x0B, 0x0E, 0x01,
  0x5B, 0x07, 0x00, 0x00, 0x0E, 0x10, 0x00, 0x07, 0x0E, 0x01, 0x77, 0x07, 0x00, 0x00, 0x08, 0x12,
  0x00, 0x05, 0x08, 0x01, 0x89, 0x07, 0x00, 0x00, 0x08, 0x16, 0xFE, 0x05, 0x06, 0x01, 0x9F, 0x07,
  0x00, 0x00, 0x0E, 0x10, 0x00, 0x07, 0x0E, 0x01, 0xBB, 0x07, 0x00, 0x00, 0x08, 0x10, 0x00, 0x07,
  0x08, 0x01, 0xCB, 0x07, 0x00, 0x00, 0x15, 0x0C, 0x00, 0x0B, 0x15, 0x01, 0xEB, 0x07, 0x00, 0x00,
  0x0E, 0x0C, 0x00, 0x0B, 0x0E, 0x01, 0x00, 0x08, 0x00, 0x00, 0x0E, 0x0C, 0x00, 0x0B, 0x0E, 0x01,
  0x15, 0x08, 0x00, 0x00, 0x0E, 0x10, 0x00, 0x0B, 0x0E, 0x01, 0x31, 0x08, 0x00, 0x00, 0x11, 0x10,
  0x00, 0x0B, 0x0E, 0x01, 0x53, 0x08, 0x00, 0x00, 0x09, 0x0C, 0x00, 0x0B, 0x09, 0x01, 0x61, 0x08,
  0x00, 0x00, 0x0D, 0x0C, 0x00, 0x0B, 0x0D, 0x01, 0x75, 0x08, 0x00, 0x00, 0x09, 0x0F, 0x00, 0x08,
  0x09, 0x01, 0x86, 0x08, 0x00, 0x00, 0x0E, 0x0C, 0x00, 0x0B, 0x0E, 0x01, 0x9B, 0x08, 0x00, 0x00,
  0x0D, 0x0C, 0x00, 0x0B, 0x0D, 0x01, 0xAF, 0x08, 0x00, 0x00, 0x12, 0x0C, 0x00, 0x0B, 0x11, 0x01,
  0xCA, 0x08, 0x00, 0x00, 0x0D, 0x0C, 0x00, 0x0B, 0x0D, 0x01, 0xDE, 0x08, 0x00, 0x00, 0x0D, 0x10,
  0x00, 0x0B, 0x0C, 0x01, 0xF8, 0x08, 0x00, 0x00, 0x0C, 0x0C, 0x00, 0x0B, 0x0C, 0x01, 0x0A, 0x09,
  0x00, 0x00, 0x09, 0x14, 0x00, 0x07, 0x09, 0x01, 0x21, 0x09, 0x00, 0x00, 0x06, 0x14, 0x00, 0x07,
  0x06, 0x01, 0x30, 0x09, 0x00, 0x00, 0x09, 0x14, 0x00, 0x07, 0x09, 0x01, 0x47, 0x09, 0x00, 0x00,
  0x0D, 0x09, 0x00, 0x0E, 0x0D, 0x01, 0x7C, 0xF9, 0xF3, 0xE7, 0xCF, 0x1E, 0x1C, 0x38, 0x70, 0x01,
  0xC7, 0x8F, 0x9E, 0x1C, 0x77, 0x9C, 0xE7, 0x39, 0xCE, 0x73, 0x9C, 0xE0, 0x00, 0x00, 0x00, 0x00,
  0x00, 0x00, 0x00, 0x00, 0x00, 0x00, 0x00, 0x00, 0x07, 0x8F, 0x00, 0xF1, 0xC0, 0x1E, 0x38, 0x1F,
  0xFF, 0xE3, 0xFF, 0xFC, 0x7F, 0xFF, 0x81, 0xC7, 0x80, 0x78, 0xE0, 0x0F, 0x1C, 0x01, 0xE3, 0x81,
  0xFF, 0xFE, 0x3F, 0xFF, 0xC7, 0xFF, 0xF8, 0x1C, 0x78, 0x07, 0x8E, 0x00, 0xF1, 0xC0, 0x01, 0x00,
  0x06, 0x00, 0x3F, 0x81, 0xFF, 0x87, 0xFF, 0x8F, 0x2F, 0x1E, 0x40, 0x3D, 0x80, 0x7F, 0xC0, 0x7F,
  0xE0, 0x3F, 0xE0, 0x1F, 0xE0, 0x13, 0xC6, 0x27, 0x9E, 0x4F, 0x3F, 0xFC, 0x3F, 0xF8, 0x1F, 0xC0,
  0x0C, 0x00, 0x08, 0x00, 0x1E, 0x01, 0xE0, 0x7F, 0x03, 0x81, 0xFE, 0x0E, 0x03, 0x8E, 0x38, 0x06,
  0x1C, 0x70, 0x0E, 0x39, 0xC0, 0x1F, 0xF7, 0x00, 0x1F, 0xCE, 0x78, 0x1E, 0x39, 0xFC, 0x00, 0xE7,
  0xF8, 0x03, 0x8E, 0x38, 0x07, 0x38, 0x70, 0x1C, 0x38, 0xE0, 0x70, 0x7F, 0x80, 0xE0, 0x7F, 0x03,
  0x80, 0x78, 0x03, 0xC0, 0x07, 0xF0, 0x07, 0xFC, 0x03, 0x8E, 0x01, 0xC7, 0x00, 0xF3, 0x80, 0x7F,
  0xC0, 0x1F, 0xC0, 0x0F, 0xC7, 0x1F, 0xE3, 0x9F, 0xFB, 0x8F, 0x1F, 0xC7, 0x0F, 0xC3, 0xC3, 0xE1,
  0xFF, 0xF8, 0x7F, 0xFC, 0x0F, 0x8F, 0x00, 0x73, 0x9C, 0xE7, 0x38, 0x00, 0x00, 0x00, 0x00, 0x00,
  0x00, 0x1E, 0x0E, 0x0F, 0x07, 0x03, 0x83, 0xC1, 0xC0, 0xE0, 0x70, 0x38, 0x1C, 0x0E, 0x07, 0x83,
  0xC0, 0xE0, 0x70, 0x3C, 0x0E, 0x07, 0x81, 0xE0, 0x3C, 0x0E, 0x07, 0x81, 0xC0, 0xE0, 0x70, 0x3C,
  0x1E, 0x0F, 0x03, 0x81, 0xC1, 0xE0, 0xF0, 0x70, 0x38, 0x3C, 0x1C, 0x1E, 0x0E, 0x0F, 0x00, 0x0C,
  0x03, 0x03, 0xF9, 0xFE, 0x1E, 0x07, 0xC3, 0xB0, 0x00, 0x00, 0x00, 0x00, 0x00, 0x00, 0x00, 0x00,
  0x00, 0x00, 0x00, 0x03, 0x80, 0x07, 0x00, 0x0E, 0x00, 0x1C, 0x00, 0x38, 0x0F, 0xFF, 0x9F, 0xFF,
  0x3F, 0xFC, 0x03, 0x80, 0x07, 0x00, 0x0E, 0x00, 0x1C, 0x00, 0x31, 0xE7, 0x9E, 0x38, 0xC3, 0x18,
  0x7F, 0x3F, 0x9F, 0xC0, 0x00, 0x00, 0x00, 0x00, 0x31, 0xE7, 0x9E, 0x30, 0x03, 0xC0, 0x78, 0x0E,
  0x03, 0xC0, 0x70, 0x1E, 0x03, 0xC0, 0x70, 0x1E, 0x03, 0xC0, 0x70, 0x1E, 0x03, 0x80, 0xF0, 0x1E,
  0x03, 0x80, 0x07, 0xE0, 0x1F, 0xF0, 0x1F, 0xF8, 0x3C, 0x3C, 0x3E, 0x3C, 0x7E, 0x1E, 0x7F, 0x1E,
  0x7B, 0x9E, 0x79, 0x9E, 0x78, 0xDE, 0x78, 0xFE, 0x38, 0x7C, 0x3C, 0x3C, 0x1F, 0xF8, 0x0F, 0xF0,
  0x07, 0xE0, 0x07, 0x00, 0xE0, 0x3C, 0x3F, 0x87, 0xF0, 0xFE, 0x01, 0xC0, 0x38, 0x07, 0x00, 0xE0,
  0x1C, 0x03, 0x80, 0x70, 0x0E, 0x01, 0xC0, 0x38, 0x07, 0xC0, 0x7F, 0xC3, 0xFF, 0x0E, 0x1E, 0x08,
  0x78, 0x01, 0xE0, 0x07, 0x80, 0x3C, 0x01, 0xF0, 0x0F, 0x80, 0x78, 0x07, 0xC0, 0x3E, 0x01, 0xFF,
  0xE7, 0xFF, 0x9F, 0xFE, 0x0F, 0xC0, 0x7F, 0xE1, 0xFF, 0xE3, 0xC3, 0xC0, 0x07, 0x80, 0x0F, 0x01,
  0xFC, 0x03, 0xF0, 0x07, 0xF0, 0x01, 0xF0, 0x01, 0xE0, 0x83, 0xC7, 0x87, 0x8F, 0xFF, 0x0F, 0xFC,
  0x07, 0xE0, 0x00, 0xF0, 0x03, 0xE0, 0x0F, 0xC0, 0x1F, 0x80, 0x7F, 0x01, 0xFE, 0x03, 0xBC, 0x0E,
  0x78, 0x3C, 0xF0, 0xF1, 0xE1, 0xFF, 0xF3, 0xFF, 0xE7, 0xFF, 0xC0, 0x1E, 0x00, 0x3C, 0x00, 0x78,
  0x3F, 0xF8, 0x7F, 0xF0, 0xFF, 0xE1, 0xC0, 0x03, 0x80, 0x0F, 0xF8, 0x1F, 0xFC, 0x3F, 0xFC, 0x38,
  0x78, 0x00, 0x70, 0x00, 0xF0, 0x01, 0xC7, 0x87, 0x87, 0xFF, 0x07, 0xFC, 0x07, 0xE0, 0x03, 0xE0,
  0x1F, 0xE0, 0x7F, 0xE1, 0xE0, 0x03, 0x80, 0x07, 0x7C, 0x1F, 0xFC, 0x3F, 0xFC, 0x7C, 0x7C, 0xF0,
  0x79, 0xE0, 0xF1, 0xC1, 0xE3, 0xC7, 0x87, 0xFF, 0x07, 0xFC, 0x03, 0xE0, 0xFF, 0xF7, 0xFF, 0xBF,
  0xFC, 0x01, 0xE0, 0x0F, 0x00, 0xF0, 0x07, 0x80, 0x78, 0x03, 0xC0, 0x3C, 0x01, 0xE0, 0x1E, 0x00,
  0xF0, 0x0F, 0x00, 0x78, 0x07, 0x80, 0x07, 0xC0, 0x1F, 0xC0, 0x7F, 0xC0, 0xE3, 0x81, 0xC7, 0x03,
  0x8E, 0x07, 0xFC, 0x0F, 0xF8, 0x3F, 0xF8, 0xF0, 0x79, 0xE0, 0xF3, 0xC1, 0xE7, 0x83, 0xC7, 0xFF,
  0x07, 0xFC, 0x07, 0xF0, 0x0F, 0x80, 0xFE, 0x0F, 0xF8, 0xF1, 0xE7, 0x07, 0x38, 0x39, 0xC1, 0xCF,
  0x1E, 0x3F, 0xF0, 0xFF, 0x03, 0xF8, 0x07, 0x80, 0x3C, 0x03, 0xC0, 0x1E, 0x01, 0xE0, 0x31, 0xE7,
  0x9E, 0x30, 0x00, 0x0C, 0x79, 0xE7, 0x8C, 0x31, 0xE7, 0x9E, 0x30, 0x00, 0x00, 0x31, 0xE7, 0x9E,
  0x38, 0xC3, 0x18, 0x00, 0x00, 0x00, 0x60, 0x07, 0x80, 0xFE, 0x0F, 0xF0, 0xFE, 0x07, 0xC0, 0x1F,
  0x00, 0x3F, 0x80, 0x3F, 0xC0, 0x3F, 0x80, 0x1E, 0x00, 0x18, 0x00, 0x00, 0x7F, 0xFC, 0xFF, 0xF9,
  0xFF, 0xE0, 0x00, 0x07, 0xFF, 0x8F, 0xFF, 0x9F, 0xFF, 0x00, 0x00, 0x00, 0x00, 0x00, 0x01, 0x80,
  0x07, 0x80, 0x1F, 0x80, 0x3F, 0xC0, 0x1F, 0xC0, 0x1F, 0x80, 0x7E, 0x07, 0xF0, 0xFF, 0x07, 0xE0,
  0x1E, 0x00, 0x60, 0x00, 0x00, 0x00, 0x0F, 0xE0, 0x7F, 0xE1, 0xFF, 0xE1, 0xC3, 0xC0, 0x03, 0x80,
  0x1F, 0x00, 0xFC, 0x03, 0xE0, 0x07, 0x80, 0x0E, 0x00, 0x00, 0x00, 0x38, 0x00, 0xF0, 0x01, 0xF0,
  0x03, 0xC0, 0x03, 0x80, 0x03, 0xF0, 0x03, 0xFF, 0x01, 0xC0, 0xE0, 0xE0, 0x0C, 0x31, 0xF3, 0x98,
  0xFC, 0x66, 0x73, 0x19, 0x98, 0xC6, 0x66, 0x31, 0x99, 0xDE, 0x66, 0x7F, 0xF0, 0xCF, 0x38, 0x38,
  0x00, 0x07, 0x00, 0x00, 0xFF, 0x00, 0x0F, 0xC0, 0x03, 0xE0, 0x01, 0xF0, 0x01, 0xF8, 0x00, 0xFE,
  0x00, 0xFF, 0x00, 0x7B, 0x80, 0x39, 0xE0, 0x3C, 0xF0, 0x1E, 0x3C, 0x0E, 0x1E, 0x0F, 0xFF, 0x07,
  0xFF, 0xC7, 0xFF, 0xE3, 0xC0, 0x71, 0xE0, 0x3D, 0xE0, 0x1E, 0x7F, 0xF0, 0xFF, 0xF1, 0xFF, 0xF3,
  0xC1, 0xE7, 0x83, 0xCF, 0x07, 0x9F, 0xFE, 0x3F, 0xFC, 0x7F, 0xFC, 0xF0, 0x7D, 0xE0, 0x7B, 0xC0,
  0xF7, 0x83, 0xEF, 0xFF, 0x9F, 0xFE, 0x3F, 0xF8, 0x03, 0xF0, 0x0F, 0xFC, 0x1F, 0xFE, 0x3E, 0x1E,
  0x3C, 0x08, 0x78, 0x00, 0x78, 0x00, 0x78, 0x00, 0x78, 0x00, 0x78, 0x00, 0x78, 0x00, 0x3C, 0x00,
  0x3E, 0x1E, 0x1F, 0xFE, 0x0F, 0xFC, 0x03, 0xF0, 0x7F, 0xC0, 0x7F, 0xF8, 0x7F, 0xFC, 0x78, 0x3C,
  0x78, 0x1E, 0x78, 0x1E, 0x78, 0x0E, 0x78, 0x0F, 0x78, 0x0F, 0x78, 0x0E, 0x78, 0x1E, 0x78, 0x1E,
  0x78, 0x3C, 0x7F, 0xFC, 0x7F, 0xF8, 0x7F, 0xC0, 0x7F, 0xF9, 0xFF, 0xE7, 0xFF, 0x9E, 0x00, 0x78,
  0x01, 0xE0, 0x07, 0xFC, 0x1F, 0xF0, 0x7F, 0xC1, 0xE0, 0x07, 0x80, 0x1E, 0x00, 0x78, 0x01, 0xFF,
  0xE7, 0xFF, 0x9F, 0xFE, 0x7F, 0xFB, 0xFF, 0xDF, 0xFC, 0xF0, 0x07, 0x80, 0x3C, 0x01, 0xFF, 0xEF,
  0xFF, 0x7F, 0xF3, 0xC0, 0x1E, 0x00, 0xF0, 0x07, 0x80, 0x3C, 0x01, 0xE0, 0x0F, 0x00, 0x03, 0xF0,
  0x07, 0xFE, 0x07, 0xFF, 0x87, 0xC3, 0x83, 0xC0, 0x03, 0xC0, 0x01, 0xE0, 0x00, 0xF0, 0xFE, 0x78,
  0x7F, 0x3C, 0x3F, 0x9E, 0x01, 0xC7, 0x81, 0xE3, 0xE0, 0xF0, 0xFF, 0xF8, 0x3F, 0xFC, 0x07, 0xC6,
  0x78, 0x1E, 0x78, 0x1E, 0x78, 0x1E, 0x78, 0x1E, 0x78, 0x1E, 0x78, 0x1E, 0x7F, 0xFE, 0x7F, 0xFE,
  0x7F, 0xFE, 0x78, 0x1E, 0x78, 0x1E, 0x78, 0x1E, 0x78, 0x1E, 0x78, 0x1E, 0x78, 0x1E, 0x78, 0x1E,
  0x7F, 0xCF, 0xF8, 0xFE, 0x07, 0x00, 0xE0, 0x1C, 0x03, 0x80, 0x70, 0x0E, 0x01, 0xC0, 0x38, 0x07,
  0x00, 0xE0, 0x7F, 0x1F, 0xF3, 0xFE, 0x00, 0x70, 0x03, 0x80, 0x1C, 0x00, 0xE0, 0x07, 0x00, 0x38,
  0x01, 0xC0, 0x0E, 0x00, 0x70, 0x03, 0x80, 0x1C, 0xE1, 0xEF, 0x8F, 0x3F, 0xF0, 0xFF, 0x83, 0xF0,
  0x78, 0x3E, 0x78, 0x7C, 0x78, 0xF8, 0x79, 0xF0, 0x79, 0xE0, 0x7B, 0xC0, 0x7F, 0x80, 0x7F, 0x80,
  0x7F, 0xC0, 0x7F, 0xE0, 0x7D, 0xF0, 0x78, 0xF0, 0x78, 0x78, 0x78, 0x7C, 0x78, 0x3C, 0x78, 0x1E,
  0x78, 0x03, 0xC0, 0x1E, 0x00, 0xF0, 0x07, 0x80, 0x3C, 0x01, 0xE0, 0x0F, 0x00, 0x78, 0x03, 0xC0,
  0x1E, 0x00, 0xF0, 0x07, 0x80, 0x3F, 0xF9, 0xFF, 0xEF, 0xFF, 0x7E, 0x07, 0xE7, 0xE0, 0x7E, 0x7E,
  0x07, 0xE7, 0xF0, 0xFE, 0x7F, 0x0F, 0xE7, 0xF0, 0xFE, 0x7B, 0x8F, 0xE7, 0xB9, 0xDE, 0x7B, 0x9D,
  0xE7, 0x9D, 0xDE, 0x79, 0xF9, 0xE7, 0x9F, 0x9E, 0x79, 0xF9, 0xE7, 0x8F, 0x1E, 0x78, 0xF1, 0xE7,
  0x8F, 0x1E, 0x7C, 0x0F, 0x3F, 0x07, 0x9F, 0x83, 0xCF, 0xE1, 0xE7, 0xF0, 0xF3, 0xFC, 0x79, 0xEE,
  0x3C, 0xF7, 0x9E, 0x79, 0xEF, 0x3C, 0xF7, 0x9E, 0x3F, 0xCF, 0x1F, 0xE7, 0x87, 0xF3, 0xC1, 0xF9,
  0xE0, 0xFC, 0xF0, 0x3E, 0x03, 0xF0, 0x03, 0xFF, 0x01, 0xFF, 0xE0, 0xF8, 0x7C, 0x3C, 0x0F, 0x9E,
  0x01, 0xE7, 0x80, 0x79, 0xE0, 0x1E, 0x78, 0x07, 0x9E, 0x01, 0xE7, 0x80, 0x78, 0xF0, 0x3E, 0x3E,
  0x1F, 0x07, 0xFF, 0x80, 0xFF, 0xC0, 0x0F, 0xC0, 0x7F, 0xE0, 0xFF, 0xF1, 0xFF, 0xF3, 0xC1, 0xE7,
  0x83, 0xCF, 0x07, 0x9E, 0x0F, 0x3F, 0xFE, 0x7F, 0xF8, 0xFF, 0x81, 0xE0, 0x03, 0xC0, 0x07, 0x80,
  0x0F, 0x00, 0x1E, 0x00, 0x3C, 0x00, 0x03, 0xF0, 0x01, 0xFF, 0x80, 0x7F, 0xF8, 0x1F, 0x0F, 0x83,
  0xC0, 0xF8, 0xF0, 0x0F, 0x1E, 0x01, 0xE3, 0xC0, 0x3C, 0x78, 0x77, 0x8F, 0x1F, 0xF1, 0xE1, 0xFE,
  0x1E, 0x0F, 0xC3, 0xE1, 0xF0, 0x3F, 0xFF, 0x03, 0xFF, 0xF0, 0x1F, 0x8E, 0x00, 0x00, 0x80, 0x00,
  0x00, 0x7F, 0xE0, 0x7F, 0xF8, 0x7F, 0xFC, 0x78, 0x3C, 0x78, 0x3C, 0x78, 0x3C, 0x78, 0x3C, 0x7F,
  0xFC, 0x7F, 0xF8, 0x7F, 0xE0, 0x79, 0xE0, 0x78, 0xF0, 0x78, 0xF8, 0x78, 0x78, 0x78, 0x3C, 0x78,
  0x1E, 0x0F, 0xC0, 0x7F, 0xE1, 0xFF, 0xE3, 0xC3, 0xC7, 0x80, 0x0F, 0x00, 0x1F, 0xE0, 0x1F, 0xF8,
  0x1F, 0xF8, 0x03, 0xF8, 0x00, 0xF0, 0x81, 0xE7, 0x83, 0xCF, 0xFF, 0x0F, 0xFC, 0x07, 0xE0, 0xFF,
  0xFD, 0xFF, 0xFB, 0xFF, 0xF0, 0x1C, 0x00, 0x38, 0x00, 0x70, 0x00, 0xE0, 0x01, 0xC0, 0x03, 0x80,
  0x07, 0x00, 0x0E, 0x00, 0x1C, 0x00, 0x38, 0x00, 0x70, 0x00, 0xE0, 0x01, 0xC0, 0x78, 0x1E, 0x78,
  0x1E, 0x78, 0x1E, 0x78, 0x1E, 0x78, 0x1E, 0x78, 0x1E, 0x78, 0x1E, 0x78, 0x1E, 0x78, 0x1E, 0x78,
  0x1E, 0x78, 0x1E, 0x78, 0x1E, 0x3C, 0x3C, 0x3F, 0xFC, 0x1F, 0xF8, 0x07, 0xE0, 0xF0, 0x1E, 0x78,
  0x1E, 0x78, 0x1E, 0x78, 0x3C, 0x3C, 0x3C, 0x3C, 0x3C, 0x3C, 0x78, 0x1E, 0x78, 0x1E, 0x78, 0x1E,
  0x70, 0x0E, 0xF0, 0x0F, 0xF0, 0x0F, 0xE0, 0x07, 0xE0, 0x07, 0xE0, 0x07, 0xC0, 0xF0, 0xF8, 0x7B,
  0x87, 0xC3, 0xDE, 0x3E, 0x1C, 0xF1, 0xF1, 0xE7, 0x8F, 0xCF, 0x1C, 0xFE, 0x78, 0xE7, 0x73, 0x87,
  0xBB, 0x9C, 0x3D, 0xDD, 0xE0, 0xEE, 0x7F, 0x07, 0xE3, 0xF0, 0x3F, 0x1F, 0x81, 0xF8, 0xFC, 0x0F,
  0xC7, 0xE0, 0x3C, 0x1E, 0x01, 0xE0, 0xF0, 0x78, 0x1F, 0x1E, 0x0F, 0x0F, 0x8F, 0x03, 0xEF, 0x80,
  0xFF, 0x80, 0x7F, 0x80, 0x1F, 0xC0, 0x07, 0xC0, 0x03, 0xE0, 0x03, 0xF8, 0x03, 0xFE, 0x03, 0xEF,
  0x01, 0xE7, 0xC1, 0xF1, 0xF1, 0xF0, 0x78, 0xF0, 0x1E, 0x78, 0x0F, 0x3E, 0x0F, 0x0F, 0x0F, 0x87,
  0xC7, 0x81, 0xE7, 0x80, 0x7B, 0xC0, 0x3F, 0xC0, 0x0F, 0xE0, 0x03, 0xE0, 0x01, 0xE0, 0x00, 0xF0,
  0x00, 0x78, 0x00, 0x3C, 0x00, 0x1E, 0x00, 0x0F, 0x00, 0x07, 0x80, 0x7F, 0xFC, 0xFF, 0xF9, 0xFF,
  0xF0, 0x07, 0xC0, 0x0F, 0x00, 0x3E, 0x00, 0xF8, 0x03, 0xE0, 0x07, 0x80, 0x1F, 0x00, 0x7C, 0x01,
  0xF0, 0x03, 0xC0, 0x0F, 0xFF, 0x9F, 0xFF, 0x3F, 0xFE, 0x7E, 0x7E, 0x7E, 0x70, 0x70, 0x70, 0x70,
  0x70, 0x70, 0x70, 0x70, 0x70, 0x70, 0x70, 0x70, 0x70, 0x70, 0x7E, 0x7E, 0x7E, 0x70, 0x0F, 0x01,
  0xE0, 0x1C, 0x03, 0xC0, 0x38, 0x07, 0x80, 0xF0, 0x0E, 0x01, 0xE0, 0x3C, 0x03, 0x80, 0x78, 0x07,
  0x00, 0xF0, 0x1E, 0x7E, 0x7E, 0x7E, 0x0E, 0x0E, 0x0E, 0x0E, 0x0E, 0x0E, 0x0E, 0x0E, 0x0E, 0x0E,
  0x0E, 0x0E, 0x0E, 0x0E, 0x7E, 0x7E, 0x7E, 0x03, 0x00, 0x1E, 0x00, 0x78, 0x03, 0xF0, 0x0F, 0xE0,
  0x7B, 0x81, 0xCF, 0x0E, 0x1C, 0x38, 0x78, 0x00, 0x00, 0x00, 0x00, 0x00, 0x00, 0x00, 0x00, 0x00,
  0x00, 0x00, 0x00, 0xFF, 0xDF, 0xFB, 0xFF, 0x00, 0x00, 0x70, 0x38, 0x1C, 0x00, 0x00, 0x00, 0x00,
  0x00, 0x00, 0x00, 0x00, 0x00, 0x00, 0x00, 0x00, 0x00, 0x00, 0x0F, 0xC0, 0xFF, 0x0F, 0xFC, 0x31,
  0xE0, 0x0F, 0x07, 0xF8, 0xFF, 0xCF, 0x1E, 0x78, 0xF3, 0xFF, 0x9F, 0xFC, 0x7C, 0xE0, 0x78, 0x01,
  0xE0, 0x07, 0x80, 0x1E, 0x00, 0x79, 0xE1, 0xFF, 0xC7, 0xFF, 0x9F, 0x1E, 0x78, 0x3D, 0xE0, 0xF7,
  0x83, 0xDE, 0x0F, 0x7C, 0x79, 0xFF, 0xE7, 0xFF, 0x1E, 0xF8, 0x0F, 0x81, 0xFF, 0x0F, 0xFC, 0xF0,
  0xC7, 0x80, 0x38, 0x01, 0xC0, 0x0F, 0x00, 0x78, 0x41, 0xFF, 0x8F, 0xF8, 0x1F, 0x00, 0x00, 0x78,
  0x01, 0xE0, 0x07, 0x80, 0x1E, 0x0F, 0x78, 0xFF, 0xE7, 0xFF, 0x9E, 0x1E, 0x78, 0x79, 0xC0, 0xE7,
  0x03, 0x9E, 0x1E, 0x78, 0x79, 0xFF, 0xE3, 0xFF, 0x83, 0xCE, 0x0F, 0x80, 0x7F, 0x83, 0xFF, 0x1E,
  0x1C, 0x70, 0x79, 0xFF, 0xE7, 0xFF, 0x9C, 0x00, 0x78, 0x00, 0xFF, 0xC1, 0xFE, 0x03, 0xF0, 0x0F,
  0x1F, 0x8F, 0xC7, 0x83, 0xC7, 0xFB, 0xFD, 0xFE, 0x3C, 0x1E, 0x0F, 0x07, 0x83, 0xC1, 0xE0, 0xF0,
  0x78, 0x3C, 0x00, 0x0F, 0x38, 0xFF, 0xE7, 0xFF, 0x9E, 0x1E, 0x78, 0x79, 0xC0, 0xE7, 0x03, 0x9E,
  0x1E, 0x78, 0x79, 0xFF, 0xE3, 0xFF, 0x83, 0xDE, 0x00, 0x78, 0x21, 0xE3, 0xFF, 0x07, 0xFC, 0x0F,
  0xC0, 0x78, 0x01, 0xE0, 0x07, 0x80, 0x1E, 0x00, 0x79, 0xE1, 0xFF, 0xC7, 0xFF, 0x1F, 0x3C, 0x78,
  0x79, 0xE1, 0xE7, 0x87, 0x9E, 0x1E, 0x78, 0x79, 0xE1, 0xE7, 0x87, 0x9E, 0x1E, 0x1C, 0x1E, 0x1E,
  0x1C, 0x00, 0x00, 0x7E, 0x7E, 0x7E, 0x1E, 0x1E, 0x1E, 0x1E, 0x1E, 0x1E, 0x1E, 0x1E, 0x1E, 0x0E,
  0x1E, 0x1E, 0x0E, 0x00, 0x00, 0x1E, 0x1E, 0x1E, 0x1E, 0x1E, 0x1E, 0x1E, 0x1E, 0x1E, 0x1E, 0x1E,
  0x1E, 0x1E, 0xFE, 0xFC, 0xF8, 0x78, 0x01, 0xE0, 0x07, 0x80, 0x1E, 0x00, 0x78, 0xF9, 0xE3, 0xC7,
  0x9E, 0x1E, 0xF0, 0x7F, 0x81, 0xFE, 0x07, 0xFC, 0x1F, 0xF0, 0x79, 0xE1, 0xE7, 0xC7, 0x8F, 0x1E,
  0x1E, 0x78, 0x78, 0x78, 0x78, 0x78, 0x78, 0x78, 0x78, 0x78, 0x78, 0x78, 0x78, 0x78, 0x7E, 0x7E,
  0x3E, 0x7B, 0xE3, 0xC3, 0xFF, 0xFF, 0x1F, 0xFF, 0xFC, 0xF9, 0xF1, 0xE7, 0x87, 0x8F, 0x3C, 0x38,
  0x79, 0xE1, 0xC3, 0xCF, 0x0E, 0x1E, 0x78, 0x70, 0xF3, 0xC3, 0x87, 0x9E, 0x1C, 0x3C, 0xF0, 0xE1,
  0xE0, 0x7B, 0xE1, 0xFF, 0xC7, 0xFF, 0x1F, 0x3C, 0x78, 0x79, 0xE1, 0xE7, 0x87, 0x9E, 0x1E, 0x78,
  0x79, 0xE1, 0xE7, 0x87, 0x9E, 0x1E, 0x0F, 0xC0, 0x7F, 0x83, 0xFF, 0x1E, 0x1E, 0x78, 0x79, 0xC1,
  0xE7, 0x07, 0x9E, 0x1E, 0x78, 0x78, 0xFF, 0xC1, 0xFE, 0x03, 0xF0, 0x7B, 0xE1, 0xFF, 0xC7, 0xFF,
  0x9F, 0x1E, 0x78, 0x3D, 0xE0, 0xF7, 0x83, 0xDE, 0x0F, 0x7C, 0x79, 0xFF, 0xE7, 0xFF, 0x1E, 0x78,
  0x78, 0x01, 0xE0, 0x07, 0x80, 0x1E, 0x00, 0x0F, 0x38, 0x1F, 0xFC, 0x1F, 0xFE, 0x0F, 0x0F, 0x07,
  0x87, 0x83, 0x81, 0xC1, 0xC0, 0xE0, 0xF0, 0xF0, 0x78, 0x78, 0x3F, 0xFC, 0x0F, 0xFE, 0x01, 0xEF,
  0x00, 0x07, 0x80, 0x01, 0xF8, 0x00, 0xFC, 0x00, 0x3E, 0x73, 0xBB, 0xDF, 0xEF, 0xF7, 0xC3, 0xC1,
  0xE0, 0xF0, 0x78, 0x3C, 0x1E, 0x0F, 0x00, 0x1F, 0x81, 0xFF, 0x1F, 0xF8, 0xE1, 0x07, 0x80, 0x1F,
  0xE0, 0x7F, 0xC0, 0x1E, 0x30, 0xF3, 0xFF, 0x8F, 0xF8, 0x1F, 0x00, 0x18, 0x1E, 0x0F, 0x1F, 0xFF,
  0xFF, 0xF8, 0xF0, 0x78, 0x3C, 0x1E, 0x0F, 0x07, 0x83, 0xF0, 0xFC, 0x7E, 0x78, 0x71, 0xE1, 0xC7,
  0x87, 0x1E, 0x1C, 0x78, 0x71, 0xE1, 0xC7, 0x87, 0x1E, 0x1C, 0x78, 0xF0, 0xFF, 0xC3, 0xFF, 0x07,
  0x9C, 0xF0, 0x73, 0x87, 0x9E, 0x3C, 0xF1, 0xC3, 0x9E, 0x1C, 0xF0, 0xF7, 0x03, 0xF8, 0x1F, 0xC0,
  0xFC, 0x03, 0xE0, 0x1F, 0x00, 0xF1, 0xC3, 0xBC, 0x79, 0xE7, 0x3E, 0x79, 0xCF, 0x9C, 0x7B, 0xE7,
  0x1E, 0xD9, 0xC3, 0xB7, 0xF0, 0xFD, 0xF8, 0x3F, 0x3E, 0x0F, 0x8F, 0x81, 0xE3, 0xE0, 0x78, 0xF0,
  0x78, 0xF3, 0xCF, 0x0F, 0x78, 0x3F, 0x80, 0xF8, 0x07, 0xC0, 0x3E, 0x03, 0xF8, 0x3F, 0xC1, 0xEF,
  0x1E, 0x3D, 0xE1, 0xE0, 0xF0, 0xF3, 0x87, 0x9E, 0x38, 0xF3, 0xC3, 0x9E, 0x1E, 0xE0, 0xF7, 0x03,
  0xF8, 0x1F, 0x80, 0x7C, 0x03, 0xC0, 0x1E, 0x00, 0xF0, 0x1F, 0x00, 0xF8, 0x07, 0x00, 0x7F, 0xF7,
  0xFF, 0x7F, 0xF0, 0x3E, 0x07, 0xC0, 0xF8, 0x1F, 0x03, 0xE0, 0x7C, 0x07, 0xFF, 0x7F, 0xF7, 0xFF,
  0x0F, 0x0F, 0x8F, 0xC7, 0x83, 0xC1, 0xE0, 0xF0, 0x78, 0x3C, 0x3C, 0x1C, 0x0F, 0x03, 0xC1, 0xE0,
  0xF0, 0x78, 0x3C, 0x1F, 0x87, 0xC1, 0xE0, 0x79, 0xE7, 0x9E, 0x79, 0xE7, 0x9E, 0x79, 0xE7, 0x9E,
  0x79, 0xE7, 0x9E, 0x79, 0xE7, 0x9E, 0x78, 0x3E, 0x1F, 0x03, 0xC1, 0xE0, 0xF0, 0x78, 0x3C, 0x1E,
  0x07, 0x81, 0xC1, 0xE1, 0xE0, 0xF0, 0x78, 0x3C, 0x1E, 0x3E, 0x1F, 0x0F, 0x00, 0x00, 0x01, 0xE3,
  0x8F, 0xFC, 0xFF, 0xC7, 0x1C, 0x00, 0x00, 0x00, 0x00, 0x00, 0x00, 0x00,
};
static const uint8_t font_blob_print34b[] = {
  0x43, 0x46, 0x4E, 0x54, 0x01, 0x01, 0x2B, 0x21, 0x20, 0x00, 0x5F, 0x00, 0x00, 0x00, 0x00, 0x00,
  0x00, 0x00, 0x00, 0x00, 0x0B, 0x00, 0x00, 0x21, 0x0B, 0x01, 0x00, 0x00, 0x00, 0x00, 0x0A, 0x16,
  0x00, 0x0B, 0x0A, 0x01, 0x1C, 0x00, 0x00, 0x00, 0x0E, 0x16, 0x00, 0x0B, 0x0E, 0x01, 0x43, 0x00,
  0x00, 0x00, 0x1B, 0x16, 0x00, 0x0B, 0x1B, 0x01, 0x8E, 0x00, 0x00, 0x00, 0x15, 0x1C, 0x00, 0x08,
  0x15, 0x01, 0xD8, 0x00, 0x00, 0x00, 0x21, 0x16, 0x00, 0x0B, 0x21, 0x01, 0x33, 0x01, 0x00, 0x00,
  0x18, 0x18, 0x00, 0x09, 0x18, 0x01, 0x7B, 0x01, 0x00, 0x00, 0x08, 0x16, 0x00, 0x0B, 0x08, 0x01,
  0x91, 0x01, 0x00, 0x00, 0x0C, 0x1B, 0x00, 0x0B, 0x0C, 0x01, 0xBA, 0x01, 0x00, 0x00, 0x0C, 0x1B,
  0x00, 0x0B, 0x0C, 0x01, 0xE3, 0x01, 0x00, 0x00, 0x0F, 0x16, 0x00, 0x0B, 0x0F, 0x01, 0x0D, 0x02,
  0x00, 0x00, 0x15, 0x11, 0x00, 0x10, 0x15, 0x01, 0x3A, 0x02, 0x00, 0x00, 0x08, 0x0B, 0x00, 0x1B,
  0x08, 0x01, 0x45, 0x02, 0x00, 0x00, 0x0D, 0x0A, 0x00, 0x17, 0x0D, 0x01, 0x56, 0x02, 0x00, 0x00,
  0x08, 0x07, 0x00, 0x1A, 0x08, 0x01, 0x5D, 0x02, 0x00, 0x00, 0x0F, 0x16, 0x00, 0x0B, 0x0F, 0x01,
  0x87, 0x02, 0x00, 0x00, 0x16, 0x16, 0x00, 0x0B, 0x16, 0x01, 0xC4, 0x02, 0x00, 0x00, 0x0F, 0x16,
  0x00, 0x0B, 0x0F, 0x01, 0xEE, 0x02, 0x00, 0x00, 0x14, 0x16, 0x00, 0x0B, 0x14, 0x01, 0x25, 0x03,
  0x00, 0x00, 0x15, 0x16, 0x00, 0x0B, 0x15, 0x01, 0x5F, 0x03, 0x00, 0x00, 0x15, 0x16, 0x00, 0x0B,
  0x15, 0x01, 0x99, 0x03, 0x00, 0x00, 0x15, 0x16, 0x00, 0x0B, 0x15, 0x01, 0xD3, 0x03, 0x00, 0x00,
  0x15, 0x16, 0x00, 0x0B, 0x15, 0x01, 0x0D, 0x04, 0x00, 0x00, 0x12, 0x16, 0x00, 0x0B, 0x12, 0x01,
  0x3F, 0x04, 0x00, 0x00, 0x15, 0x16, 0x00, 0x0B, 0x15, 0x01, 0x79, 0x04, 0x00, 0x00, 0x13, 0x16,
  0x00, 0x0B, 0x13, 0x01, 0xAE, 0x04, 0x00, 0x00, 0x08, 0x11, 0x00, 0x10, 0x08, 0x01, 0xBF, 0x04,
  0x00, 0x00, 0x08, 0x15, 0x00, 0x10, 0x08, 0x01, 0xD4, 0x04, 0x00, 0x00, 0x13, 0x13, 0x00, 0x0F,
  0x13, 0x01, 0x02, 0x05, 0x00, 0x00, 0x15, 0x0D, 0x00, 0x14, 0x15, 0x01, 0x25, 0x05, 0x00, 0x00,
  0x13, 0x13, 0x00, 0x0F, 0x13, 0x01, 0x53, 0x05, 0x00, 0x00, 0x15, 0x16, 0x00, 0x0B, 0x15, 0x01,
  0x8D, 0x05, 0x00, 0x00, 0x1A, 0x16, 0x00, 0x0B, 0x1A, 0x01, 0xD5, 0x05, 0x00, 0x00, 0x18, 0x16,
  0x00, 0x0B, 0x17, 0x01, 0x17, 0x06, 0x00, 0x00, 0x16, 0x16, 0x00, 0x0B, 0x16, 0x01, 0x54, 0x06,
  0x00, 0x00, 0x17, 0x16, 0x00, 0x0B, 0x17, 0x01, 0x94, 0x06, 0x00, 0x00, 0x17, 0x16, 0x00, 0x0B,
  0x17, 0x01, 0xD4, 0x06, 0x00, 0x00, 0x14, 0x16, 0x00, 0x0B, 0x14, 0x01, 0x0B, 0x07, 0x00, 0x00,
  0x13, 0x16, 0x00, 0x0B, 0x13, 0x01, 0x40, 0x07, 0x00, 0x00, 0x18, 0x16, 0x00, 0x0B, 0x18, 0x01,
  0x82, 0x07, 0x00, 0x00, 0x17, 0x16, 0x00, 0x0B, 0x17, 0x01, 0xC2, 0x07, 0x00, 0x00, 0x10, 0x16,
  0x00, 0x0B, 0x10, 0x01, 0xEE, 0x07, 0x00, 0x00, 0x13, 0x16, 0x00, 0x0B, 0x13, 0x01, 0x23, 0x08,
  0x00, 0x00, 0x17, 0x16, 0x00, 0x0B, 0x16, 0x01, 0x63, 0x08, 0x00, 0x00, 0x12, 0x16, 0x00, 0x0B,
  0x12, 0x01, 0x95, 0x08, 0x00, 0x00, 0x1D, 0x16, 0x00, 0x0B, 0x1D, 0x01, 0xE5, 0x08, 0x00, 0x00,
  0x18, 0x16, 0x00, 0x0B, 0x18, 0x01, 0x27, 0x09, 0x00, 0x00, 0x1A, 0x16, 0x00, 0x0B, 0x1A, 0x01,
  0x6F, 0x09, 0x00, 0x00, 0x15, 0x16, 0x00, 0x0B, 0x15, 0x01, 0xA9, 0x09, 0x00, 0x00, 0x1B, 0x18,
  0x00, 0x0B, 0x1B, 0x01, 0xFA, 0x09, 0x00, 0x00, 0x16, 0x16, 0x00, 0x0B, 0x16, 0x01, 0x37, 0x0A,
  0x00, 0x00, 0x15, 0x16, 0x00, 0x0B, 0x15, 0x01, 0x71, 0x0A, 0x00, 0x00, 0x15, 0x16, 0x00, 0x0B,
  0x15, 0x01, 0xAB, 0x0A, 0x00, 0x00, 0x17, 0x16, 0x00, 0x0B, 0x17, 0x01, 0xEB, 0x0A, 0x00, 0x00,
  0x16, 0x16, 0x00, 0x0B, 0x16, 0x01, 0x28, 0x0B, 0x00, 0x00, 0x1E, 0x16, 0x00, 0x0B, 0x1E, 0x01,
  0x7B, 0x0B, 0x00, 0x00, 0x18, 0x16, 0x00, 0x0B, 0x18, 0x01, 0xBD, 0x0B, 0x00, 0x00, 0x18, 0x16,
  0x00, 0x0B, 0x17, 0x01, 0xFF, 0x0B, 0x00, 0x00, 0x15, 0x16, 0x00, 0x0B, 0x15, 0x01, 0x39, 0x0C,
  0x00, 0x00, 0x0B, 0x1B, 0x00, 0x0B, 0x0B, 0x01, 0x5F, 0x0C, 0x00, 0x00, 0x0F, 0x16, 0x00, 0x0B,
  0x0F, 0x01, 0x89, 0x0C, 0x00, 0x00, 0x0B, 0x1B, 0x00, 0x0B, 0x0B, 0x01, 0xAF, 0x0C, 0x00, 0x00,
  0x14, 0x16, 0x00, 0x0B, 0x14, 0x01, 0xE6, 0x0C, 0x00, 0x00, 0x0F, 0x04, 0x00, 0x21, 0x0F, 0x01,
  0xEE, 0x0C, 0x00, 0x00, 0x0B, 0x18, 0x00, 0x09, 0x0B, 0x01, 0x0F, 0x0D, 0x00, 0x00, 0x13, 0x11,
  0x00, 0x10, 0x13, 0x01, 0x38, 0x0D, 0x00, 0x00, 0x14, 0x16, 0x00, 0x0B, 0x14, 0x01, 0x6F, 0x0D,
  0x00, 0x00, 0x12, 0x11, 0x00, 0x10, 0x12, 0x01, 0x96, 0x0D, 0x00, 0x00, 0x14, 0x16, 0x00, 0x0B,
  0x14, 0x01, 0xCD, 0x0D, 0x00, 0x00, 0x13, 0x11, 0x00, 0x10, 0x13, 0x01, 0xF6, 0x0D, 0x00, 0x00,
  0x0C, 0x18, 0x00, 0x09, 0x0C, 0x01, 0x1A, 0x0E, 0x00, 0x00, 0x14, 0x18, 0x00, 0x10, 0x14, 0x01,
  0x56, 0x0E, 0x00, 0x00, 0x13, 0x16, 0x00, 0x0B, 0x13, 0x01, 0x8B, 0x0E, 0x00, 0x00, 0x0B, 0x19,
  0x00, 0x08, 0x0B, 0x01, 0xAE, 0x0E, 0x00, 0x00, 0x0C, 0x1F, 0xFD, 0x07, 0x09, 0x01, 0xDD, 0x0E,
  0x00, 0x00, 0x14, 0x16, 0x00, 0x0B, 0x13, 0x01, 0x14, 0x0F, 0x00, 0x00, 0x0B, 0x16, 0x00, 0x0B,
  0x0B, 0x01, 0x33, 0x0F, 0x00, 0x00, 0x1E, 0x11, 0x00, 0x10, 0x1E, 0x01, 0x73, 0x0F, 0x00, 0x00,
  0x13, 0x11, 0x00, 0x10, 0x13, 0x01, 0x9C, 0x0F, 0x00, 0x00, 0x13, 0x11, 0x00, 0x10, 0x13, 0x01,
  0xC5, 0x0F, 0x00, 0x00, 0x14, 0x16, 0x00, 0x10, 0x14, 0x01, 0xFC, 0x0F, 0x00, 0x00, 0x17, 0x16,
  0x00, 0x10, 0x14, 0x01, 0x3C, 0x10, 0x00, 0x00, 0x0D, 0x11, 0x00, 0x10, 0x0D, 0x01, 0x58, 0x10,
  0x00, 0x00, 0x12, 0x11, 0x00, 0x10, 0x12, 0x01, 0x7F, 0x10, 0x00, 0x00, 0x0D, 0x15, 0x00, 0x0C,
  0x0D, 0x01, 0xA2, 0x10, 0x00, 0x00, 0x13, 0x11, 0x00, 0x10, 0x13, 0x01, 0xCB, 0x10, 0x00, 0x00,
  0x12, 0x11, 0x00, 0x10, 0x12, 0x01, 0xF2, 0x10, 0x00, 0x00, 0x19, 0x11, 0x00, 0x10, 0x19, 0x01,
  0x28, 0x11, 0x00, 0x00, 0x13, 0x11, 0x00, 0x10, 0x12, 0x01, 0x51, 0x11, 0x00, 0x00, 0x12, 0x16,
  0x00, 0x10, 0x12, 0x01, 0x83, 0x11, 0x00, 0x00, 0x12, 0x11, 0x00, 0x10, 0x12, 0x01, 0xAA, 0x11,
  0x00, 0x00, 0x0D, 0x1B, 0x00, 0x0B, 0x0D, 0x01, 0xD6, 0x11, 0x00, 0x00, 0x08, 0x1B, 0x00, 0x0B,
  0x08, 0x01, 0xF1, 0x11, 0x00, 0x00, 0x0D, 0x1B, 0x00, 0x0B, 0x0D, 0x01, 0x1D, 0x12, 0x00, 0x00,
  0x12, 0x0D, 0x00, 0x14, 0x12, 0x01, 0x7F, 0x1F, 0xC7, 0xF1, 0xFC, 0x7F, 0x0F, 0xC3, 0xF0, 0xFC,
  0x3F, 0x0F, 0x83, 0xE0, 0xF8, 0x1E, 0x07, 0x80, 0x00, 0x70, 0x3E, 0x0F, 0xC3, 0xF0, 0xFC, 0x3E,
  0x07, 0x00, 0x7C, 0xF9, 0xF3, 0xC3, 0xCF, 0x0F, 0x3C, 0x3C, 0xF0, 0xF3, 0xC3, 0xCF, 0x0F, 0x3C,
  0x00, 0x00, 0x00, 0x00, 0x00, 0x00, 0x00, 0x00, 0x00, 0x00, 0x00, 0x00, 0x00, 0x00, 0x00, 0x00,
  0x00, 0x00, 0x00, 0x00, 0x00, 0x00, 0x00, 0x00, 0x00, 0x00, 0xF8, 0x7C, 0x00, 0x1E, 0x0F, 0x80,
  0x07, 0xC1, 0xF0, 0x00, 0xF8, 0x3E, 0x01, 0xFF, 0xFF, 0xFC, 0x3F, 0xFF, 0xFF, 0x87, 0xFF, 0xFF,
  0xE1, 0xFF, 0xFF, 0xFC, 0x3F, 0xFF, 0xFF, 0x80, 0x7C, 0x1F, 0x00, 0x0F, 0x83, 0xC0, 0x01, 0xF0,
  0x78, 0x00, 0x3E, 0x1F, 0x00, 0xFF, 0xFF, 0xFE, 0x1F, 0xFF, 0xFF, 0xC3, 0xFF, 0xFF, 0xF8, 0x7F,
  0xFF, 0xFF, 0x0F, 0xFF, 0xFF, 0xE0, 0x1F, 0x07, 0x80, 0x03, 0xE1, 0xF0, 0x00, 0x7C, 0x3E, 0x00,
  0x0F, 0x07, 0xC0, 0x00, 0x00, 0x70, 0x00, 0x03, 0x80, 0x00, 0x1C, 0x00, 0x0F, 0xFC, 0x00, 0xFF,
  0xF8, 0x1F, 0xFF, 0xE0, 0xFF, 0xFF, 0x8F, 0xCE, 0xFC, 0x7E, 0x73, 0x03, 0xF3, 0x80, 0x1F, 0xDC,
  0x00, 0xFF, 0xE0, 0x03, 0xFF, 0xE0, 0x0F, 0xFF, 0xE0, 0x1F, 0xFF, 0x80, 0x1F, 0xFE, 0x00, 0x7F,
  0xF0, 0x03, 0x9F, 0x81, 0x1C, 0x7C, 0x78, 0xE3, 0xE7, 0xF7, 0x3F, 0x1F, 0xFF, 0xF0, 0x7F, 0xFF,
  0x01, 0xFF, 0xF0, 0x07, 0xFF, 0x00, 0x03, 0x80, 0x00, 0x1C, 0x00, 0x00, 0xE0, 0x00, 0x07, 0xC0,
  0x03, 0xC0, 0x0F, 0xF8, 0x03, 0xE0, 0x0F, 0xFE, 0x01, 0xE0, 0x0F, 0xFF, 0x81, 0xE0, 0x07, 0xC7,
  0xC1, 0xE0, 0x03, 0xC1, 0xE1, 0xF0, 0x01, 0xE0, 0xF0, 0xF0, 0x00, 0xF8, 0xF8, 0xF0, 0x00, 0x7F,
  0xFC, 0xF8, 0x00, 0x1F, 0xFC, 0x78, 0xF8, 0x07, 0xFC, 0x78, 0xFF, 0x00, 0xF8, 0x79, 0xFF, 0xC0,
  0x00, 0x7C, 0xFF, 0xF0, 0x00, 0x3C, 0xF8, 0xF8, 0x00, 0x3C, 0x78, 0x3C, 0x00, 0x3E, 0x3C, 0x1E,
  0x00, 0x3E, 0x1E, 0x0F, 0x00, 0x1E, 0x0F, 0x8F, 0x80, 0x1E, 0x03, 0xFF, 0xC0, 0x1F, 0x00, 0xFF,
  0xC0, 0x0F, 0x00, 0x3F, 0xC0, 0x0F, 0x00, 0x0F, 0x80, 0x00, 0xFC, 0x00, 0x03, 0xFE, 0x00, 0x07,
  0xFF, 0x00, 0x07, 0xFF, 0x80, 0x0F, 0x87, 0x80, 0x0F, 0x87, 0xC0, 0x0F, 0x87, 0xC0, 0x0F, 0x87,
  0x80, 0x07, 0xCF, 0x80, 0x07, 0xFF, 0x80, 0x03, 0xFF, 0x00, 0x03, 0xFE, 0x3E, 0x0F, 0xFC, 0x3E,
  0x1F, 0xFE, 0x3C, 0x3F, 0xFE, 0x7C, 0x7E, 0x3F, 0xFC, 0x7C, 0x1F, 0xF8, 0x7C, 0x0F, 0xF0, 0x7E,
  0x07, 0xF0, 0x7F, 0x0F, 0xF0, 0x3F, 0xFF, 0xF8, 0x1F, 0xFF, 0xFC, 0x0F, 0xFE, 0xFC, 0x03, 0xF8,
  0x7E, 0x7C, 0x7C, 0x3C, 0x3C, 0x3C, 0x3C, 0x3C, 0x3C, 0x00, 0x00, 0x00, 0x00, 0x00, 0x00, 0x00,
  0x00, 0x00, 0x00, 0x00, 0x00, 0x00, 0x00, 0x07, 0xC0, 0xF8, 0x0F, 0x01, 0xF0, 0x1E, 0x03, 0xE0,
  0x3E, 0x03, 0xE0, 0x3C, 0x07, 0xC0, 0x7C, 0x07, 0xC0, 0x7C, 0x07, 0xC0, 0x7C, 0x07, 0xC0, 0x3C,
  0x03, 0xE0, 0x3E, 0x03, 0xE0, 0x1F, 0x01, 0xF0, 0x1F, 0x80, 0xF8, 0x07, 0xC0, 0x7C, 0x03, 0xE0,
  0x1F, 0x00, 0xF0, 0x0F, 0x80, 0x78, 0x07, 0xC0, 0x7C, 0x03, 0xC0, 0x3E, 0x03, 0xE0, 0x3E, 0x03,
  0xE0, 0x3E, 0x03, 0xE0, 0x3E, 0x03, 0xE0, 0x3E, 0x03, 0xE0, 0x3E, 0x03, 0xC0, 0x7C, 0x07, 0xC0,
  0xF8, 0x0F, 0x81, 0xF0, 0x1F, 0x03, 0xE0, 0x3E, 0x00, 0x03, 0x80, 0x07, 0x00, 0x0E, 0x01, 0xFF,
  0x83, 0xFF, 0x83, 0xFE, 0x01, 0xF0, 0x07, 0xF0, 0x1E, 0xF0, 0x18, 0xC0, 0x00, 0x00, 0x00, 0x00,
  0x00, 0x00, 0x00, 0x00, 0x00, 0x00, 0x00, 0x00, 0x00, 0x00, 0x00, 0x00, 0x00, 0x00, 0x00, 0x00,
  0x00, 0x00, 0x00, 0x00, 0xF8, 0x00, 0x07, 0xC0, 0x00, 0x3E, 0x00, 0x01, 0xF0, 0x00, 0x0F, 0x80,
  0x00, 0x7C, 0x00, 0x03, 0xE0, 0x07, 0xFF, 0xFC, 0x3F, 0xFF, 0xE1, 0xFF, 0xFF, 0x0F, 0xFF, 0xF8,
  0x01, 0xF0, 0x00, 0x0F, 0x80, 0x00, 0x7C, 0x00, 0x03, 0xE0, 0x00, 0x1F, 0x00, 0x00, 0xF8, 0x00,
  0x3C, 0x7E, 0x7E, 0x7E, 0x7E, 0x3E, 0x1C, 0x1C, 0x1C, 0x38, 0x38, 0x7F, 0xF3, 0xFF, 0x9F, 0xFC,
  0xFF, 0xE0, 0x00, 0x00, 0x00, 0x00, 0x00, 0x00, 0x00, 0x00, 0x00, 0x00, 0x3C, 0x7E, 0x7E, 0x7E,
  0x7E, 0x7E, 0x3C, 0x00, 0x7C, 0x00, 0xF8, 0x03, 0xF0, 0x07, 0xC0, 0x0F, 0x80, 0x3E, 0x00, 0x7C,
  0x01, 0xF8, 0x03, 0xE0, 0x07, 0xC0, 0x1F, 0x00, 0x3E, 0x00, 0xFC, 0x01, 0xF0, 0x03, 0xE0, 0x0F,
  0x80, 0x1F, 0x00, 0x7E, 0x00, 0xF8, 0x01, 0xF0, 0x07, 0xC0, 0x0F, 0x80, 0x00, 0x00, 0xFE, 0x00,
  0x0F, 0xFE, 0x00, 0xFF, 0xFC, 0x03, 0xFF, 0xF8, 0x1F, 0x87, 0xF0, 0x7E, 0x0F, 0xC3, 0xFC, 0x1F,
  0x0F, 0xF0, 0x7E, 0x3F, 0xE1, 0xF8, 0xFB, 0xC3, 0xE3, 0xE7, 0x0F, 0x8F, 0x8E, 0x3E, 0x3E, 0x1C,
  0xF8, 0xF8, 0x7B, 0xE3, 0xE0, 0xFF, 0x8F, 0xC1, 0xFC, 0x1F, 0x03, 0xF0, 0x7E, 0x1F, 0xC0, 0xFF,
  0xFE, 0x03, 0xFF, 0xF0, 0x03, 0xFF, 0x80, 0x03, 0xF8, 0x00, 0x00, 0xF0, 0x03, 0xE0, 0x0F, 0xC1,
  0xFF, 0x83, 0xFF, 0x07, 0xFE, 0x0F, 0xFC, 0x00, 0xF8, 0x01, 0xF0, 0x03, 0xE0, 0x07, 0xC0, 0x0F,
  0x80, 0x1F, 0x00, 0x3E, 0x00, 0x7C, 0x00, 0xF8, 0x01, 0xF0, 0x03, 0xE0, 0x07, 0xC0, 0x0F, 0x80,
  0x1F, 0x00, 0x3E, 0x00, 0x01, 0xFC, 0x00, 0x7F, 0xF0, 0x0F, 0xFF, 0x81, 0xFF, 0xFC, 0x3F, 0x0F,
  0xC1, 0xE0, 0x7C, 0x00, 0x07, 0xC0, 0x00, 0x7C, 0x00, 0x07, 0xC0, 0x00, 0xFC, 0x00, 0x1F, 0x80,
  0x03, 0xF0, 0x00, 0x7F, 0x00, 0x0F, 0xC0, 0x03, 0xF8, 0x00, 0x7F, 0x00, 0x1F, 0xC0, 0x03, 0xF8,
  0x00, 0x7F, 0xFF, 0xE7, 0xFF, 0xFE, 0x7F, 0xFF, 0xE7, 0xFF, 0xFE, 0x03, 0xFC, 0x00, 0x7F, 0xF8,
  0x07, 0xFF, 0xE0, 0x7F, 0xFF, 0x83, 0xE0, 0xFC, 0x06, 0x03, 0xE0, 0x00, 0x1F, 0x00, 0x01, 0xF8,
  0x01, 0xFF, 0x80, 0x0F, 0xF8, 0x00, 0x7F, 0xE0, 0x03, 0xFF, 0x80, 0x01, 0xFC, 0x00, 0x03, 0xF0,
  0x00, 0x1F, 0x80, 0x80, 0xFC, 0x3C, 0x07, 0xE3, 0xF8, 0x7E, 0x0F, 0xFF, 0xF0, 0x3F, 0xFF, 0x00,
  0xFF, 0xF0, 0x01, 0xFC, 0x00, 0x00, 0x1F, 0x80, 0x00, 0xFC, 0x00, 0x0F, 0xE0, 0x00, 0xFF, 0x00,
  0x0F, 0xF8, 0x00, 0xFF, 0xC0, 0x07, 0xFE, 0x00, 0x7D, 0xF0, 0x07, 0xCF, 0x80, 0x7C, 0x7C, 0x07,
  0xE3, 0xE0, 0x3E, 0x1F, 0x03, 0xE0, 0xF8, 0x3F, 0xFF, 0xF9, 0xFF, 0xFF, 0xCF, 0xFF, 0xFE, 0x7F,
  0xFF, 0xF0, 0x00, 0x7C, 0x00, 0x03, 0xE0, 0x00, 0x1F, 0x00, 0x00, 0xF8, 0x00, 0x07, 0xC0, 0x1F,
  0xFF, 0xC0, 0xFF, 0xFE, 0x07, 0xFF, 0xF0, 0x7F, 0xFF, 0x83, 0xE0, 0x00, 0x1F, 0x00, 0x00, 0xFB,
  0xF0, 0x07, 0xFF, 0xE0, 0x3F, 0xFF, 0x81, 0xFF, 0xFE, 0x0F, 0xC3, 0xF8, 0x1C, 0x0F, 0xC0, 0x00,
  0x3E, 0x00, 0x01, 0xF0, 0x00, 0x0F, 0x80, 0x80, 0x7C, 0x3E, 0x07, 0xE1, 0xF8, 0x7E, 0x0F, 0xFF,
  0xF0, 0x3F, 0xFF, 0x00, 0x7F, 0xF0, 0x00, 0xFC, 0x00, 0x00, 0xFE, 0x00, 0x1F, 0xFC, 0x01, 0xFF,
  0xF0, 0x1F, 0xFF, 0x80, 0xF8, 0x00, 0x0F, 0x80, 0x00, 0x79, 0xF0, 0x07, 0xFF, 0xE0, 0x3F, 0xFF,
  0xC1, 0xFF, 0xFE, 0x0F, 0xE1, 0xF8, 0x7E, 0x07, 0xC3, 0xE0, 0x3F, 0x1F, 0x01, 0xF8, 0xF8, 0x0F,
  0xC7, 0xC0, 0x7C, 0x3F, 0x03, 0xE0, 0xFC, 0x3F, 0x07, 0xFF, 0xF0, 0x1F, 0xFF, 0x00, 0x7F, 0xF0,
  0x00, 0xFE, 0x00, 0x7F, 0xFF, 0xDF, 0xFF, 0xF7, 0xFF, 0xFD, 0xFF, 0xFF, 0x00, 0x0F, 0x80, 0x07,
  0xE0, 0x01, 0xF0, 0x00, 0xFC, 0x00, 0x3E, 0x00, 0x1F, 0x80, 0x07, 0xC0, 0x03, 0xF0, 0x00, 0xF8,
  0x00, 0x7E, 0x00, 0x1F, 0x00, 0x0F, 0xC0, 0x03, 0xE0, 0x01, 0xF8, 0x00, 0x7C, 0x00, 0x3F, 0x00,
  0x0F, 0x80, 0x07, 0xE0, 0x00, 0x00, 0xF8, 0x00, 0x1F, 0xF0, 0x01, 0xFF, 0xC0, 0x0F, 0xFF, 0x00,
  0xF8, 0xF8, 0x07, 0x83, 0xC0, 0x3C, 0x1E, 0x01, 0xF1, 0xF0, 0x07, 0xFF, 0x80, 0x3F, 0xF8, 0x07,
  0xFF, 0xF0, 0x7F, 0xFF, 0xC3, 0xF0, 0x7E, 0x3F, 0x01, 0xF9, 0xF8, 0x07, 0xCF, 0xC0, 0x3E, 0x7E,
  0x03, 0xF1, 0xF8, 0x3F, 0x0F, 0xFF, 0xF8, 0x3F, 0xFF, 0x80, 0x7F, 0xF8, 0x00, 0xFE, 0x00, 0x03,
  0xF0, 0x00, 0xFF, 0x80, 0x7F, 0xF8, 0x0F, 0xFF, 0x83, 0xE1, 0xF8, 0x7C, 0x1F, 0x1F, 0x01, 0xE3,
  0xE0, 0x3E, 0x7C, 0x07, 0x87, 0x81, 0xF0, 0xFC, 0x7E, 0x0F, 0xFF, 0xC1, 0xFF, 0xF0, 0x0F, 0xFE,
  0x00, 0xFF, 0x80, 0x03, 0xF0, 0x00, 0x7C, 0x00, 0x1F, 0x80, 0x03, 0xE0, 0x00, 0xF8, 0x00, 0x1F,
  0x00, 0x07, 0xC0, 0x00, 0x3C, 0x7E, 0x7E, 0x7E, 0x7E, 0x7E, 0x1C, 0x00, 0x00, 0x00, 0x3C, 0x7E,
  0x7E, 0x7E, 0x7E, 0x7E, 0x3C, 0x3C, 0x7E, 0x7E, 0x7E, 0x7E, 0x3C, 0x00, 0x00, 0x00, 0x00, 0x3C,
  0x7E, 0x7E, 0x7E, 0x7E, 0x3E, 0x1C, 0x1C, 0x1C, 0x38, 0x38, 0x00, 0x00, 0x00, 0x00, 0x18, 0x00,
  0x0F, 0x00, 0x0F, 0xE0, 0x07, 0xFC, 0x03, 0xFF, 0x83, 0xFF, 0x81, 0xFF, 0xC0, 0x7F, 0xC0, 0x0F,
  0xE0, 0x01, 0xFF, 0x00, 0x1F, 0xFC, 0x00, 0xFF, 0xE0, 0x03, 0xFF, 0x80, 0x1F, 0xF0, 0x00, 0xFE,
  0x00, 0x03, 0xC0, 0x00, 0x18, 0x00, 0x00, 0x00, 0x3F, 0xFF, 0xE1, 0xFF, 0xFF, 0x0F, 0xFF, 0xF8,
  0x7F, 0xFF, 0xC0, 0x00, 0x00, 0x00, 0x00, 0x00, 0xFF, 0xFF, 0x87, 0xFF, 0xFC, 0x3F, 0xFF, 0xE1,
  0xFF, 0xFF, 0x00, 0x00, 0x00, 0x00, 0x00, 0x00, 0x00, 0x00, 0x00, 0x00, 0x00, 0x0C, 0x00, 0x01,
  0xF0, 0x00, 0x3F, 0x80, 0x07, 0xFC, 0x00, 0x7F, 0xF0, 0x03, 0xFF, 0x80, 0x0F, 0xFC, 0x00, 0x3F,
  0xC0, 0x01, 0xF8, 0x00, 0xFF, 0x00, 0xFF, 0xC0, 0xFF, 0xE0, 0x7F, 0xF0, 0x1F, 0xF0, 0x03, 0xF8,
  0x00, 0x7C, 0x00, 0x0C, 0x00, 0x00, 0x00, 0x00, 0x00, 0x01, 0xFC, 0x00, 0x7F, 0xFC, 0x07, 0xFF,
  0xF0, 0x7F, 0xFF, 0xC3, 0xF0, 0x7E, 0x06, 0x01, 0xF0, 0x00, 0x1F, 0x80, 0x03, 0xFC, 0x00, 0x7F,
  0xC0, 0x07, 0xF8, 0x00, 0x7F, 0x00, 0x03, 0xE0, 0x00, 0x3F, 0x00, 0x00, 0x00, 0x00, 0x00, 0x00,
  0x00, 0x3C, 0x00, 0x03, 0xF0, 0x00, 0x1F, 0x80, 0x00, 0xFC, 0x00, 0x07, 0xE0, 0x00, 0x3F, 0x00,
  0x00, 0xF0, 0x00, 0x00, 0x3F, 0x00, 0x00, 0x7F, 0xF8, 0x00, 0x3C, 0x0F, 0x00, 0x3C, 0x00, 0xE0,
  0x0E, 0x00, 0x1C, 0x07, 0x07, 0xE3, 0x83, 0x87, 0xF8, 0x70, 0xC3, 0xFE, 0x1C, 0x31, 0xE3, 0x83,
  0x1C, 0x70, 0xE0, 0xC7, 0x1C, 0x38, 0x31, 0xC7, 0x0E, 0x0C, 0x71, 0xC3, 0xC7, 0x0C, 0x79, 0xF1,
  0xC3, 0x1F, 0xFF, 0xE0, 0xE3, 0xFB, 0xF8, 0x1C, 0x38, 0x78, 0x03, 0x80, 0x00, 0x00, 0xF0, 0x00,
  0x00, 0x0F, 0x03, 0x00, 0x01, 0xFF, 0xC0, 0x00, 0x0F, 0xC0, 0x00, 0x00, 0x7E, 0x00, 0x00, 0xFE,
  0x00, 0x00, 0xFF, 0x00, 0x01, 0xFF, 0x00, 0x01, 0xFF, 0x00, 0x01, 0xFF, 0x80, 0x03, 0xEF, 0x80,
  0x03, 0xEF, 0xC0, 0x07, 0xE7, 0xC0, 0x07, 0xC7, 0xC0, 0x07, 0xC7, 0xE0, 0x0F, 0xC3, 0xE0, 0x0F,
  0x83, 0xF0, 0x1F, 0x83, 0xF0, 0x1F, 0xFF, 0xF0, 0x1F, 0xFF, 0xF8, 0x3F, 0xFF, 0xF8, 0x3F, 0xFF,
  0xFC, 0x3E, 0x00, 0xFC, 0x7E, 0x00, 0x7C, 0x7E, 0x00, 0x7E, 0xFC, 0x00, 0x7E, 0x7F, 0xFF, 0x01,
  0xFF, 0xFF, 0x07, 0xFF, 0xFE, 0x1F, 0xFF, 0xFC, 0x7E, 0x07, 0xF1, 0xF8, 0x0F, 0xC7, 0xE0, 0x3F,
  0x1F, 0x80, 0xFC, 0x7E, 0x07, 0xE1, 0xFF, 0xFF, 0x87, 0xFF, 0xFC, 0x1F, 0xFF, 0xF8, 0x7F, 0xFF,
  0xF1, 0xF8, 0x0F, 0xE7, 0xE0, 0x1F, 0x9F, 0x80, 0x7E, 0x7E, 0x01, 0xF9, 0xF8, 0x0F, 0xE7, 0xFF,
  0xFF, 0x1F, 0xFF, 0xFC, 0x7F, 0xFF, 0xC1, 0xFF, 0xFC, 0x00, 0x00, 0x7F, 0x00, 0x07, 0xFF, 0xC0,
  0x1F, 0xFF, 0xC0, 0x7F, 0xFF, 0xC1, 0xFC, 0x1F, 0xC7, 0xF0, 0x1E, 0x0F, 0xC0, 0x00, 0x1F, 0x80,
  0x00, 0x7E, 0x00, 0x00, 0xFC, 0x00, 0x01, 0xF8, 0x00, 0x03, 0xF0, 0x00, 0x07, 0xE0, 0x00, 0x0F,
  0xC0, 0x00, 0x0F, 0x80, 0x00, 0x1F, 0x80, 0x00, 0x3F, 0x80, 0x70, 0x3F, 0x83, 0xF8, 0x3F, 0xFF,
  0xE0, 0x3F, 0xFF, 0x80, 0x3F, 0xFE, 0x00, 0x0F, 0xE0, 0x00, 0x7F, 0xFC, 0x00, 0xFF, 0xFF, 0x01,
  0xFF, 0xFF, 0x03, 0xFF, 0xFF, 0x87, 0xE0, 0x7F, 0x0F, 0xC0, 0x3F, 0x1F, 0x80, 0x3E, 0x3F, 0x00,
  0x7E, 0x7E, 0x00, 0xFC, 0xFC, 0x01, 0xF9, 0xF8, 0x01, 0xF3, 0xF0, 0x03, 0xE7, 0xE0, 0x0F, 0xCF,
  0xC0, 0x1F, 0x9F, 0x80, 0x3F, 0x3F, 0x00, 0x7C, 0x7E, 0x01, 0xF8, 0xFC, 0x0F, 0xE1, 0xFF, 0xFF,
  0xC3, 0xFF, 0xFE, 0x07, 0xFF, 0xF8, 0x0F, 0xFF, 0x80, 0x00, 0x7F, 0xFF, 0xE7, 0xFF, 0xFE, 0x7F,
  0xFF, 0xE7, 0xFF, 0xFE, 0x7F, 0xFF, 0xE7, 0xE0, 0x00, 0x7E, 0x00, 0x07, 0xE0, 0x00, 0x7F, 0xFC,
  0x07, 0xFF, 0xC0, 0x7F, 0xFC, 0x07, 0xFF, 0xC0, 0x7F, 0xFC, 0x07, 0xE0, 0x00, 0x7E, 0x00, 0x07,
  0xE0, 0x00, 0x7E, 0x00, 0x07, 0xFF, 0xFE, 0x7F, 0xFF, 0xE7, 0xFF, 0xFE, 0x7F, 0xFF, 0xE7, 0xFF,
  0xFE, 0x7F, 0xFF, 0xCF, 0xFF, 0xF9, 0xFF, 0xFF, 0x3F, 0xFF, 0xE7, 0xFF, 0xFC, 0xFC, 0x00, 0x1F,
  0x80, 0x03, 0xF0, 0x00, 0x7F, 0xFF, 0xCF, 0xFF, 0xF9, 0xFF, 0xFF, 0x3F, 0xFF, 0xE7, 0xFF, 0xFC,
  0xFC, 0x00, 0x1F, 0x80, 0x03, 0xF0, 0x00, 0x7E, 0x00, 0x0F, 0xC0, 0x01, 0xF8, 0x00, 0x3F, 0x00,
  0x07, 0xE0, 0x00, 0xFC, 0x00, 0x00, 0x00, 0x7F, 0x80, 0x03, 0xFF, 0xE0, 0x07, 0xFF, 0xF0, 0x0F,
  0xFF, 0xF8, 0x1F, 0xC0, 0xF8, 0x3F, 0x80, 0x40, 0x3F, 0x00, 0x00, 0x3F, 0x00, 0x00, 0x7E, 0x00,
  0x00, 0x7E, 0x07, 0xFE, 0x7E, 0x07, 0xFE, 0x7E, 0x07, 0xFE, 0x7E, 0x07, 0xFE, 0x7E, 0x00, 0x3E,
  0x3E, 0x00, 0x3E, 0x3F, 0x00, 0x7E, 0x3F, 0x80, 0x7E, 0x1F, 0xC1, 0xFE, 0x0F, 0xFF, 0xFE, 0x07,
  0xFF, 0xFE, 0x03, 0xFF, 0xDE, 0x00, 0xFF, 0x0E, 0x7E, 0x00, 0xFC, 0xFC, 0x01, 0xF9, 0xF8, 0x03,
  0xF3, 0xF0, 0x07, 0xE7, 0xE0, 0x0F, 0xCF, 0xC0, 0x1F, 0x9F, 0x80, 0x3F, 0x3F, 0x00, 0x7E, 0x7F,
  0xFF, 0xFC, 0xFF, 0xFF, 0xF9, 0xFF, 0xFF, 0xF3, 0xFF, 0xFF, 0xE7, 0xFF, 0xFF, 0xCF, 0xC0, 0x1F,
  0x9F, 0x80, 0x3F, 0x3F, 0x00, 0x7E, 0x7E, 0x00, 0xFC, 0xFC, 0x01, 0xF9, 0xF8, 0x03, 0xF3, 0xF0,
  0x07, 0xE7, 0xE0, 0x0F, 0xCF, 0xC0, 0x1F, 0x80, 0x3F, 0xFC, 0x3F, 0xFC, 0x3F, 0xFC, 0x3F, 0xFC,
  0x07, 0xE0, 0x07, 0xE0, 0x07, 0xE0, 0x07, 0xE0, 0x07, 0xE0, 0x07, 0xE0, 0x07, 0xE0, 0x07, 0xE0,
  0x07, 0xE0, 0x07, 0xE0, 0x07, 0xE0, 0x07, 0xE0, 0x07, 0xE0, 0x07, 0xE0, 0x3F, 0xFC, 0x3F, 0xFC,
  0x3F, 0xFC, 0x3F, 0xFC, 0x00, 0x0F, 0xC0, 0x01, 0xF8, 0x00, 0x3F, 0x00, 0x07, 0xE0, 0x00, 0xFC,
  0x00, 0x1F, 0x80, 0x03, 0xF0, 0x00, 0x7E, 0x00, 0x0F, 0xC0, 0x01, 0xF8, 0x00, 0x3F, 0x00, 0x07,
  0xE0, 0x00, 0xFC, 0x00, 0x1F, 0x80, 0x03, 0xE1, 0xC0, 0x7C, 0xFC, 0x0F, 0x8F, 0xC3, 0xF1, 0xFF,
  0xFC, 0x1F, 0xFF, 0x01, 0xFF, 0xC0, 0x0F, 0xE0, 0x00, 0x7E, 0x01, 0xF8, 0xFC, 0x07, 0xE1, 0xF8,
  0x1F, 0x83, 0xF0, 0x7E, 0x07, 0xE1, 0xF8, 0x0F, 0xC7, 0xE0, 0x1F, 0x9F, 0x80, 0x3F, 0x7F, 0x00,
  0x7F, 0xFC, 0x00, 0xFF, 0xF0, 0x01, 0xFF, 0xE0, 0x03, 0xFF, 0xE0, 0x07, 0xFF, 0xE0, 0x0F, 0xFF,
  0xE0, 0x1F, 0xCF, 0xC0, 0x3F, 0x0F, 0xC0, 0x7E, 0x0F, 0xC0, 0xFC, 0x1F, 0xC1, 0xF8, 0x1F, 0x83,
  0xF0, 0x1F, 0x87, 0xE0, 0x1F, 0x8F, 0xC0, 0x3F, 0x80, 0x7E, 0x00, 0x1F, 0x80, 0x07, 0xE0, 0x01,
  0xF8, 0x00, 0x7E, 0x00, 0x1F, 0x80, 0x07, 0xE0, 0x01, 0xF8, 0x00, 0x7E, 0x00, 0x1F, 0x80, 0x07,
  0xE0, 0x01, 0xF8, 0x00, 0x7E, 0x00, 0x1F, 0x80, 0x07, 0xE0, 0x01, 0xF8, 0x00, 0x7E, 0x00, 0x1F,
  0xFF, 0xF7, 0xFF, 0xFD, 0xFF, 0xFF, 0x7F, 0xFF, 0xDF, 0xFF, 0xF0, 0x7F, 0xC0, 0x1F, 0xE3, 0xFE,
  0x00, 0xFF, 0x1F, 0xF0, 0x0F, 0xF8, 0xFF, 0xC0, 0x7F, 0xC7, 0xFE, 0x03, 0xFE, 0x3F, 0xF0, 0x3F,
  0xF1, 0xFF, 0x81, 0xEF, 0x8F, 0xDE, 0x0F, 0x7C, 0x7E, 0xF0, 0xFB, 0xE3, 0xF7, 0x87, 0x9F, 0x1F,
  0xBE, 0x3C, 0xF8, 0xFC, 0xF1, 0xE7, 0xC7, 0xE7, 0x9E, 0x3E, 0x3F, 0x3E, 0xF1, 0xF1, 0xF8, 0xF7,
  0x8F, 0x8F, 0xC7, 0xFC, 0x7C, 0x7E, 0x3F, 0xC3, 0xE3, 0xF0, 0xFE, 0x1F, 0x1F, 0x87, 0xF0, 0xF8,
  0xFC, 0x3F, 0x07, 0xC7, 0xE0, 0xF8, 0x3E, 0x3F, 0x07, 0xC1, 0xF0, 0x7F, 0x80, 0x7C, 0x7F, 0x80,
  0x7C, 0x7F, 0xC0, 0x7C, 0x7F, 0xC0, 0x7C, 0x7F, 0xE0, 0x7C, 0x7F, 0xE0, 0x7C, 0x7F, 0xF0, 0x7C,
  0x7F, 0xF8, 0x7C, 0x7E, 0xF8, 0x7C, 0x7E, 0xFC, 0x7C, 0x7E, 0x7C, 0x7C, 0x7E, 0x3E, 0x7C, 0x7E,
  0x3E, 0x7C, 0x7E, 0x1F, 0x7C, 0x7E, 0x1F, 0x7C, 0x7E, 0x0F, 0xFC, 0x7E, 0x0F, 0xFC, 0x7E, 0x07,
  0xFC, 0x7E, 0x07, 0xFC, 0x7E, 0x03, 0xFC, 0x7E, 0x01, 0xFC, 0x7E, 0x01, 0xFC, 0x00, 0x7F, 0x80,
  0x00, 0x7F, 0xF8, 0x00, 0x7F, 0xFF, 0x80, 0x3F, 0xFF, 0xF0, 0x1F, 0xE1, 0xFE, 0x07, 0xE0, 0x1F,
  0x83, 0xF0, 0x03, 0xF0, 0xFC, 0x00, 0xFC, 0x7E, 0x00, 0x1F, 0x9F, 0x80, 0x07, 0xE7, 0xE0, 0x01,
  0xF9, 0xF8, 0x00, 0x7E, 0x7E, 0x00, 0x1F, 0x9F, 0x80, 0x07, 0xE3, 0xF0, 0x03, 0xF0, 0xFC, 0x00,
  0xFC, 0x1F, 0x80, 0x7E, 0x07, 0xF0, 0x7F, 0x80, 0xFF, 0xFF, 0xC0, 0x1F, 0xFF, 0xE0, 0x01, 0xFF,
  0xE0, 0x00, 0x1F, 0xE0, 0x00, 0x7F, 0xFE, 0x03, 0xFF, 0xFE, 0x1F, 0xFF, 0xF8, 0xFF, 0xFF, 0xE7,
  0xE0, 0x7F, 0x3F, 0x00, 0xF9, 0xF8, 0x07, 0xCF, 0xC0, 0x3E, 0x7E, 0x03, 0xF3, 0xF0, 0x3F, 0x9F,
  0xFF, 0xFC, 0xFF, 0xFF, 0xC7, 0xFF, 0xFC, 0x3F, 0xFF, 0x01, 0xF8, 0x00, 0x0F, 0xC0, 0x00, 0x7E,
  0x00, 0x03, 0xF0, 0x00, 0x1F, 0x80, 0x00, 0xFC, 0x00, 0x07, 0xE0, 0x00, 0x3F, 0x00, 0x00, 0x00,
  0x7F, 0x80, 0x00, 0x3F, 0xFC, 0x00, 0x1F, 0xFF, 0xE0, 0x07, 0xFF, 0xFE, 0x01, 0xFE, 0x1F, 0xE0,
  0x3F, 0x00, 0xFC, 0x0F, 0xC0, 0x0F, 0xC1, 0xF8, 0x01, 0xF8, 0x7E, 0x00, 0x1F, 0x0F, 0xC0, 0x03,
  0xF1, 0xF8, 0x08, 0x7E, 0x3F, 0x03, 0x8F, 0xC7, 0xE0, 0xF9, 0xF8, 0xFC, 0x1F, 0xFF, 0x0F, 0xC0,
  0xFF, 0xC1, 0xF8, 0x0F, 0xF8, 0x1F, 0x80, 0xFE, 0x03, 0xF8, 0x3F, 0xC0, 0x3F, 0xFF, 0xFC, 0x03,
  0xFF, 0xFF, 0xC0, 0x1F, 0xFE, 0xFC, 0x00, 0xFF, 0x0F, 0x80, 0x00, 0x00, 0x60, 0x00, 0x00, 0x00,
  0x7F, 0xFE, 0x01, 0xFF, 0xFF, 0x07, 0xFF, 0xFE, 0x1F, 0xFF, 0xFC, 0x7E, 0x03, 0xF1, 0xF8, 0x07,
  0xC7, 0xE0, 0x1F, 0x9F, 0x80, 0x7C, 0x7E, 0x03, 0xF1, 0xFF, 0xFF, 0xC7, 0xFF, 0xFE, 0x1F, 0xFF,
  0xE0, 0x7F, 0xFE, 0x01, 0xF8, 0xFC, 0x07, 0xE3, 0xF0, 0x1F, 0x87, 0xE0, 0x7E, 0x0F, 0xC1, 0xF8,
  0x3F, 0x87, 0xE0, 0x7E, 0x1F, 0x80, 0xFC, 0x7E, 0x03, 0xF9, 0xF8, 0x07, 0xE0, 0x01, 0xFC, 0x00,
  0x7F, 0xF8, 0x07, 0xFF, 0xF0, 0x7F, 0xFF, 0xC7, 0xF0, 0x7E, 0x3F, 0x01, 0xC1, 0xF8, 0x00, 0x0F,
  0xC0, 0x00, 0x7F, 0xE0, 0x01, 0xFF, 0xF0, 0x07, 0xFF, 0xF0, 0x1F, 0xFF, 0xC0, 0x1F, 0xFF, 0x00,
  0x07, 0xF8, 0x00, 0x0F, 0xC1, 0x80, 0x3E, 0x7E, 0x01, 0xF3, 0xF8, 0x1F, 0x8F, 0xFF, 0xF8, 0x3F,
  0xFF, 0x80, 0xFF, 0xF8, 0x00, 0xFE, 0x00, 0x7F, 0xFF, 0xF3, 0xFF, 0xFF, 0x9F, 0xFF, 0xFC, 0xFF,
  0xFF, 0xE7, 0xFF, 0xFF, 0x00, 0x7C, 0x00, 0x03, 0xE0, 0x00, 0x1F, 0x00, 0x00, 0xF8, 0x00, 0x07,
  0xC0, 0x00, 0x3E, 0x00, 0x01, 0xF0, 0x00, 0x0F, 0x80, 0x00, 0x7C, 0x00, 0x03, 0xE0, 0x00, 0x1F,
  0x00, 0x00, 0xF8, 0x00, 0x07, 0xC0, 0x00, 0x3E, 0x00, 0x01, 0xF0, 0x00, 0x0F, 0x80, 0x00, 0x7C,
  0x00, 0x7E, 0x00, 0xF8, 0xFC, 0x01, 0xF1, 0xF8, 0x03, 0xE3, 0xF0, 0x07, 0xC7, 0xE0, 0x0F, 0x8F,
  0xC0, 0x1F, 0x1F, 0x80, 0x3E, 0x3F, 0x00, 0x7C, 0x7E, 0x00, 0xF8, 0xFC, 0x01, 0xF1, 0xF8, 0x03,
  0xE3, 0xF0, 0x07, 0xC3, 0xE0, 0x0F, 0x87, 0xC0, 0x1F, 0x0F, 0x80, 0x3E, 0x1F, 0x00, 0xFC, 0x3F,
  0x01, 0xF0, 0x7F, 0x07, 0xE0, 0x7F, 0xFF, 0xC0, 0x7F, 0xFF, 0x00, 0x7F, 0xFC, 0x00, 0x3F, 0xC0,
  0x00, 0x7C, 0x00, 0xFD, 0xF0, 0x03, 0xE7, 0xE0, 0x0F, 0x8F, 0x80, 0x7E, 0x3E, 0x01, 0xF0, 0xFC,
  0x07, 0xC1, 0xF0, 0x3F, 0x07, 0xC0, 0xF8, 0x1F, 0x83, 0xE0, 0x3E, 0x1F, 0x80, 0xF8, 0x7C, 0x03,
  0xF1, 0xF0, 0x07, 0xCF, 0xC0, 0x1F, 0x3E, 0x00, 0x7E, 0xF8, 0x00, 0xFF, 0xE0, 0x03, 0xFF, 0x00,
  0x0F, 0xFC, 0x00, 0x1F, 0xE0, 0x00, 0x7F, 0x80, 0x00, 0xFE, 0x00, 0x03, 0xF0, 0x00, 0xFC, 0x0F,
  0xC0, 0xFD, 0xF0, 0x3F, 0x03, 0xE7, 0xC0, 0xFC, 0x0F, 0x9F, 0x07, 0xF8, 0x3E, 0x7E, 0x1F, 0xE1,
  0xF8, 0xF8, 0x7F, 0x87, 0xC3, 0xE1, 0xFE, 0x1F, 0x0F, 0x87, 0xF8, 0x7C, 0x3E, 0x3F, 0xF1, 0xF0,
  0x7C, 0xF3, 0xCF, 0x81, 0xF3, 0xCF, 0x3E, 0x07, 0xCF, 0x3C, 0xF8, 0x1F, 0x7C, 0xFB, 0xE0, 0x3F,
  0xE1, 0xEF, 0x00, 0xFF, 0x87, 0xFC, 0x03, 0xFE, 0x1F, 0xF0, 0x0F, 0xF8, 0x7F, 0xC0, 0x1F, 0xE1,
  0xFE, 0x00, 0x7F, 0x03, 0xF8, 0x01, 0xFC, 0x0F, 0xE0, 0x07, 0xF0, 0x3F, 0x80, 0x0F, 0xC0, 0xFC,
  0x00, 0x7F, 0x00, 0xFE, 0x3F, 0x01, 0xFC, 0x1F, 0x81, 0xF8, 0x1F, 0xC3, 0xF0, 0x0F, 0xC7, 0xF0,
  0x07, 0xEF, 0xE0, 0x03, 0xFF, 0xC0, 0x03, 0xFF, 0x80, 0x01, 0xFF, 0x80, 0x00, 0xFF, 0x00, 0x00,
  0xFE, 0x00, 0x00, 0xFF, 0x00, 0x01, 0xFF, 0x00, 0x01, 0xFF, 0x80, 0x03, 0xFF, 0xC0, 0x07, 0xFF,
  0xE0, 0x0F, 0xE7, 0xE0, 0x0F, 0xC3, 0xF0, 0x1F, 0x83, 0xF8, 0x3F, 0x81, 0xFC, 0x7F, 0x00, 0xFC,
  0x7E, 0x00, 0x7E, 0x7E, 0x00, 0xFE, 0x7E, 0x00, 0xFC, 0x3F, 0x01, 0xF8, 0x1F, 0x81, 0xF8, 0x1F,
  0x83, 0xF0, 0x0F, 0xC7, 0xE0, 0x07, 0xC7, 0xE0, 0x07, 0xEF, 0xC0, 0x03, 0xFF, 0xC0, 0x03, 0xFF,
  0x80, 0x01, 0xFF, 0x00, 0x00, 0xFF, 0x00, 0x00, 0xFE, 0x00, 0x00, 0x7C, 0x00, 0x00, 0x7C, 0x00,
  0x00, 0x7C, 0x00, 0x00, 0x7C, 0x00, 0x00, 0x7C, 0x00, 0x00, 0x7C, 0x00, 0x00, 0x7C, 0x00, 0x00,
  0x7C, 0x00, 0x00, 0x7C, 0x00, 0x3F, 0xFF, 0xF1, 0xFF, 0xFF, 0x8F, 0xFF, 0xFC, 0x7F, 0xFF, 0xE3,
  0xFF, 0xFE, 0x00, 0x07, 0xF0, 0x00, 0x7F, 0x00, 0x07, 0xF0, 0x00, 0x7F, 0x00, 0x07, 0xF0, 0x00,
  0x3F, 0x00, 0x03, 0xF0, 0x00, 0x3F, 0x00, 0x03, 0xF0, 0x00, 0x3F, 0x00, 0x03, 0xF8, 0x00, 0x3F,
  0x80, 0x03, 0xFF, 0xFF, 0x9F, 0xFF, 0xFC, 0xFF, 0xFF, 0xE7, 0xFF, 0xFF, 0x3F, 0xFF, 0xF8, 0x7F,
  0xCF, 0xF9, 0xFF, 0x3F, 0xE7, 0xC0, 0xF8, 0x1F, 0x03, 0xE0, 0x7C, 0x0F, 0x81, 0xF0, 0x3E, 0x07,
  0xC0, 0xF8, 0x1F, 0x03, 0xE0, 0x7C, 0x0F, 0x81, 0xF0, 0x3E, 0x07, 0xC0, 0xF8, 0x1F, 0x03, 0xFE,
  0x7F, 0xCF, 0xF9, 0xFF, 0x00, 0x7C, 0x00, 0xF8, 0x00, 0xF8, 0x01, 0xF0, 0x03, 0xF0, 0x03, 0xE0,
  0x07, 0xC0, 0x07, 0xC0, 0x0F, 0x80, 0x1F, 0x80, 0x1F, 0x00, 0x3E, 0x00, 0x3E, 0x00, 0x7C, 0x00,
  0xFC, 0x00, 0xF8, 0x01, 0xF0, 0x01, 0xF0, 0x03, 0xE0, 0x07, 0xE0, 0x07, 0xC0, 0x0F, 0x80, 0x7F,
  0xCF, 0xF9, 0xFF, 0x3F, 0xE0, 0x7C, 0x0F, 0x81, 0xF0, 0x3E, 0x07, 0xC0, 0xF8, 0x1F, 0x03, 0xE0,
  0x7C, 0x0F, 0x81, 0xF0, 0x3E, 0x07, 0xC0, 0xF8, 0x1F, 0x03, 0xE0, 0x7C, 0x0F, 0x81, 0xF3, 0xFE,
  0x7F, 0xCF, 0xF9, 0xFF, 0x00, 0x00, 0xF0, 0x00, 0x1F, 0x80, 0x01, 0xF8, 0x00, 0x3F, 0xC0, 0x03,
  0xFC, 0x00, 0x7F, 0xE0, 0x07, 0xDE, 0x00, 0xF9, 0xF0, 0x0F, 0x0F, 0x01, 0xF0, 0xF8, 0x1E, 0x07,
  0x83, 0xE0, 0x7C, 0x00, 0x00, 0x00, 0x00, 0x00, 0x00, 0x00, 0x00, 0x00, 0x00, 0x00, 0x00, 0x00,
  0x00, 0x00, 0x00, 0x00, 0x00, 0x00, 0x00, 0x00, 0x00, 0x00, 0x00, 0x00, 0xFF, 0xFD, 0xFF, 0xFB,
  0xFF, 0xF7, 0xFF, 0xE0, 0x18, 0x07, 0x80, 0xF8, 0x0F, 0x80, 0xF0, 0x00, 0x00, 0x00, 0x00, 0x00,
  0x00, 0x00, 0x00, 0x00, 0x00, 0x00, 0x00, 0x00, 0x00, 0x00, 0x00, 0x00, 0x00, 0x00, 0x00, 0x00,
  0x00, 0x00, 0x00, 0x00, 0x00, 0x03, 0xF8, 0x01, 0xFF, 0xC0, 0x7F, 0xFC, 0x1F, 0xFF, 0xC3, 0xE1,
  0xF8, 0x08, 0x1F, 0x00, 0x03, 0xE0, 0x0F, 0xFC, 0x0F, 0xFF, 0x87, 0xFD, 0xF1, 0xF8, 0x3E, 0x3E,
  0x07, 0xC7, 0xE1, 0xF8, 0xFF, 0xFF, 0x1F, 0xFF, 0xE1, 0xFF, 0x3C, 0x0F, 0xC7, 0xC0, 0x3E, 0x00,
  0x03, 0xE0, 0x00, 0x3E, 0x00, 0x03, 0xE0, 0x00, 0x3E, 0x00, 0x03, 0xE3, 0xE0, 0x3E, 0xFF, 0x03,
  0xFF, 0xFC, 0x3F, 0xFF, 0xC3, 0xF0, 0xFE, 0x3E, 0x07, 0xE3, 0xE0, 0x3E, 0x3E, 0x03, 0xE3, 0xE0,
  0x3E, 0x3E, 0x03, 0xE3, 0xE0, 0x3E, 0x3E, 0x07, 0xE3, 0xF0, 0xFE, 0x3F, 0xFF, 0xC3, 0xFF, 0xF8,
  0x3E, 0xFF, 0x03, 0xC7, 0xE0, 0x03, 0xF8, 0x03, 0xFF, 0x81, 0xFF, 0xF0, 0xFF, 0xFE, 0x3F, 0x0F,
  0x9F, 0x81, 0x07, 0xC0, 0x01, 0xF0, 0x00, 0x7C, 0x00, 0x1F, 0x00, 0x07, 0xC0, 0x01, 0xF8, 0x00,
  0x3F, 0x0F, 0x0F, 0xFF, 0xE1, 0xFF, 0xF0, 0x3F, 0xF8, 0x03, 0xF8, 0x00, 0x00, 0x07, 0xE0, 0x00,
  0x7E, 0x00, 0x07, 0xE0, 0x00, 0x7E, 0x00, 0x07, 0xE0, 0x3E, 0x7E, 0x0F, 0xF7, 0xE1, 0xFF, 0xFE,
  0x3F, 0xFF, 0xE3, 0xF0, 0xFE, 0x7E, 0x07, 0xE7, 0xC0, 0x7E, 0x7C, 0x03, 0xE7, 0xC0, 0x3E, 0x7C,
  0x03, 0xE7, 0xE0, 0x7E, 0x7E, 0x07, 0xE3, 0xF0, 0xFE, 0x3F, 0xFF, 0xE1, 0xFF, 0xFE, 0x0F, 0xFB,
  0xE0, 0x3E, 0x3E, 0x01, 0xF8, 0x00, 0xFF, 0xC0, 0x7F, 0xFC, 0x1F, 0xFF, 0xC3, 0xF0, 0xF8, 0xFC,
  0x0F, 0x9F, 0x00, 0xF3, 0xFF, 0xFE, 0x7F, 0xFF, 0xCF, 0xFF, 0xFD, 0xF0, 0x00, 0x3F, 0x00, 0x03,
  0xF0, 0x60, 0x7F, 0xFF, 0x07, 0xFF, 0xC0, 0x3F, 0xF0, 0x01, 0xF8, 0x00, 0x03, 0xF0, 0xFF, 0x1F,
  0xF1, 0xFF, 0x1F, 0x01, 0xF0, 0x1F, 0x0F, 0xFF, 0xFF, 0xFF, 0xFF, 0xFF, 0xF1, 0xF0, 0x1F, 0x01,
  0xF0, 0x1F, 0x01, 0xF0, 0x1F, 0x01, 0xF0, 0x1F, 0x01, 0xF0, 0x1F, 0x01, 0xF0, 0x1F, 0x01, 0xF0,
  0x03, 0xE3, 0xE0, 0xFF, 0x3E, 0x1F, 0xFF, 0xE3, 0xFF, 0xFE, 0x7F, 0x0F, 0xE7, 0xE0, 0x7E, 0x7C,
  0x07, 0xE7, 0xC0, 0x3E, 0x7C, 0x03, 0xE7, 0xC0, 0x7E, 0x7E, 0x07, 0xE7, 0xF0, 0xFE, 0x3F, 0xFF,
  0xE1, 0xFF, 0xFE, 0x0F, 0xF7, 0xE0, 0x3E, 0x7E, 0x00, 0x07, 0xE0, 0x00, 0x7C, 0x02, 0x07, 0xC0,
  0xF0, 0xFC, 0x1F, 0xFF, 0x80, 0xFF, 0xF8, 0x07, 0xFF, 0x00, 0x1F, 0x80, 0x3E, 0x00, 0x07, 0xC0,
  0x00, 0xF8, 0x00, 0x1F, 0x00, 0x03, 0xE0, 0x00, 0x7C, 0x7C, 0x0F, 0xBF, 0xC1, 0xFF, 0xFC, 0x3F,
  0xFF, 0x87, 0xE1, 0xF8, 0xF8, 0x3F, 0x1F, 0x07, 0xE3, 0xE0, 0x7C, 0x7C, 0x0F, 0x8F, 0x81, 0xF1,
  0xF0, 0x3E, 0x3E, 0x07, 0xC7, 0xC0, 0xF8, 0xF8, 0x1F, 0x1F, 0x03, 0xE3, 0xE0, 0x7C, 0x7C, 0x0F,
  0x80, 0x07, 0x01, 0xF0, 0x3F, 0x07, 0xE0, 0xF8, 0x0E, 0x00, 0x00, 0x00, 0x7F, 0x8F, 0xF1, 0xFE,
  0x3F, 0xC0, 0xF8, 0x1F, 0x03, 0xE0, 0x7C, 0x0F, 0x81, 0xF0, 0x3E, 0x07, 0xC0, 0xF8, 0x1F, 0x03,
  0xE0, 0x7C, 0x0F, 0x80, 0x03, 0x80, 0x7C, 0x07, 0xC0, 0x7C, 0x07, 0xC0, 0x38, 0x00, 0x00, 0x00,
  0x00, 0x00, 0x7C, 0x07, 0xC0, 0x7C, 0x07, 0xC0, 0x7C, 0x07, 0xC0, 0x7C, 0x07, 0xC0, 0x7C, 0x07,
  0xC0, 0x7C, 0x07, 0xC0, 0x7C, 0x07, 0xC0, 0x7C, 0x07, 0xC0, 0x7C, 0x07, 0xC7, 0xFC, 0x7F, 0xC7,
  0xF8, 0x7E, 0x00, 0x3E, 0x00, 0x03, 0xE0, 0x00, 0x3E, 0x00, 0x03, 0xE0, 0x00, 0x3E, 0x00, 0x03,
  0xE0, 0xFC, 0x3E, 0x1F, 0x83, 0xE3, 0xF0, 0x3E, 0x3E, 0x03, 0xE7, 0xE0, 0x3E, 0xFC, 0x03, 0xFF,
  0x80, 0x3F, 0xF0, 0x03, 0xFF, 0x80, 0x3F, 0xFC, 0x03, 0xFF, 0xC0, 0x3F, 0x7E, 0x03, 0xE3, 0xF0,
  0x3E, 0x1F, 0x83, 0xE1, 0xF8, 0x3E, 0x0F, 0xC3, 0xE0, 0x7E, 0x3E, 0x07, 0xC0, 0xF8, 0x1F, 0x03,
  0xE0, 0x7C, 0x0F, 0x81, 0xF0, 0x3E, 0x07, 0xC0, 0xF8, 0x1F, 0x03, 0xE0, 0x7C, 0x0F, 0x81, 0xF0,
  0x3E, 0x07, 0xC0, 0xFF, 0x9F, 0xF3, 0xFE, 0x1F, 0xC0, 0x3C, 0x3E, 0x0F, 0xC0, 0xFB, 0xFC, 0xFF,
  0x83, 0xFF, 0xFF, 0xFF, 0x0F, 0xFF, 0xFF, 0xFC, 0x3F, 0x0F, 0xE3, 0xF0, 0xF8, 0x3F, 0x07, 0xC3,
  0xE0, 0xFC, 0x1F, 0x0F, 0x83, 0xF0, 0x7C, 0x3E, 0x0F, 0xC1, 0xF0, 0xF8, 0x3F, 0x07, 0xC3, 0xE0,
  0xFC, 0x1F, 0x0F, 0x83, 0xF0, 0x7C, 0x3E, 0x0F, 0xC1, 0xF0, 0xF8, 0x3F, 0x07, 0xC3, 0xE0, 0xFC,
  0x1F, 0x0F, 0x83, 0xF0, 0x7C, 0x3E, 0x0F, 0xC1, 0xF0, 0x3C, 0x3E, 0x07, 0xDF, 0xE0, 0xFF, 0xFE,
  0x1F, 0xFF, 0xC3, 0xF0, 0xFC, 0x7C, 0x1F, 0x8F, 0x83, 0xF1, 0xF0, 0x3E, 0x3E, 0x07, 0xC7, 0xC0,
  0xF8, 0xF8, 0x1F, 0x1F, 0x03, 0xE3, 0xE0, 0x7C, 0x7C, 0x0F, 0x8F, 0x81, 0xF1, 0xF0, 0x3E, 0x3E,
  0x07, 0xC0, 0x01, 0xF8, 0x01, 0xFF, 0xC0, 0x7F, 0xFC, 0x1F, 0xFF, 0xC3, 0xF0, 0xFC, 0xFC, 0x0F,
  0x9F, 0x01, 0xF3, 0xE0, 0x3F, 0x7C, 0x07, 0xEF, 0x80, 0xFD, 0xF0, 0x1F, 0x3F, 0x03, 0xE3, 0xF0,
  0xFC, 0x7F, 0xFF, 0x07, 0xFF, 0xC0, 0x7F, 0xF0, 0x01, 0xF8, 0x00, 0x3C, 0x3E, 0x03, 0xEF, 0xF0,
  0x3F, 0xFF, 0x83, 0xFF, 0xFC, 0x3F, 0x0F, 0xE3, 0xE0, 0x7E, 0x3E, 0x03, 0xE3, 0xE0, 0x3E, 0x3E,
  0x03, 0xE3, 0xE0, 0x3E, 0x3E, 0x03, 0xE3, 0xE0, 0x7E, 0x3F, 0x0F, 0xE3, 0xFF, 0xFC, 0x3F, 0xFF,
  0xC3, 0xEF, 0xF0, 0x3E, 0x3E, 0x03, 0xE0, 0x00, 0x3E, 0x00, 0x03, 0xE0, 0x00, 0x3E, 0x00, 0x03,
  0xE0, 0x00, 0x03, 0xE3, 0xE0, 0x1F, 0xE7, 0xC0, 0x7F, 0xFF, 0x81, 0xFF, 0xFF, 0x03, 0xF0, 0xFE,
  0x0F, 0xC0, 0xFC, 0x1F, 0x81, 0xF8, 0x3E, 0x01, 0xF0, 0x7C, 0x03, 0xE0, 0xF8, 0x07, 0xC1, 0xF0,
  0x1F, 0x83, 0xF0, 0x3F, 0x03, 0xF0, 0xFE, 0x07, 0xFF, 0xFC, 0x07, 0xFF, 0xF8, 0x07, 0xFB, 0xF0,
  0x03, 0xE7, 0xE0, 0x00, 0x0F, 0xFC, 0x00, 0x0F, 0xF8, 0x00, 0x1F, 0xF0, 0x00, 0x1F, 0xE0, 0x00,
  0x1F, 0x80, 0x3C, 0x31, 0xE7, 0x8F, 0x7C, 0x7F, 0xE3, 0xFF, 0x1F, 0xC0, 0xF8, 0x07, 0xC0, 0x3E,
  0x01, 0xF0, 0x0F, 0x80, 0x7C, 0x03, 0xE0, 0x1F, 0x00, 0xF8, 0x07, 0xC0, 0x3E, 0x00, 0x07, 0xF0,
  0x07, 0xFF, 0x03, 0xFF, 0xE1, 0xFF, 0xFC, 0x7C, 0x1E, 0x1F, 0x00, 0x07, 0xF0, 0x00, 0xFF, 0xE0,
  0x1F, 0xFF, 0x00, 0xFF, 0xE0, 0x01, 0xF8, 0x20, 0x3E, 0x7C, 0x0F, 0x9F, 0xFF, 0xE3, 0xFF, 0xF0,
  0x7F, 0xF8, 0x07, 0xF8, 0x00, 0x0F, 0x00, 0xF8, 0x07, 0xC0, 0x3E, 0x0F, 0xFF, 0x7F, 0xFB, 0xFF,
  0xDF, 0xFE, 0x1F, 0x00, 0xF8, 0x07, 0xC0, 0x3E, 0x01, 0xF0, 0x0F, 0x80, 0x7C, 0x03, 0xE0, 0x1F,
  0x80, 0xFF, 0x83, 0xFC, 0x1F, 0xE0, 0x7F, 0x00, 0x3E, 0x0F, 0xC7, 0xC1, 0xF8, 0xF8, 0x3F, 0x1F,
  0x07, 0xE3, 0xE0, 0xFC, 0x7C, 0x1F, 0x8F, 0x83, 0xF1, 0xF0, 0x7E, 0x3E, 0x0F, 0xC7, 0xC1, 0xF8,
  0xF8, 0x3F, 0x1F, 0x07, 0xE3, 0xF1, 0xFC, 0x7F, 0xFF, 0x87, 0xFF, 0xF0, 0xFF, 0xBE, 0x07, 0xC7,
  0xC0, 0xF8, 0x0F, 0xDF, 0x03, 0xE7, 0xC0, 0xF9, 0xF0, 0x7E, 0x3E, 0x1F, 0x0F, 0x87, 0xC3, 0xE1,
  0xF0, 0x7C, 0xF8, 0x1F, 0x3E, 0x07, 0xCF, 0x80, 0xFF, 0xC0, 0x3F, 0xF0, 0x0F, 0xF8, 0x01, 0xFE,
  0x00, 0x7F, 0x80, 0x1F, 0xC0, 0x03, 0xF0, 0x00, 0xF8, 0x3E, 0x1F, 0x7C, 0x1F, 0x0F, 0x9F, 0x1F,
  0x87, 0xCF, 0x8F, 0xC3, 0xE7, 0xC7, 0xF3, 0xE3, 0xE3, 0xF9, 0xF0, 0xF9, 0xDC, 0xF8, 0x7D, 0xEE,
  0x7C, 0x3E, 0xF7, 0x3C, 0x1F, 0x73, 0xFE, 0x07, 0xF9, 0xFF, 0x03, 0xFC, 0x7F, 0x81, 0xFE, 0x3F,
  0x80, 0xFF, 0x1F, 0xC0, 0x3F, 0x0F, 0xE0, 0x1F, 0x87, 0xF0, 0x0F, 0xC1, 0xF0, 0x00, 0x7C, 0x0F,
  0x87, 0xC3, 0xF0, 0xFC, 0xFC, 0x0F, 0xDF, 0x00, 0xFF, 0xC0, 0x1F, 0xF8, 0x01, 0xFE, 0x00, 0x1F,
  0x80, 0x03, 0xF0, 0x00, 0xFF, 0x00, 0x1F, 0xE0, 0x07, 0xFE, 0x01, 0xFF, 0xE0, 0x7E, 0x7E, 0x0F,
  0x87, 0xC3, 0xF0, 0xFC, 0xFC, 0x0F, 0xC0, 0xFC, 0x0F, 0x9F, 0x03, 0xE7, 0xC1, 0xF9, 0xF8, 0x7C,
  0x3E, 0x1F, 0x0F, 0x8F, 0x81, 0xF3, 0xE0, 0x7C, 0xF8, 0x1F, 0x7C, 0x03, 0xFF, 0x00, 0xFF, 0xC0,
  0x1F, 0xE0, 0x07, 0xF8, 0x01, 0xFC, 0x00, 0x3F, 0x00, 0x0F, 0xC0, 0x03, 0xE0, 0x00, 0xF8, 0x03,
  0xFC, 0x00, 0xFF, 0x00, 0x3F, 0x80, 0x0F, 0x80, 0x00, 0x7F, 0xFF, 0x1F, 0xFF, 0xC7, 0xFF, 0xF0,
  0xFF, 0xFC, 0x00, 0x7F, 0x00, 0x3F, 0x80, 0x1F, 0xC0, 0x0F, 0xE0, 0x07, 0xF0, 0x03, 0xF8, 0x01,
  0xFC, 0x00, 0x7E, 0x00, 0x3F, 0x00, 0x1F, 0xFF, 0xE7, 0xFF, 0xF9, 0xFF, 0xFE, 0x7F, 0xFF, 0x80,
  0x03, 0xE0, 0x7F, 0x03, 0xF8, 0x3F, 0xC1, 0xF0, 0x0F, 0x80, 0x7C, 0x03, 0xE0, 0x1F, 0x00, 0xF8,
  0x07, 0xC0, 0xFC, 0x07, 0xC0, 0x3E, 0x01, 0xF8, 0x07, 0xE0, 0x1F, 0x00, 0xF8, 0x07, 0xC0, 0x3E,
  0x01, 0xF0, 0x0F, 0x80, 0x7C, 0x03, 0xFC, 0x0F, 0xE0, 0x3F, 0x00, 0xF8, 0x7C, 0x7C, 0x7C, 0x7C,
  0x7C, 0x7C, 0x7C, 0x7C, 0x7C, 0x7C, 0x7C, 0x7C, 0x7C, 0x7C, 0x7C, 0x7C, 0x7C, 0x7C, 0x7C, 0x7C,
  0x7C, 0x7C, 0x7C, 0x7C, 0x7C, 0x7C, 0x7C, 0x7E, 0x03, 0xF8, 0x1F, 0xE0, 0xFF, 0x00, 0xF8, 0x03,
  0xC0, 0x1E, 0x00, 0xF0, 0x07, 0x80, 0x3E, 0x01, 0xF0, 0x0F, 0xE0, 0x3F, 0x00, 0xF8, 0x1F, 0xC0,
  0xF8, 0x07, 0xC0, 0x3C, 0x01, 0xE0, 0x0F, 0x00, 0x78, 0x07, 0xC0, 0x3E, 0x0F, 0xF0, 0x7F, 0x83,
  0xF8, 0x1F, 0x00, 0x00, 0x00, 0x03, 0xC1, 0xC1, 0xFC, 0x78, 0xFF, 0xFC, 0x3F, 0xFF, 0x1E, 0x3F,
  0xC3, 0x83, 0xC0, 0x00, 0x00, 0x00, 0x00, 0x00, 0x00, 0x00, 0x00, 0x00, 0x00, 0x00, 0x00, 0x00,
  0x00,
};

typedef struct {
  const char    *name;      /* NAME.cfnt in /fonts */
  const uint8_t *data;
  size_t         size;
} FontBlob;

static const FontBlob FONT_BLOBS[] = {
  { "clock56.cfnt", font_blob_clock56, sizeof font_blob_clock56 },
  { "print24.cfnt", font_blob_print24, sizeof font_blob_print24 },
  { "print24b.cfnt", font_blob_print24b, sizeof font_blob_print24b },
  { "print34b.cfnt", font_blob_print34b, sizeof font_blob_print34b },
};
#define FONT_BLOB_COUNT (sizeof FONT_BLOBS / sizeof FONT_BLOBS[0])

#endif
