/* Colour icons, generated by tools/make_color_icons.py -- do not edit.
 *
 * Embedded so first boot can write them to /desktop/icons. 16x16 RGB565,
 * pre-swapped for the panel, drawn at 4x. Edit the pictures in the
 * generator, never the hex.
 */
#ifndef CARDOS_ICONS_COLOR_H
#define CARDOS_ICONS_COLOR_H

#include <stdint.h>
#include <stddef.h>

static const uint8_t cic_MIDI[] = {
  0x43, 0x49, 0x43, 0x31, 0x10, 0x00, 0x10, 0x00, 0x00, 0x00, 0x00, 0x00, 0x00, 0x00, 0x00, 0x00,
  0x00, 0x00, 0x00, 0x00, 0x00, 0x00, 0x00, 0x00, 0x00, 0x00, 0x00, 0x00, 0x00, 0x00, 0x00, 0x00,
  0x00, 0x00, 0x00, 0x00, 0x00, 0x00, 0x00, 0x00, 0xBC, 0xBD, 0xBC, 0xBD, 0xBC, 0xBD, 0xBC, 0xBD,
  0xBC, 0xBD, 0xBC, 0xBD, 0xBC, 0xBD, 0xBC, 0xBD, 0xBC, 0xBD, 0xBC, 0xBD, 0xBC, 0xBD, 0xBC, 0xBD,
  0xBC, 0xBD, 0xBC, 0xBD, 0xBC, 0xBD, 0xBC, 0xBD, 0xBC, 0xBD, 0xFF, 0xFF, 0xFF, 0xFF, 0x18, 0xC4,
  0x18, 0xC4, 0xFF, 0xFF, 0x18, 0xC4, 0x18, 0xC4, 0xFF, 0xFF, 0xFF, 0xFF, 0x18, 0xC4, 0x18, 0xC4,
  0xFF, 0xFF, 0x18, 0xC4, 0x18, 0xC4, 0xBC, 0xBD, 0xBC, 0xBD, 0xFF, 0xFF, 0xFF, 0xFF, 0x18, 0xC4,
  0x18, 0xC4, 0xFF, 0xFF, 0x18, 0xC4, 0x18, 0xC4, 0xFF, 0xFF, 0xFF, 0xFF, 0x18, 0xC4, 0x18, 0xC4,
  0xFF, 0xFF, 0x18, 0xC4, 0x18, 0xC4, 0xBC, 0xBD, 0xBC, 0xBD, 0xFF, 0xFF, 0xFF, 0xFF, 0x18, 0xC4,
  0x18, 0xC4, 0xFF, 0xFF, 0x18, 0xC4, 0x18, 0xC4, 0xFF, 0xFF, 0xFF, 0xFF, 0x18, 0xC4, 0x18, 0xC4,
  0xFF, 0xFF, 0x18, 0xC4, 0x18, 0xC4, 0xBC, 0xBD, 0xBC, 0xBD, 0xFF, 0xFF, 0xFF, 0xFF, 0x18, 0xC4,
  0x18, 0xC4, 0xFF, 0xFF, 0x18, 0xC4, 0x18, 0xC4, 0xFF, 0xFF, 0xFF, 0xFF, 0x18, 0xC4, 0x18, 0xC4,
  0xFF, 0xFF, 0x18, 0xC4, 0x18, 0xC4, 0xBC, 0xBD, 0xBC, 0xBD, 0xFF, 0xFF, 0xFF, 0xFF, 0x18, 0xC4,
  0x18, 0xC4, 0xFF, 0xFF, 0x18, 0xC4, 0x18, 0xC4, 0xFF, 0xFF, 0xFF, 0xFF, 0x18, 0xC4, 0x18, 0xC4,
  0xFF, 0xFF, 0x18, 0xC4, 0x18, 0xC4, 0xBC, 0xBD, 0xBC, 0xBD, 0xFF, 0xFF, 0xFF, 0xFF, 0x18, 0xC4,
  0x18, 0xC4, 0xFF, 0xFF, 0x18, 0xC4, 0x18, 0xC4, 0xFF, 0xFF, 0xFF, 0xFF, 0x18, 0xC4, 0x18, 0xC4,
  0xFF, 0xFF, 0x18, 0xC4, 0x18, 0xC4, 0xBC, 0xBD, 0xBC, 0xBD, 0xFF, 0xFF, 0xFF, 0xFF, 0xFF, 0xFF,
  0x18, 0xC4, 0xFF, 0xFF, 0xFF, 0xFF, 0x18, 0xC4, 0xFF, 0xFF, 0xFF, 0xFF, 0xFF, 0xFF, 0x18, 0xC4,
  0xFF, 0xFF, 0xFF, 0xFF, 0x18, 0xC4, 0xBC, 0xBD, 0xBC, 0xBD, 0xFF, 0xFF, 0xFF, 0xFF, 0xFF, 0xFF,
  0x18, 0xC4, 0xFF, 0xFF, 0xFF, 0xFF, 0x18, 0xC4, 0xFF, 0xFF, 0xFF, 0xFF, 0xFF, 0xFF, 0x18, 0xC4,
  0xFF, 0xFF, 0xFF, 0xFF, 0x18, 0xC4, 0xBC, 0xBD, 0xBC, 0xBD, 0xFF, 0xFF, 0xFF, 0xFF, 0xFF, 0xFF,
  0x18, 0xC4, 0xFF, 0xFF, 0xFF, 0xFF, 0x18, 0xC4, 0xFF, 0xFF, 0xFF, 0xFF, 0xFF, 0xFF, 0x18, 0xC4,
  0xFF, 0xFF, 0xFF, 0xFF, 0x18, 0xC4, 0xBC, 0xBD, 0xBC, 0xBD, 0xFF, 0xFF, 0xFF, 0xFF, 0xFF, 0xFF,
  0x18, 0xC4, 0xFF, 0xFF, 0xFF, 0xFF, 0x18, 0xC4, 0xFF, 0xFF, 0xFF, 0xFF, 0xFF, 0xFF, 0x18, 0xC4,
  0xFF, 0xFF, 0xFF, 0xFF, 0x18, 0xC4, 0xBC, 0xBD, 0xBC, 0xBD, 0xFF, 0xFF, 0xFF, 0xFF, 0xFF, 0xFF,
  0x18, 0xC4, 0xFF, 0xFF, 0xFF, 0xFF, 0x18, 0xC4, 0xFF, 0xFF, 0xFF, 0xFF, 0xFF, 0xFF, 0x18, 0xC4,
  0xFF, 0xFF, 0xFF, 0xFF, 0x18, 0xC4, 0xBC, 0xBD, 0xBC, 0xBD, 0xFF, 0xFF, 0xFF, 0xFF, 0xFF, 0xFF,
  0x18, 0xC4, 0xFF, 0xFF, 0xFF, 0xFF, 0x18, 0xC4, 0xFF, 0xFF, 0xFF, 0xFF, 0xFF, 0xFF, 0x18, 0xC4,
  0xFF, 0xFF, 0xFF, 0xFF, 0x18, 0xC4, 0xBC, 0xBD, 0xBC, 0xBD, 0xBC, 0xBD, 0xBC, 0xBD, 0xBC, 0xBD,
  0xBC, 0xBD, 0xBC, 0xBD, 0xBC, 0xBD, 0xBC, 0xBD, 0xBC, 0xBD, 0xBC, 0xBD, 0xBC, 0xBD, 0xBC, 0xBD,
  0xBC, 0xBD, 0xBC, 0xBD, 0xBC, 0xBD, 0xBC, 0xBD, 0x00, 0x00, 0x00, 0x00, 0x00, 0x00, 0x00, 0x00,
  0x00, 0x00, 0x00, 0x00, 0x00, 0x00, 0x00, 0x00, 0x00, 0x00, 0x00, 0x00, 0x00, 0x00, 0x00, 0x00,
  0x00, 0x00, 0x00, 0x00, 0x00, 0x00, 0x00, 0x00,
};

static const uint8_t cic_Music[] = {
  0x43, 0x49, 0x43, 0x31, 0x10, 0x00, 0x10, 0x00, 0x00, 0x00, 0x00, 0x00, 0x00, 0x00, 0x00, 0x00,
  0x00, 0x00, 0x00, 0x00, 0x00, 0x00, 0x00, 0x00, 0x00, 0x00, 0x00, 0x00, 0x00, 0x00, 0x00, 0x00,
  0x00, 0x00, 0x00, 0x00, 0x00, 0x00, 0x00, 0x00, 0x00, 0x00, 0x00, 0x00, 0x00, 0x00, 0x00, 0x00,
  0x00, 0x00, 0x00, 0x00, 0x18, 0xC4, 0x18, 0xC4, 0x18, 0xC4, 0x18, 0xC4, 0x18, 0xC4, 0x18, 0xC4,
  0x18, 0xC4, 0x18, 0xC4, 0x18, 0xC4, 0x00, 0x00, 0x00, 0x00, 0x00, 0x00, 0x00, 0x00, 0x00, 0x00,
  0x00, 0x00, 0x00, 0x00, 0x18, 0xC4, 0xFE, 0x6A, 0xFE, 0x6A, 0xFE, 0x6A, 0xFE, 0x6A, 0xFE, 0x6A,
  0xFE, 0x6A, 0xFE, 0x6A, 0x18, 0xC4, 0x00, 0x00, 0x00, 0x00, 0x00, 0x00, 0x00, 0x00, 0x00, 0x00,
  0x00, 0x00, 0x00, 0x00, 0x18, 0xC4, 0xFE, 0x6A, 0x18, 0xC4, 0x18, 0xC4, 0x18, 0xC4, 0x18, 0xC4,
  0x18, 0xC4, 0xFE, 0x6A, 0x18, 0xC4, 0x00, 0x00, 0x00, 0x00, 0x00, 0x00, 0x00, 0x00, 0x00, 0x00,
  0x00, 0x00, 0x00, 0x00, 0x18, 0xC4, 0xFE, 0x6A, 0x18, 0xC4, 0x00, 0x00, 0x00, 0x00, 0x00, 0x00,
  0x18, 0xC4, 0xFE, 0x6A, 0x18, 0xC4, 0x00, 0x00, 0x00, 0x00, 0x00, 0x00, 0x00, 0x00, 0x00, 0x00,
  0x00, 0x00, 0x00, 0x00, 0x18, 0xC4, 0xFE, 0x6A, 0x18, 0xC4, 0x00, 0x00, 0x00, 0x00, 0x00, 0x00,
  0x18, 0xC4, 0xFE, 0x6A, 0x18, 0xC4, 0x00, 0x00, 0x00, 0x00, 0x00, 0x00, 0x00, 0x00, 0x00, 0x00,
  0x00, 0x00, 0x00, 0x00, 0x18, 0xC4, 0xFE, 0x6A, 0x18, 0xC4, 0x00, 0x00, 0x00, 0x00, 0x00, 0x00,
  0x18, 0xC4, 0xFE, 0x6A, 0x18, 0xC4, 0x00, 0x00, 0x00, 0x00, 0x00, 0x00, 0x00, 0x00, 0x00, 0x00,
  0x00, 0x00, 0x00, 0x00, 0x18, 0xC4, 0xFE, 0x6A, 0x18, 0xC4, 0x00, 0x00, 0x00, 0x00, 0x00, 0x00,
  0x18, 0xC4, 0xFE, 0x6A, 0x18, 0xC4, 0x00, 0x00, 0x00, 0x00, 0x00, 0x00, 0x00, 0x00, 0x00, 0x00,
  0x00, 0x00, 0x00, 0x00, 0x18, 0xC4, 0xFE, 0x6A, 0x18, 0xC4, 0x00, 0x00, 0x00, 0x00, 0x00, 0x00,
  0x18, 0xC4, 0xFE, 0x6A, 0x18, 0xC4, 0x00, 0x00, 0x00, 0x00, 0x00, 0x00, 0x00, 0x00, 0x18, 0xC4,
  0x18, 0xC4, 0x18, 0xC4, 0x18, 0xC4, 0xFE, 0x6A, 0x18, 0xC4, 0x00, 0x00, 0x18, 0xC4, 0x18, 0xC4,
  0x18, 0xC4, 0xFE, 0x6A, 0x18, 0xC4, 0x00, 0x00, 0x00, 0x00, 0x00, 0x00, 0x18, 0xC4, 0xFE, 0x6A,
  0xFE, 0x6A, 0xFE, 0x6A, 0xFE, 0x6A, 0xFE, 0x6A, 0x18, 0xC4, 0x00, 0x00, 0x18, 0xC4, 0xFE, 0x6A,
  0xFE, 0x6A, 0xFE, 0x6A, 0x18, 0xC4, 0x00, 0x00, 0x00, 0x00, 0x18, 0xC4, 0xFE, 0x6A, 0xFE, 0x6A,
  0xFE, 0x6A, 0xFE, 0x6A, 0xFE, 0x6A, 0xFE, 0x6A, 0x18, 0xC4, 0x00, 0x00, 0x18, 0xC4, 0xFE, 0x6A,
  0xFE, 0x6A, 0xFE, 0x6A, 0x18, 0xC4, 0x00, 0x00, 0x00, 0x00, 0x18, 0xC4, 0xFE, 0x6A, 0xFE, 0x6A,
  0xFE, 0x6A, 0xFE, 0x6A, 0xFE, 0x6A, 0xFE, 0x6A, 0x18, 0xC4, 0x00, 0x00, 0x18, 0xC4, 0x18, 0xC4,
  0x18, 0xC4, 0x18, 0xC4, 0x00, 0x00, 0x00, 0x00, 0x00, 0x00, 0x00, 0x00, 0x18, 0xC4, 0xFE, 0x6A,
  0xFE, 0x6A, 0xFE, 0x6A, 0xFE, 0x6A, 0x18, 0xC4, 0x00, 0x00, 0x00, 0x00, 0x00, 0x00, 0x00, 0x00,
  0x00, 0x00, 0x00, 0x00, 0x00, 0x00, 0x00, 0x00, 0x00, 0x00, 0x00, 0x00, 0x00, 0x00, 0x18, 0xC4,
  0x18, 0xC4, 0x18, 0xC4, 0x18, 0xC4, 0x00, 0x00, 0x00, 0x00, 0x00, 0x00, 0x00, 0x00, 0x00, 0x00,
  0x00, 0x00, 0x00, 0x00, 0x00, 0x00, 0x00, 0x00, 0x00, 0x00, 0x00, 0x00, 0x00, 0x00, 0x00, 0x00,
  0x00, 0x00, 0x00, 0x00, 0x00, 0x00, 0x00, 0x00, 0x00, 0x00, 0x00, 0x00, 0x00, 0x00, 0x00, 0x00,
  0x00, 0x00, 0x00, 0x00, 0x00, 0x00, 0x00, 0x00,
};

static const uint8_t cic_Level[] = {
  0x43, 0x49, 0x43, 0x31, 0x10, 0x00, 0x10, 0x00, 0x00, 0x00, 0x00, 0x00, 0x00, 0x00, 0x00, 0x00,
  0x00, 0x00, 0x18, 0xC4, 0x18, 0xC4, 0x18, 0xC4, 0x18, 0xC4, 0x18, 0xC4, 0x18, 0xC4, 0x00, 0x00,
  0x00, 0x00, 0x00, 0x00, 0x00, 0x00, 0x00, 0x00, 0x00, 0x00, 0x00, 0x00, 0x00, 0x00, 0x18, 0xC4,
  0x18, 0xC4, 0x6E, 0x30, 0x6E, 0x30, 0x6E, 0x30, 0x6E, 0x30, 0x6E, 0x30, 0x6E, 0x30, 0x18, 0xC4,
  0x18, 0xC4, 0x00, 0x00, 0x00, 0x00, 0x00, 0x00, 0x00, 0x00, 0x00, 0x00, 0x18, 0xC4, 0x6E, 0x30,
  0x6E, 0x30, 0x6E, 0x30, 0x6E, 0x30, 0x6E, 0x30, 0x6E, 0x30, 0x6E, 0x30, 0x6E, 0x30, 0x6E, 0x30,
  0x6E, 0x30, 0x18, 0xC4, 0x00, 0x00, 0x00, 0x00, 0x00, 0x00, 0x18, 0xC4, 0x6E, 0x30, 0x6E, 0x30,
  0x6E, 0x30, 0x6E, 0x30, 0x6E, 0x30, 0x34, 0x4A, 0x6E, 0x30, 0x6E, 0x30, 0x6E, 0x30, 0x6E, 0x30,
  0x6E, 0x30, 0x6E, 0x30, 0x18, 0xC4, 0x00, 0x00, 0x00, 0x00, 0x18, 0xC4, 0x6E, 0x30, 0x6E, 0x30,
  0x6E, 0x30, 0x6E, 0x30, 0x6E, 0x30, 0x34, 0x4A, 0x6E, 0x30, 0x6E, 0x30, 0x6E, 0x30, 0x6E, 0x30,
  0x6E, 0x30, 0x6E, 0x30, 0x18, 0xC4, 0x00, 0x00, 0x18, 0xC4, 0x6E, 0x30, 0x6E, 0x30, 0x6E, 0x30,
  0x6E, 0x30, 0x6E, 0x30, 0x34, 0x4A, 0x34, 0x4A, 0x34, 0x4A, 0xFF, 0xFF, 0xFF, 0xFF, 0xFF, 0xFF,
  0x6E, 0x30, 0x6E, 0x30, 0x6E, 0x30, 0x18, 0xC4, 0x18, 0xC4, 0x6E, 0x30, 0x6E, 0x30, 0x6E, 0x30,
  0x6E, 0x30, 0x6E, 0x30, 0x6E, 0x30, 0x34, 0x4A, 0xFF, 0xFF, 0xFF, 0xFF, 0xFF, 0xFF, 0xFF, 0xFF,
  0xFF, 0xFF, 0x6E, 0x30, 0x6E, 0x30, 0x18, 0xC4, 0x18, 0xC4, 0x34, 0x4A, 0x34, 0x4A, 0x34, 0x4A,
  0x34, 0x4A, 0x34, 0x4A, 0x34, 0x4A, 0x34, 0x4A, 0xFF, 0xFF, 0xFF, 0xFF, 0xFF, 0xFF, 0xFF, 0xFF,
  0xFF, 0xFF, 0x34, 0x4A, 0x34, 0x4A, 0x18, 0xC4, 0x18, 0xC4, 0x6E, 0x30, 0x6E, 0x30, 0x6E, 0x30,
  0x6E, 0x30, 0x6E, 0x30, 0x6E, 0x30, 0x34, 0x4A, 0x34, 0x4A, 0xFF, 0xFF, 0xFF, 0xFF, 0xFF, 0xFF,
  0x6E, 0x30, 0x6E, 0x30, 0x6E, 0x30, 0x18, 0xC4, 0x18, 0xC4, 0x6E, 0x30, 0x6E, 0x30, 0x6E, 0x30,
  0x6E, 0x30, 0x6E, 0x30, 0x6E, 0x30, 0x34, 0x4A, 0x6E, 0x30, 0x6E, 0x30, 0x6E, 0x30, 0x6E, 0x30,
  0x6E, 0x30, 0x6E, 0x30, 0x18, 0xC4, 0x00, 0x00, 0x00, 0x00, 0x18, 0xC4, 0x6E, 0x30, 0x6E, 0x30,
  0x6E, 0x30, 0x6E, 0x30, 0x6E, 0x30, 0x34, 0x4A, 0x6E, 0x30, 0x6E, 0x30, 0x6E, 0x30, 0x6E, 0x30,
  0x6E, 0x30, 0x6E, 0x30, 0x18, 0xC4, 0x00, 0x00, 0x00, 0x00, 0x18, 0xC4, 0x6E, 0x30, 0x6E, 0x30,
  0x6E, 0x30, 0x6E, 0x30, 0x6E, 0x30, 0x34, 0x4A, 0x6E, 0x30, 0x6E, 0x30, 0x6E, 0x30, 0x6E, 0x30,
  0x6E, 0x30, 0x6E, 0x30, 0x18, 0xC4, 0x00, 0x00, 0x00, 0x00, 0x00, 0x00, 0x18, 0xC4, 0x6E, 0x30,
  0x6E, 0x30, 0x6E, 0x30, 0x6E, 0x30, 0x6E, 0x30, 0x6E, 0x30, 0x6E, 0x30, 0x6E, 0x30, 0x6E, 0x30,
  0x6E, 0x30, 0x18, 0xC4, 0x00, 0x00, 0x00, 0x00, 0x00, 0x00, 0x00, 0x00, 0x00, 0x00, 0x18, 0xC4,
  0x18, 0xC4, 0x6E, 0x30, 0x6E, 0x30, 0x6E, 0x30, 0x6E, 0x30, 0x6E, 0x30, 0x6E, 0x30, 0x18, 0xC4,
  0x18, 0xC4, 0x00, 0x00, 0x00, 0x00, 0x00, 0x00, 0x00, 0x00, 0x00, 0x00, 0x00, 0x00, 0x00, 0x00,
  0x00, 0x00, 0x18, 0xC4, 0x18, 0xC4, 0x18, 0xC4, 0x18, 0xC4, 0x18, 0xC4, 0x18, 0xC4, 0x00, 0x00,
  0x00, 0x00, 0x00, 0x00, 0x00, 0x00, 0x00, 0x00, 0x00, 0x00, 0x00, 0x00, 0x00, 0x00, 0x00, 0x00,
  0x00, 0x00, 0x00, 0x00, 0x00, 0x00, 0x00, 0x00, 0x00, 0x00, 0x00, 0x00, 0x00, 0x00, 0x00, 0x00,
  0x00, 0x00, 0x00, 0x00, 0x00, 0x00, 0x00, 0x00,
};

static const uint8_t cic_Chat[] = {
  0x43, 0x49, 0x43, 0x31, 0x10, 0x00, 0x10, 0x00, 0x00, 0x00, 0x00, 0x00, 0x00, 0x00, 0x00, 0x00,
  0x00, 0x00, 0x00, 0x00, 0x00, 0x00, 0x00, 0x00, 0x00, 0x00, 0x00, 0x00, 0x00, 0x00, 0x00, 0x00,
  0x00, 0x00, 0x00, 0x00, 0x00, 0x00, 0x00, 0x00, 0x00, 0x00, 0x18, 0xC4, 0x18, 0xC4, 0x18, 0xC4,
  0x18, 0xC4, 0x18, 0xC4, 0x18, 0xC4, 0x18, 0xC4, 0x18, 0xC4, 0x18, 0xC4, 0x00, 0x00, 0x00, 0x00,
  0x00, 0x00, 0x00, 0x00, 0x00, 0x00, 0x00, 0x00, 0x18, 0xC4, 0x54, 0xFD, 0x54, 0xFD, 0x54, 0xFD,
  0x54, 0xFD, 0x54, 0xFD, 0x54, 0xFD, 0x54, 0xFD, 0x54, 0xFD, 0x54, 0xFD, 0x18, 0xC4, 0x00, 0x00,
  0x00, 0x00, 0x00, 0x00, 0x00, 0x00, 0x00, 0x00, 0x18, 0xC4, 0x54, 0xFD, 0xFF, 0xFF, 0xFF, 0xFF,
  0xFF, 0xFF, 0xFF, 0xFF, 0xFF, 0xFF, 0xFF, 0xFF, 0xFF, 0xFF, 0x54, 0xFD, 0x18, 0xC4, 0x00, 0x00,
  0x00, 0x00, 0x00, 0x00, 0x00, 0x00, 0x00, 0x00, 0x18, 0xC4, 0x54, 0xFD, 0x54, 0xFD, 0x54, 0xFD,
  0x54, 0xFD, 0x54, 0xFD, 0x54, 0xFD, 0x54, 0xFD, 0x54, 0xFD, 0x54, 0xFD, 0x18, 0xC4, 0x00, 0x00,
  0x00, 0x00, 0x00, 0x00, 0x00, 0x00, 0x00, 0x00, 0x18, 0xC4, 0x54, 0xFD, 0xFF, 0xFF, 0xFF, 0xFF,
  0xFF, 0xFF, 0xFF, 0xFF, 0xFF, 0xFF, 0x54, 0xFD, 0x54, 0xFD, 0x54, 0xFD, 0x18, 0xC4, 0x00, 0x00,
  0x00, 0x00, 0x00, 0x00, 0x00, 0x00, 0x00, 0x00, 0x00, 0x00, 0x18, 0xC4, 0x18, 0xC4, 0x18, 0xC4,
  0x54, 0xFD, 0x18, 0xC4, 0x18, 0xC4, 0x18, 0xC4, 0x18, 0xC4, 0x18, 0xC4, 0x00, 0x00, 0x00, 0x00,
  0x00, 0x00, 0x00, 0x00, 0x00, 0x00, 0x00, 0x00, 0x00, 0x00, 0x00, 0x00, 0x00, 0x00, 0x18, 0xC4,
  0x54, 0xFD, 0x18, 0xC4, 0x00, 0x00, 0x18, 0xC4, 0x18, 0xC4, 0x18, 0xC4, 0x18, 0xC4, 0x18, 0xC4,
  0x18, 0xC4, 0x18, 0xC4, 0x18, 0xC4, 0x00, 0x00, 0x00, 0x00, 0x00, 0x00, 0x00, 0x00, 0x18, 0xC4,
  0x18, 0xC4, 0x00, 0x00, 0x18, 0xC4, 0x6E, 0x30, 0x6E, 0x30, 0x6E, 0x30, 0x6E, 0x30, 0x6E, 0x30,
  0x6E, 0x30, 0x6E, 0x30, 0x6E, 0x30, 0x18, 0xC4, 0x00, 0x00, 0x00, 0x00, 0x00, 0x00, 0x00, 0x00,
  0x00, 0x00, 0x00, 0x00, 0x18, 0xC4, 0x6E, 0x30, 0xFF, 0xFF, 0xFF, 0xFF, 0xFF, 0xFF, 0xFF, 0xFF,
  0xFF, 0xFF, 0xFF, 0xFF, 0x6E, 0x30, 0x18, 0xC4, 0x00, 0x00, 0x00, 0x00, 0x00, 0x00, 0x00, 0x00,
  0x00, 0x00, 0x00, 0x00, 0x18, 0xC4, 0x6E, 0x30, 0x6E, 0x30, 0x6E, 0x30, 0x6E, 0x30, 0x6E, 0x30,
  0x6E, 0x30, 0x6E, 0x30, 0x6E, 0x30, 0x18, 0xC4, 0x00, 0x00, 0x00, 0x00, 0x00, 0x00, 0x00, 0x00,
  0x00, 0x00, 0x00, 0x00, 0x18, 0xC4, 0x6E, 0x30, 0xFF, 0xFF, 0xFF, 0xFF, 0xFF, 0xFF, 0xFF, 0xFF,
  0x6E, 0x30, 0x6E, 0x30, 0x6E, 0x30, 0x18, 0xC4, 0x00, 0x00, 0x00, 0x00, 0x00, 0x00, 0x00, 0x00,
  0x00, 0x00, 0x00, 0x00, 0x00, 0x00, 0x18, 0xC4, 0x18, 0xC4, 0x18, 0xC4, 0x18, 0xC4, 0x18, 0xC4,
  0x6E, 0x30, 0x18, 0xC4, 0x18, 0xC4, 0x00, 0x00, 0x00, 0x00, 0x00, 0x00, 0x00, 0x00, 0x00, 0x00,
  0x00, 0x00, 0x00, 0x00, 0x00, 0x00, 0x00, 0x00, 0x00, 0x00, 0x00, 0x00, 0x00, 0x00, 0x18, 0xC4,
  0x6E, 0x30, 0x18, 0xC4, 0x00, 0x00, 0x00, 0x00, 0x00, 0x00, 0x00, 0x00, 0x00, 0x00, 0x00, 0x00,
  0x00, 0x00, 0x00, 0x00, 0x00, 0x00, 0x00, 0x00, 0x00, 0x00, 0x00, 0x00, 0x00, 0x00, 0x00, 0x00,
  0x18, 0xC4, 0x18, 0xC4, 0x00, 0x00, 0x00, 0x00, 0x00, 0x00, 0x00, 0x00, 0x00, 0x00, 0x00, 0x00,
  0x00, 0x00, 0x00, 0x00, 0x00, 0x00, 0x00, 0x00, 0x00, 0x00, 0x00, 0x00, 0x00, 0x00, 0x00, 0x00,
  0x00, 0x00, 0x00, 0x00, 0x00, 0x00, 0x00, 0x00,
};

static const uint8_t cic_Kart[] = {
  0x43, 0x49, 0x43, 0x31, 0x10, 0x00, 0x10, 0x00, 0x00, 0x00, 0x00, 0x00, 0x00, 0x00, 0x00, 0x00,
  0x00, 0x00, 0x00, 0x00, 0x00, 0x00, 0x00, 0x00, 0x00, 0x00, 0x00, 0x00, 0x00, 0x00, 0x00, 0x00,
  0x00, 0x00, 0x00, 0x00, 0x00, 0x00, 0x00, 0x00, 0x00, 0x00, 0x00, 0x00, 0x00, 0x00, 0x00, 0x00,
  0x00, 0x00, 0x00, 0x00, 0x18, 0xC4, 0x18, 0xC4, 0x18, 0xC4, 0x18, 0xC4, 0x00, 0x00, 0x00, 0x00,
  0x00, 0x00, 0x00, 0x00, 0x00, 0x00, 0x00, 0x00, 0x00, 0x00, 0x00, 0x00, 0x00, 0x00, 0x00, 0x00,
  0x00, 0x00, 0x18, 0xC4, 0xFF, 0xFF, 0xFF, 0xFF, 0xFF, 0xFF, 0xFF, 0xFF, 0x18, 0xC4, 0x00, 0x00,
  0x00, 0x00, 0x00, 0x00, 0x00, 0x00, 0x00, 0x00, 0x00, 0x00, 0x00, 0x00, 0x00, 0x00, 0x00, 0x00,
  0x00, 0x00, 0x18, 0xC4, 0xFF, 0xFF, 0xE2, 0xA9, 0xE2, 0xA9, 0xFF, 0xFF, 0x18, 0xC4, 0x00, 0x00,
  0x00, 0x00, 0x00, 0x00, 0x00, 0x00, 0x00, 0x00, 0x00, 0x00, 0x00, 0x00, 0x00, 0x00, 0x00, 0x00,
  0x00, 0x00, 0x00, 0x00, 0x18, 0xC4, 0xFE, 0x6A, 0xFE, 0x6A, 0x18, 0xC4, 0x00, 0x00, 0x00, 0x00,
  0x00, 0x00, 0x00, 0x00, 0x00, 0x00, 0x00, 0x00, 0x00, 0x00, 0x00, 0x00, 0x00, 0x00, 0x00, 0x00,
  0x18, 0xC4, 0x18, 0xC4, 0xE2, 0xA9, 0xE2, 0xA9, 0xE2, 0xA9, 0xE2, 0xA9, 0x18, 0xC4, 0x18, 0xC4,
  0x00, 0x00, 0x00, 0x00, 0x00, 0x00, 0x00, 0x00, 0x00, 0x00, 0x00, 0x00, 0x00, 0x00, 0x18, 0xC4,
  0xE2, 0xA9, 0xE2, 0xA9, 0xA9, 0xA6, 0xA9, 0xA6, 0xA9, 0xA6, 0xA9, 0xA6, 0xE2, 0xA9, 0xE2, 0xA9,
  0x18, 0xC4, 0x00, 0x00, 0x00, 0x00, 0x00, 0x00, 0x00, 0x00, 0x00, 0x00, 0x18, 0xC4, 0x18, 0xC4,
  0x18, 0xC4, 0x18, 0xC4, 0x18, 0xC4, 0x18, 0xC4, 0x18, 0xC4, 0x18, 0xC4, 0x18, 0xC4, 0x18, 0xC4,
  0x18, 0xC4, 0x18, 0xC4, 0x00, 0x00, 0x00, 0x00, 0x00, 0x00, 0x18, 0xC4, 0x18, 0xC4, 0x18, 0xC4,
  0xE2, 0xA9, 0xE2, 0xA9, 0xE2, 0xA9, 0xE2, 0xA9, 0xE2, 0xA9, 0xE2, 0xA9, 0xE2, 0xA9, 0xE2, 0xA9,
  0x18, 0xC4, 0x18, 0xC4, 0x18, 0xC4, 0x00, 0x00, 0x00, 0x00, 0x18, 0xC4, 0x18, 0xC4, 0x18, 0xC4,
  0xE2, 0xA9, 0xA9, 0xA6, 0xA9, 0xA6, 0xA9, 0xA6, 0xA9, 0xA6, 0xA9, 0xA6, 0xA9, 0xA6, 0xE2, 0xA9,
  0x18, 0xC4, 0x18, 0xC4, 0x18, 0xC4, 0x00, 0x00, 0x00, 0x00, 0x18, 0xC4, 0x18, 0xC4, 0x18, 0xC4,
  0x94, 0xF5, 0x94, 0xF5, 0x94, 0xF5, 0x94, 0xF5, 0x94, 0xF5, 0x94, 0xF5, 0x94, 0xF5, 0x94, 0xF5,
  0x18, 0xC4, 0x18, 0xC4, 0x18, 0xC4, 0x00, 0x00, 0x00, 0x00, 0x00, 0x00, 0x18, 0xC4, 0x18, 0xC4,
  0x18, 0xC4, 0x00, 0x00, 0x94, 0xF5, 0x94, 0xF5, 0x94, 0xF5, 0x94, 0xF5, 0x00, 0x00, 0x18, 0xC4,
  0x18, 0xC4, 0x18, 0xC4, 0x00, 0x00, 0x00, 0x00, 0x5B, 0x2E, 0x5B, 0x2E, 0x5B, 0x2E, 0x5B, 0x2E,
  0x5B, 0x2E, 0x5B, 0x2E, 0x5B, 0x2E, 0x5B, 0x2E, 0x5B, 0x2E, 0x5B, 0x2E, 0x5B, 0x2E, 0x5B, 0x2E,
  0x5B, 0x2E, 0x5B, 0x2E, 0x5B, 0x2E, 0x5B, 0x2E, 0xE2, 0xA9, 0xFF, 0xFF, 0x5B, 0x2E, 0x5B, 0x2E,
  0x5B, 0x2E, 0x5B, 0x2E, 0x5B, 0x2E, 0xFF, 0xFF, 0x5B, 0x2E, 0x5B, 0x2E, 0x5B, 0x2E, 0x5B, 0x2E,
  0x5B, 0x2E, 0x5B, 0x2E, 0xFF, 0xFF, 0xE2, 0xA9, 0xFF, 0xFF, 0xE2, 0xA9, 0x5B, 0x2E, 0x5B, 0x2E,
  0x5B, 0x2E, 0x5B, 0x2E, 0x5B, 0x2E, 0x5B, 0x2E, 0x5B, 0x2E, 0x5B, 0x2E, 0x5B, 0x2E, 0x5B, 0x2E,
  0x5B, 0x2E, 0x5B, 0x2E, 0xE2, 0xA9, 0xFF, 0xFF, 0xE2, 0xA9, 0xFF, 0xFF, 0x5B, 0x2E, 0x5B, 0x2E,
  0x5B, 0x2E, 0x5B, 0x2E, 0x5B, 0x2E, 0x5B, 0x2E, 0x5B, 0x2E, 0x5B, 0x2E, 0x5B, 0x2E, 0x5B, 0x2E,
  0x5B, 0x2E, 0x5B, 0x2E, 0xFF, 0xFF, 0xE2, 0xA9,
};

static const uint8_t cic_Quoridor[] = {
  0x43, 0x49, 0x43, 0x31, 0x10, 0x00, 0x10, 0x00, 0x00, 0x00, 0x00, 0x00, 0x00, 0x00, 0x00, 0x00,
  0x00, 0x00, 0x00, 0x00, 0x00, 0x00, 0x00, 0x00, 0x00, 0x00, 0x00, 0x00, 0x00, 0x00, 0x00, 0x00,
  0x00, 0x00, 0x00, 0x00, 0x00, 0x00, 0x00, 0x00, 0x00, 0x00, 0x18, 0xC4, 0x18, 0xC4, 0x18, 0xC4,
  0x18, 0xC4, 0x18, 0xC4, 0x18, 0xC4, 0x18, 0xC4, 0x18, 0xC4, 0x18, 0xC4, 0x18, 0xC4, 0x18, 0xC4,
  0x18, 0xC4, 0x18, 0xC4, 0x18, 0xC4, 0x00, 0x00, 0x00, 0x00, 0x18, 0xC4, 0x94, 0xF5, 0x94, 0xF5,
  0x5B, 0x2E, 0x94, 0xF5, 0x94, 0xF5, 0x5B, 0x2E, 0xE2, 0xA9, 0xE2, 0xA9, 0x5B, 0x2E, 0x94, 0xF5,
  0x94, 0xF5, 0x5B, 0x2E, 0x18, 0xC4, 0x00, 0x00, 0x00, 0x00, 0x18, 0xC4, 0x94, 0xF5, 0x94, 0xF5,
  0x5B, 0x2E, 0x94, 0xF5, 0x94, 0xF5, 0x5B, 0x2E, 0xE2, 0xA9, 0xE2, 0xA9, 0x5B, 0x2E, 0x94, 0xF5,
  0x94, 0xF5, 0x5B, 0x2E, 0x18, 0xC4, 0x00, 0x00, 0x00, 0x00, 0x18, 0xC4, 0x5B, 0x2E, 0x5B, 0x2E,
  0x5B, 0x2E, 0x5B, 0x2E, 0x5B, 0x2E, 0x5B, 0x2E, 0x5B, 0x2E, 0x5B, 0x2E, 0x5B, 0x2E, 0x5B, 0x2E,
  0x5B, 0x2E, 0x5B, 0x2E, 0x18, 0xC4, 0x00, 0x00, 0x00, 0x00, 0x18, 0xC4, 0x94, 0xF5, 0x94, 0xF5,
  0x5B, 0x2E, 0x94, 0xF5, 0x94, 0xF5, 0x5B, 0x2E, 0x94, 0xF5, 0x94, 0xF5, 0x5B, 0x2E, 0x94, 0xF5,
  0x94, 0xF5, 0x5B, 0x2E, 0x18, 0xC4, 0x00, 0x00, 0x00, 0x00, 0x18, 0xC4, 0x94, 0xF5, 0x94, 0xF5,
  0x5B, 0x2E, 0x94, 0xF5, 0x94, 0xF5, 0x5B, 0x2E, 0x94, 0xF5, 0x94, 0xF5, 0x5B, 0x2E, 0x94, 0xF5,
  0x94, 0xF5, 0x5B, 0x2E, 0x18, 0xC4, 0x00, 0x00, 0x00, 0x00, 0x18, 0xC4, 0x5B, 0x2E, 0x5B, 0x2E,
  0xFE, 0x6A, 0xFE, 0x6A, 0xFE, 0x6A, 0xFE, 0x6A, 0xFE, 0x6A, 0x5B, 0x2E, 0x5B, 0x2E, 0x5B, 0x2E,
  0x5B, 0x2E, 0x5B, 0x2E, 0x18, 0xC4, 0x00, 0x00, 0x00, 0x00, 0x18, 0xC4, 0x94, 0xF5, 0x94, 0xF5,
  0x5B, 0x2E, 0x94, 0xF5, 0x94, 0xF5, 0x5B, 0x2E, 0x94, 0xF5, 0x94, 0xF5, 0x5B, 0x2E, 0x94, 0xF5,
  0x94, 0xF5, 0x5B, 0x2E, 0x18, 0xC4, 0x00, 0x00, 0x00, 0x00, 0x18, 0xC4, 0x94, 0xF5, 0x94, 0xF5,
  0x5B, 0x2E, 0x94, 0xF5, 0x94, 0xF5, 0x5B, 0x2E, 0x94, 0xF5, 0x94, 0xF5, 0x5B, 0x2E, 0x94, 0xF5,
  0x94, 0xF5, 0x5B, 0x2E, 0x18, 0xC4, 0x00, 0x00, 0x00, 0x00, 0x18, 0xC4, 0x5B, 0x2E, 0x5B, 0x2E,
  0x5B, 0x2E, 0x5B, 0x2E, 0x5B, 0x2E, 0x5B, 0x2E, 0x5B, 0x2E, 0x5B, 0x2E, 0x5B, 0x2E, 0x5B, 0x2E,
  0x5B, 0x2E, 0x5B, 0x2E, 0x18, 0xC4, 0x00, 0x00, 0x00, 0x00, 0x18, 0xC4, 0x94, 0xF5, 0x94, 0xF5,
  0x5B, 0x2E, 0x54, 0xFD, 0x54, 0xFD, 0x5B, 0x2E, 0x94, 0xF5, 0x94, 0xF5, 0x5B, 0x2E, 0x94, 0xF5,
  0x94, 0xF5, 0x5B, 0x2E, 0x18, 0xC4, 0x00, 0x00, 0x00, 0x00, 0x18, 0xC4, 0x94, 0xF5, 0x94, 0xF5,
  0x5B, 0x2E, 0x54, 0xFD, 0x54, 0xFD, 0x5B, 0x2E, 0x94, 0xF5, 0x94, 0xF5, 0x5B, 0x2E, 0x94, 0xF5,
  0x94, 0xF5, 0x5B, 0x2E, 0x18, 0xC4, 0x00, 0x00, 0x00, 0x00, 0x18, 0xC4, 0x5B, 0x2E, 0x5B, 0x2E,
  0x5B, 0x2E, 0x5B, 0x2E, 0x5B, 0x2E, 0x5B, 0x2E, 0x5B, 0x2E, 0x5B, 0x2E, 0x5B, 0x2E, 0x5B, 0x2E,
  0x5B, 0x2E, 0x5B, 0x2E, 0x18, 0xC4, 0x00, 0x00, 0x00, 0x00, 0x18, 0xC4, 0x18, 0xC4, 0x18, 0xC4,
  0x18, 0xC4, 0x18, 0xC4, 0x18, 0xC4, 0x18, 0xC4, 0x18, 0xC4, 0x18, 0xC4, 0x18, 0xC4, 0x18, 0xC4,
  0x18, 0xC4, 0x18, 0xC4, 0x18, 0xC4, 0x00, 0x00, 0x00, 0x00, 0x00, 0x00, 0x00, 0x00, 0x00, 0x00,
  0x00, 0x00, 0x00, 0x00, 0x00, 0x00, 0x00, 0x00, 0x00, 0x00, 0x00, 0x00, 0x00, 0x00, 0x00, 0x00,
  0x00, 0x00, 0x00, 0x00, 0x00, 0x00, 0x00, 0x00,
};

static const uint8_t cic_Screen[] = {
  0x43, 0x49, 0x43, 0x31, 0x10, 0x00, 0x10, 0x00, 0x00, 0x00, 0x00, 0x00, 0x00, 0x00, 0x00, 0x00,
  0x00, 0x00, 0x00, 0x00, 0x00, 0x00, 0x00, 0x00, 0x00, 0x00, 0x00, 0x00, 0x00, 0x00, 0x00, 0x00,
  0x00, 0x00, 0x00, 0x00, 0x00, 0x00, 0x00, 0x00, 0x00, 0x00, 0x18, 0xC4, 0x18, 0xC4, 0x18, 0xC4,
  0x18, 0xC4, 0x18, 0xC4, 0x18, 0xC4, 0x18, 0xC4, 0x18, 0xC4, 0x18, 0xC4, 0x18, 0xC4, 0x18, 0xC4,
  0x18, 0xC4, 0x18, 0xC4, 0x18, 0xC4, 0x00, 0x00, 0x00, 0x00, 0x18, 0xC4, 0xFF, 0xFF, 0xFF, 0xFF,
  0xFF, 0xFF, 0xFF, 0xFF, 0xFF, 0xFF, 0xFF, 0xFF, 0xFF, 0xFF, 0xFF, 0xFF, 0xFF, 0xFF, 0xFF, 0xFF,
  0xFF, 0xFF, 0xFF, 0xFF, 0x18, 0xC4, 0x00, 0x00, 0x00, 0x00, 0x18, 0xC4, 0xFF, 0xFF, 0x54, 0xFD,
  0x54, 0xFD, 0x54, 0xFD, 0x54, 0xFD, 0x54, 0xFD, 0x54, 0xFD, 0x54, 0xFD, 0x54, 0xFD, 0x54, 0xFD,
  0x54, 0xFD, 0xFF, 0xFF, 0x18, 0xC4, 0x00, 0x00, 0x00, 0x00, 0x18, 0xC4, 0xFF, 0xFF, 0x54, 0xFD,
  0x6E, 0x30, 0x6E, 0x30, 0x54, 0xFD, 0x54, 0xFD, 0x54, 0xFD, 0x54, 0xFD, 0x54, 0xFD, 0x54, 0xFD,
  0x54, 0xFD, 0xFF, 0xFF, 0x18, 0xC4, 0x00, 0x00, 0x00, 0x00, 0x18, 0xC4, 0xFF, 0xFF, 0x54, 0xFD,
  0x54, 0xFD, 0x54, 0xFD, 0x54, 0xFD, 0x54, 0xFD, 0x54, 0xFD, 0x6E, 0x30, 0x6E, 0x30, 0x54, 0xFD,
  0x54, 0xFD, 0xFF, 0xFF, 0x18, 0xC4, 0x00, 0x00, 0x00, 0x00, 0x18, 0xC4, 0xFF, 0xFF, 0x54, 0xFD,
  0x54, 0xFD, 0x6E, 0x30, 0x6E, 0x30, 0x54, 0xFD, 0x54, 0xFD, 0x54, 0xFD, 0x54, 0xFD, 0x54, 0xFD,
  0x54, 0xFD, 0xFF, 0xFF, 0x18, 0xC4, 0x00, 0x00, 0x00, 0x00, 0x18, 0xC4, 0xFF, 0xFF, 0x54, 0xFD,
  0x54, 0xFD, 0x54, 0xFD, 0x54, 0xFD, 0x54, 0xFD, 0x54, 0xFD, 0x54, 0xFD, 0x6E, 0x30, 0x6E, 0x30,
  0x54, 0xFD, 0xFF, 0xFF, 0x18, 0xC4, 0x00, 0x00, 0x00, 0x00, 0x18, 0xC4, 0xFF, 0xFF, 0x54, 0xFD,
  0x6E, 0x30, 0x6E, 0x30, 0x54, 0xFD, 0x54, 0xFD, 0x54, 0xFD, 0x54, 0xFD, 0x54, 0xFD, 0x54, 0xFD,
  0x54, 0xFD, 0xFF, 0xFF, 0x18, 0xC4, 0x00, 0x00, 0x00, 0x00, 0x18, 0xC4, 0xFF, 0xFF, 0x54, 0xFD,
  0x54, 0xFD, 0x54, 0xFD, 0x54, 0xFD, 0x54, 0xFD, 0x6E, 0x30, 0x6E, 0x30, 0x54, 0xFD, 0x54, 0xFD,
  0x54, 0xFD, 0xFF, 0xFF, 0x18, 0xC4, 0x00, 0x00, 0x00, 0x00, 0x18, 0xC4, 0xFF, 0xFF, 0xFF, 0xFF,
  0xFF, 0xFF, 0xFF, 0xFF, 0xFF, 0xFF, 0xFF, 0xFF, 0xFF, 0xFF, 0xFF, 0xFF, 0xFF, 0xFF, 0xFF, 0xFF,
  0xFF, 0xFF, 0xFF, 0xFF, 0x18, 0xC4, 0x00, 0x00, 0x00, 0x00, 0x18, 0xC4, 0x18, 0xC4, 0x18, 0xC4,
  0x18, 0xC4, 0x18, 0xC4, 0x18, 0xC4, 0x18, 0xC4, 0x18, 0xC4, 0x18, 0xC4, 0x18, 0xC4, 0x18, 0xC4,
  0x18, 0xC4, 0x18, 0xC4, 0x18, 0xC4, 0x00, 0x00, 0x00, 0x00, 0x00, 0x00, 0x00, 0x00, 0x00, 0x00,
  0x00, 0x00, 0x18, 0xC4, 0x18, 0xC4, 0x18, 0xC4, 0x18, 0xC4, 0x18, 0xC4, 0x18, 0xC4, 0x00, 0x00,
  0x00, 0x00, 0x00, 0x00, 0x00, 0x00, 0x00, 0x00, 0x00, 0x00, 0x00, 0x00, 0x00, 0x00, 0x18, 0xC4,
  0x18, 0xC4, 0x94, 0xF5, 0x94, 0xF5, 0x94, 0xF5, 0x94, 0xF5, 0x94, 0xF5, 0x94, 0xF5, 0x18, 0xC4,
  0x18, 0xC4, 0x00, 0x00, 0x00, 0x00, 0x00, 0x00, 0x00, 0x00, 0x00, 0x00, 0x18, 0xC4, 0x94, 0xF5,
  0x94, 0xF5, 0x94, 0xF5, 0x94, 0xF5, 0x94, 0xF5, 0x94, 0xF5, 0x94, 0xF5, 0x94, 0xF5, 0x94, 0xF5,
  0x94, 0xF5, 0x18, 0xC4, 0x00, 0x00, 0x00, 0x00, 0x00, 0x00, 0x00, 0x00, 0x18, 0xC4, 0x18, 0xC4,
  0x18, 0xC4, 0x18, 0xC4, 0x18, 0xC4, 0x18, 0xC4, 0x18, 0xC4, 0x18, 0xC4, 0x18, 0xC4, 0x18, 0xC4,
  0x18, 0xC4, 0x18, 0xC4, 0x00, 0x00, 0x00, 0x00,
};

static const uint8_t cic_Explorer[] = {
  0x43, 0x49, 0x43, 0x31, 0x10, 0x00, 0x10, 0x00, 0x00, 0x00, 0x00, 0x00, 0x00, 0x00, 0x00, 0x00,
  0x00, 0x00, 0x00, 0x00, 0x00, 0x00, 0x00, 0x00, 0x00, 0x00, 0x00, 0x00, 0x00, 0x00, 0x00, 0x00,
  0x00, 0x00, 0x00, 0x00, 0x00, 0x00, 0x00, 0x00, 0x00, 0x00, 0x18, 0xC4, 0x18, 0xC4, 0x18, 0xC4,
  0x18, 0xC4, 0x18, 0xC4, 0x18, 0xC4, 0x18, 0xC4, 0x18, 0xC4, 0x18, 0xC4, 0x18, 0xC4, 0x18, 0xC4,
  0x18, 0xC4, 0x18, 0xC4, 0x18, 0xC4, 0x00, 0x00, 0x00, 0x00, 0x18, 0xC4, 0xFF, 0xFF, 0xFF, 0xFF,
  0xFF, 0xFF, 0xFF, 0xFF, 0xFF, 0xFF, 0xFF, 0xFF, 0xFF, 0xFF, 0xFF, 0xFF, 0xFF, 0xFF, 0xFF, 0xFF,
  0xFF, 0xFF, 0xFF, 0xFF, 0x18, 0xC4, 0x00, 0x00, 0x00, 0x00, 0x18, 0xC4, 0x18, 0xC4, 0x18, 0xC4,
  0x18, 0xC4, 0x18, 0xC4, 0x18, 0xC4, 0x18, 0xC4, 0x18, 0xC4, 0x18, 0xC4, 0x18, 0xC4, 0x18, 0xC4,
  0x18, 0xC4, 0x18, 0xC4, 0x18, 0xC4, 0x00, 0x00, 0x00, 0x00, 0x18, 0xC4, 0x94, 0xF5, 0x94, 0xF5,
  0x94, 0xF5, 0x18, 0xC4, 0xFF, 0xFF, 0xFF, 0xFF, 0xFF, 0xFF, 0xFF, 0xFF, 0xFF, 0xFF, 0xFF, 0xFF,
  0xFF, 0xFF, 0xFF, 0xFF, 0x18, 0xC4, 0x00, 0x00, 0x00, 0x00, 0x18, 0xC4, 0x94, 0xF5, 0xFE, 0x6A,
  0x94, 0xF5, 0x18, 0xC4, 0xFF, 0xFF, 0xFE, 0x6A, 0xFE, 0x6A, 0xFE, 0x6A, 0xFE, 0x6A, 0xFE, 0x6A,
  0xFF, 0xFF, 0xFF, 0xFF, 0x18, 0xC4, 0x00, 0x00, 0x00, 0x00, 0x18, 0xC4, 0x94, 0xF5, 0x94, 0xF5,
  0x94, 0xF5, 0x18, 0xC4, 0xFF, 0xFF, 0xFF, 0xFF, 0xFF, 0xFF, 0xFF, 0xFF, 0xFF, 0xFF, 0xFF, 0xFF,
  0xFF, 0xFF, 0xFF, 0xFF, 0x18, 0xC4, 0x00, 0x00, 0x00, 0x00, 0x18, 0xC4, 0x94, 0xF5, 0xFE, 0x6A,
  0x94, 0xF5, 0x18, 0xC4, 0xFF, 0xFF, 0xFE, 0x6A, 0xFE, 0x6A, 0xFE, 0x6A, 0xFE, 0x6A, 0xFF, 0xFF,
  0xFF, 0xFF, 0xFF, 0xFF, 0x18, 0xC4, 0x00, 0x00, 0x00, 0x00, 0x18, 0xC4, 0x94, 0xF5, 0x94, 0xF5,
  0x94, 0xF5, 0x18, 0xC4, 0xFF, 0xFF, 0xFF, 0xFF, 0xFF, 0xFF, 0xFF, 0xFF, 0xFF, 0xFF, 0xFF, 0xFF,
  0xFF, 0xFF, 0xFF, 0xFF, 0x18, 0xC4, 0x00, 0x00, 0x00, 0x00, 0x18, 0xC4, 0x94, 0xF5, 0xFE, 0x6A,
  0x94, 0xF5, 0x18, 0xC4, 0xFF, 0xFF, 0xFE, 0x6A, 0xFE, 0x6A, 0xFE, 0x6A, 0xFE, 0x6A, 0xFE, 0x6A,
  0xFE, 0x6A, 0xFF, 0xFF, 0x18, 0xC4, 0x00, 0x00, 0x00, 0x00, 0x18, 0xC4, 0x94, 0xF5, 0x94, 0xF5,
  0x94, 0xF5, 0x18, 0xC4, 0xFF, 0xFF, 0xFF, 0xFF, 0xFF, 0xFF, 0xFF, 0xFF, 0xFF, 0xFF, 0xFF, 0xFF,
  0xFF, 0xFF, 0xFF, 0xFF, 0x18, 0xC4, 0x00, 0x00, 0x00, 0x00, 0x18, 0xC4, 0x94, 0xF5, 0x94, 0xF5,
  0x94, 0xF5, 0x18, 0xC4, 0xFF, 0xFF, 0xFE, 0x6A, 0xFE, 0x6A, 0xFE, 0x6A, 0xFF, 0xFF, 0xFF, 0xFF,
  0xFF, 0xFF, 0xFF, 0xFF, 0x18, 0xC4, 0x00, 0x00, 0x00, 0x00, 0x18, 0xC4, 0x94, 0xF5, 0x94, 0xF5,
  0x94, 0xF5, 0x18, 0xC4, 0xFF, 0xFF, 0xFF, 0xFF, 0xFF, 0xFF, 0xFF, 0xFF, 0xFF, 0xFF, 0xFF, 0xFF,
  0xFF, 0xFF, 0xFF, 0xFF, 0x18, 0xC4, 0x00, 0x00, 0x00, 0x00, 0x18, 0xC4, 0x18, 0xC4, 0x18, 0xC4,
  0x18, 0xC4, 0x18, 0xC4, 0x18, 0xC4, 0x18, 0xC4, 0x18, 0xC4, 0x18, 0xC4, 0x18, 0xC4, 0x18, 0xC4,
  0x18, 0xC4, 0x18, 0xC4, 0x18, 0xC4, 0x00, 0x00, 0x00, 0x00, 0x18, 0xC4, 0x5B, 0x2E, 0x5B, 0x2E,
  0x5B, 0x2E, 0x5B, 0x2E, 0x5B, 0x2E, 0x5B, 0x2E, 0x5B, 0x2E, 0x5B, 0x2E, 0x5B, 0x2E, 0x5B, 0x2E,
  0x5B, 0x2E, 0x5B, 0x2E, 0x18, 0xC4, 0x00, 0x00, 0x00, 0x00, 0x18, 0xC4, 0x18, 0xC4, 0x18, 0xC4,
  0x18, 0xC4, 0x18, 0xC4, 0x18, 0xC4, 0x18, 0xC4, 0x18, 0xC4, 0x18, 0xC4, 0x18, 0xC4, 0x18, 0xC4,
  0x18, 0xC4, 0x18, 0xC4, 0x18, 0xC4, 0x00, 0x00,
};

static const uint8_t cic_Files[] = {
  0x43, 0x49, 0x43, 0x31, 0x10, 0x00, 0x10, 0x00, 0x00, 0x00, 0x00, 0x00, 0x00, 0x00, 0x00, 0x00,
  0x00, 0x00, 0x00, 0x00, 0x00, 0x00, 0x00, 0x00, 0x00, 0x00, 0x00, 0x00, 0x00, 0x00, 0x00, 0x00,
  0x00, 0x00, 0x00, 0x00, 0x00, 0x00, 0x00, 0x00, 0x00, 0x00, 0x00, 0x00, 0x00, 0x00, 0x00, 0x00,
  0x00, 0x00, 0x00, 0x00, 0x00, 0x00, 0x00, 0x00, 0x00, 0x00, 0x00, 0x00, 0x00, 0x00, 0x00, 0x00,
  0x00, 0x00, 0x00, 0x00, 0x00, 0x00, 0x00, 0x00, 0x00, 0x00, 0x00, 0x00, 0x18, 0xC4, 0x18, 0xC4,
  0x18, 0xC4, 0x18, 0xC4, 0x00, 0x00, 0x00, 0x00, 0x00, 0x00, 0x00, 0x00, 0x00, 0x00, 0x00, 0x00,
  0x00, 0x00, 0x00, 0x00, 0x00, 0x00, 0x00, 0x00, 0x00, 0x00, 0x18, 0xC4, 0xFE, 0x6A, 0xFE, 0x6A,
  0xFE, 0x6A, 0xFE, 0x6A, 0x18, 0xC4, 0x00, 0x00, 0x00, 0x00, 0x00, 0x00, 0x00, 0x00, 0x00, 0x00,
  0x00, 0x00, 0x00, 0x00, 0x00, 0x00, 0x00, 0x00, 0x00, 0x00, 0x18, 0xC4, 0xFE, 0x6A, 0xFE, 0x6A,
  0xFE, 0x6A, 0xFE, 0x6A, 0xFE, 0x6A, 0x18, 0xC4, 0x18, 0xC4, 0x18, 0xC4, 0x18, 0xC4, 0x18, 0xC4,
  0x18, 0xC4, 0x18, 0xC4, 0x00, 0x00, 0x00, 0x00, 0x00, 0x00, 0x18, 0xC4, 0xFE, 0x6A, 0xFE, 0x6A,
  0xFE, 0x6A, 0xFE, 0x6A, 0xFE, 0x6A, 0xFE, 0x6A, 0xFE, 0x6A, 0xFE, 0x6A, 0xFE, 0x6A, 0xFE, 0x6A,
  0xFE, 0x6A, 0xFE, 0x6A, 0x18, 0xC4, 0x00, 0x00, 0x00, 0x00, 0x18, 0xC4, 0xFE, 0x6A, 0xFE, 0x6A,
  0xFE, 0x6A, 0xFE, 0x6A, 0xFE, 0x6A, 0xFE, 0x6A, 0xFE, 0x6A, 0xFE, 0x6A, 0xFE, 0x6A, 0xFE, 0x6A,
  0xFE, 0x6A, 0xFE, 0x6A, 0x18, 0xC4, 0x00, 0x00, 0x00, 0x00, 0x18, 0xC4, 0xFE, 0x6A, 0xEC, 0x46,
  0xEC, 0x46, 0xEC, 0x46, 0xEC, 0x46, 0xEC, 0x46, 0xEC, 0x46, 0xEC, 0x46, 0xEC, 0x46, 0xEC, 0x46,
  0xEC, 0x46, 0xEC, 0x46, 0x18, 0xC4, 0x00, 0x00, 0x00, 0x00, 0x18, 0xC4, 0xFE, 0x6A, 0xEC, 0x46,
  0xEC, 0x46, 0xEC, 0x46, 0xEC, 0x46, 0xEC, 0x46, 0xEC, 0x46, 0xEC, 0x46, 0xEC, 0x46, 0xEC, 0x46,
  0xEC, 0x46, 0x18, 0xC4, 0x18, 0xC4, 0x00, 0x00, 0x00, 0x00, 0x18, 0xC4, 0xFE, 0x6A, 0xEC, 0x46,
  0xEC, 0x46, 0xEC, 0x46, 0xEC, 0x46, 0xEC, 0x46, 0xEC, 0x46, 0xEC, 0x46, 0xEC, 0x46, 0xEC, 0x46,
  0xEC, 0x46, 0x18, 0xC4, 0x00, 0x00, 0x00, 0x00, 0x00, 0x00, 0x18, 0xC4, 0xFE, 0x6A, 0xEC, 0x46,
  0xEC, 0x46, 0xEC, 0x46, 0xEC, 0x46, 0xEC, 0x46, 0xEC, 0x46, 0xEC, 0x46, 0xEC, 0x46, 0xEC, 0x46,
  0x18, 0xC4, 0x18, 0xC4, 0x00, 0x00, 0x00, 0x00, 0x00, 0x00, 0x18, 0xC4, 0xFE, 0x6A, 0xEC, 0x46,
  0xEC, 0x46, 0xEC, 0x46, 0xEC, 0x46, 0xEC, 0x46, 0xEC, 0x46, 0xEC, 0x46, 0xEC, 0x46, 0x18, 0xC4,
  0x00, 0x00, 0x00, 0x00, 0x00, 0x00, 0x00, 0x00, 0x00, 0x00, 0x00, 0x00, 0x18, 0xC4, 0x18, 0xC4,
  0x18, 0xC4, 0x18, 0xC4, 0x18, 0xC4, 0x18, 0xC4, 0x18, 0xC4, 0x18, 0xC4, 0x18, 0xC4, 0x00, 0x00,
  0x00, 0x00, 0x00, 0x00, 0x00, 0x00, 0x00, 0x00, 0x00, 0x00, 0x00, 0x00, 0x00, 0x00, 0x00, 0x00,
  0x00, 0x00, 0x00, 0x00, 0x00, 0x00, 0x00, 0x00, 0x00, 0x00, 0x00, 0x00, 0x00, 0x00, 0x00, 0x00,
  0x00, 0x00, 0x00, 0x00, 0x00, 0x00, 0x00, 0x00, 0x00, 0x00, 0x00, 0x00, 0x00, 0x00, 0x00, 0x00,
  0x00, 0x00, 0x00, 0x00, 0x00, 0x00, 0x00, 0x00, 0x00, 0x00, 0x00, 0x00, 0x00, 0x00, 0x00, 0x00,
  0x00, 0x00, 0x00, 0x00, 0x00, 0x00, 0x00, 0x00, 0x00, 0x00, 0x00, 0x00, 0x00, 0x00, 0x00, 0x00,
  0x00, 0x00, 0x00, 0x00, 0x00, 0x00, 0x00, 0x00, 0x00, 0x00, 0x00, 0x00, 0x00, 0x00, 0x00, 0x00,
  0x00, 0x00, 0x00, 0x00, 0x00, 0x00, 0x00, 0x00,
};

static const uint8_t cic_Memory[] = {
  0x43, 0x49, 0x43, 0x31, 0x10, 0x00, 0x10, 0x00, 0x00, 0x00, 0x00, 0x00, 0x00, 0x00, 0x00, 0x00,
  0x00, 0x00, 0x00, 0x00, 0x00, 0x00, 0x00, 0x00, 0x00, 0x00, 0x00, 0x00, 0x00, 0x00, 0x00, 0x00,
  0x00, 0x00, 0x00, 0x00, 0x00, 0x00, 0x00, 0x00, 0x00, 0x00, 0x00, 0x00, 0x00, 0x00, 0x94, 0xF5,
  0x00, 0x00, 0x00, 0x00, 0x00, 0x00, 0x00, 0x00, 0x00, 0x00, 0x00, 0x00, 0x00, 0x00, 0x00, 0x00,
  0x94, 0xF5, 0x00, 0x00, 0x00, 0x00, 0x00, 0x00, 0x00, 0x00, 0x00, 0x00, 0x94, 0xF5, 0x94, 0xF5,
  0x94, 0xF5, 0x00, 0x00, 0x00, 0x00, 0x00, 0x00, 0x00, 0x00, 0x00, 0x00, 0x00, 0x00, 0x94, 0xF5,
  0x94, 0xF5, 0x94, 0xF5, 0x00, 0x00, 0x00, 0x00, 0x00, 0x00, 0x00, 0x00, 0x18, 0xC4, 0x18, 0xC4,
  0x18, 0xC4, 0x18, 0xC4, 0x18, 0xC4, 0x18, 0xC4, 0x18, 0xC4, 0x18, 0xC4, 0x18, 0xC4, 0x18, 0xC4,
  0x18, 0xC4, 0x18, 0xC4, 0x00, 0x00, 0x00, 0x00, 0x00, 0x00, 0x94, 0xF5, 0x18, 0xC4, 0x5B, 0x2E,
  0x5B, 0x2E, 0x5B, 0x2E, 0x5B, 0x2E, 0x5B, 0x2E, 0x5B, 0x2E, 0x5B, 0x2E, 0x5B, 0x2E, 0x5B, 0x2E,
  0x5B, 0x2E, 0x18, 0xC4, 0x94, 0xF5, 0x00, 0x00, 0x00, 0x00, 0x94, 0xF5, 0x18, 0xC4, 0x5B, 0x2E,
  0x66, 0x78, 0x66, 0x78, 0x66, 0x78, 0x66, 0x78, 0x66, 0x78, 0x66, 0x78, 0x66, 0x78, 0x66, 0x78,
  0x5B, 0x2E, 0x18, 0xC4, 0x94, 0xF5, 0x00, 0x00, 0x00, 0x00, 0x00, 0x00, 0x18, 0xC4, 0x5B, 0x2E,
  0x66, 0x78, 0x18, 0xC4, 0x18, 0xC4, 0x18, 0xC4, 0x18, 0xC4, 0x18, 0xC4, 0x18, 0xC4, 0x66, 0x78,
  0x5B, 0x2E, 0x18, 0xC4, 0x00, 0x00, 0x00, 0x00, 0x00, 0x00, 0x94, 0xF5, 0x18, 0xC4, 0x5B, 0x2E,
  0x66, 0x78, 0x18, 0xC4, 0x5B, 0x2E, 0x5B, 0x2E, 0x5B, 0x2E, 0x5B, 0x2E, 0x18, 0xC4, 0x66, 0x78,
  0x5B, 0x2E, 0x18, 0xC4, 0x94, 0xF5, 0x00, 0x00, 0x00, 0x00, 0x94, 0xF5, 0x18, 0xC4, 0x5B, 0x2E,
  0x66, 0x78, 0x18, 0xC4, 0x5B, 0x2E, 0x5B, 0x2E, 0x5B, 0x2E, 0x5B, 0x2E, 0x18, 0xC4, 0x66, 0x78,
  0x5B, 0x2E, 0x18, 0xC4, 0x94, 0xF5, 0x00, 0x00, 0x00, 0x00, 0x00, 0x00, 0x18, 0xC4, 0x5B, 0x2E,
  0x66, 0x78, 0x18, 0xC4, 0x18, 0xC4, 0x18, 0xC4, 0x18, 0xC4, 0x18, 0xC4, 0x18, 0xC4, 0x66, 0x78,
  0x5B, 0x2E, 0x18, 0xC4, 0x00, 0x00, 0x00, 0x00, 0x00, 0x00, 0x94, 0xF5, 0x18, 0xC4, 0x5B, 0x2E,
  0x66, 0x78, 0x66, 0x78, 0x66, 0x78, 0x66, 0x78, 0x66, 0x78, 0x66, 0x78, 0x66, 0x78, 0x66, 0x78,
  0x5B, 0x2E, 0x18, 0xC4, 0x94, 0xF5, 0x00, 0x00, 0x00, 0x00, 0x94, 0xF5, 0x18, 0xC4, 0x5B, 0x2E,
  0x5B, 0x2E, 0x5B, 0x2E, 0x5B, 0x2E, 0x5B, 0x2E, 0x5B, 0x2E, 0x5B, 0x2E, 0x5B, 0x2E, 0x5B, 0x2E,
  0x5B, 0x2E, 0x18, 0xC4, 0x94, 0xF5, 0x00, 0x00, 0x00, 0x00, 0x00, 0x00, 0x18, 0xC4, 0x18, 0xC4,
  0x18, 0xC4, 0x18, 0xC4, 0x18, 0xC4, 0x18, 0xC4, 0x18, 0xC4, 0x18, 0xC4, 0x18, 0xC4, 0x18, 0xC4,
  0x18, 0xC4, 0x18, 0xC4, 0x00, 0x00, 0x00, 0x00, 0x00, 0x00, 0x00, 0x00, 0x94, 0xF5, 0x94, 0xF5,
  0x94, 0xF5, 0x00, 0x00, 0x00, 0x00, 0x00, 0x00, 0x00, 0x00, 0x00, 0x00, 0x00, 0x00, 0x94, 0xF5,
  0x94, 0xF5, 0x94, 0xF5, 0x00, 0x00, 0x00, 0x00, 0x00, 0x00, 0x00, 0x00, 0x00, 0x00, 0x94, 0xF5,
  0x00, 0x00, 0x00, 0x00, 0x00, 0x00, 0x00, 0x00, 0x00, 0x00, 0x00, 0x00, 0x00, 0x00, 0x00, 0x00,
  0x94, 0xF5, 0x00, 0x00, 0x00, 0x00, 0x00, 0x00, 0x00, 0x00, 0x00, 0x00, 0x00, 0x00, 0x00, 0x00,
  0x00, 0x00, 0x00, 0x00, 0x00, 0x00, 0x00, 0x00, 0x00, 0x00, 0x00, 0x00, 0x00, 0x00, 0x00, 0x00,
  0x00, 0x00, 0x00, 0x00, 0x00, 0x00, 0x00, 0x00,
};

static const uint8_t cic_Settings[] = {
  0x43, 0x49, 0x43, 0x31, 0x10, 0x00, 0x10, 0x00, 0x00, 0x00, 0x00, 0x00, 0x00, 0x00, 0x00, 0x00,
  0x00, 0x00, 0x00, 0x00, 0x00, 0x00, 0x00, 0x00, 0x00, 0x00, 0x00, 0x00, 0x00, 0x00, 0x00, 0x00,
  0x00, 0x00, 0x00, 0x00, 0x00, 0x00, 0x00, 0x00, 0x00, 0x00, 0x00, 0x00, 0x00, 0x00, 0x00, 0x00,
  0x00, 0x00, 0x00, 0x00, 0x18, 0xC4, 0x18, 0xC4, 0x18, 0xC4, 0x18, 0xC4, 0x00, 0x00, 0x00, 0x00,
  0x00, 0x00, 0x00, 0x00, 0x00, 0x00, 0x00, 0x00, 0x00, 0x00, 0x00, 0x00, 0x00, 0x00, 0x00, 0x00,
  0x00, 0x00, 0x18, 0xC4, 0x94, 0xF5, 0x94, 0xF5, 0x94, 0xF5, 0x94, 0xF5, 0x18, 0xC4, 0x00, 0x00,
  0x00, 0x00, 0x00, 0x00, 0x00, 0x00, 0x00, 0x00, 0x00, 0x00, 0x00, 0x00, 0x00, 0x00, 0x18, 0xC4,
  0x18, 0xC4, 0x18, 0xC4, 0x94, 0xF5, 0x94, 0xF5, 0x94, 0xF5, 0x94, 0xF5, 0x18, 0xC4, 0x18, 0xC4,
  0x18, 0xC4, 0x00, 0x00, 0x00, 0x00, 0x00, 0x00, 0x00, 0x00, 0x00, 0x00, 0x18, 0xC4, 0x94, 0xF5,
  0x94, 0xF5, 0x94, 0xF5, 0x94, 0xF5, 0x94, 0xF5, 0x94, 0xF5, 0x94, 0xF5, 0x94, 0xF5, 0x94, 0xF5,
  0x94, 0xF5, 0x18, 0xC4, 0x00, 0x00, 0x00, 0x00, 0x00, 0x00, 0x00, 0x00, 0x18, 0xC4, 0x94, 0xF5,
  0x94, 0xF5, 0x94, 0xF5, 0x18, 0xC4, 0x18, 0xC4, 0x18, 0xC4, 0x18, 0xC4, 0x94, 0xF5, 0x94, 0xF5,
  0x94, 0xF5, 0x18, 0xC4, 0x00, 0x00, 0x00, 0x00, 0x18, 0xC4, 0x18, 0xC4, 0x18, 0xC4, 0x94, 0xF5,
  0x94, 0xF5, 0x18, 0xC4, 0x5B, 0x2E, 0x5B, 0x2E, 0x5B, 0x2E, 0x5B, 0x2E, 0x18, 0xC4, 0x94, 0xF5,
  0x94, 0xF5, 0x18, 0xC4, 0x18, 0xC4, 0x18, 0xC4, 0x18, 0xC4, 0x94, 0xF5, 0x94, 0xF5, 0x94, 0xF5,
  0x94, 0xF5, 0x18, 0xC4, 0x5B, 0x2E, 0x00, 0x00, 0x00, 0x00, 0x5B, 0x2E, 0x18, 0xC4, 0x94, 0xF5,
  0x94, 0xF5, 0x94, 0xF5, 0x94, 0xF5, 0x18, 0xC4, 0x18, 0xC4, 0x94, 0xF5, 0x94, 0xF5, 0x94, 0xF5,
  0x94, 0xF5, 0x18, 0xC4, 0x5B, 0x2E, 0x00, 0x00, 0x00, 0x00, 0x5B, 0x2E, 0x18, 0xC4, 0x94, 0xF5,
  0x94, 0xF5, 0x94, 0xF5, 0x94, 0xF5, 0x18, 0xC4, 0x18, 0xC4, 0x18, 0xC4, 0x18, 0xC4, 0x94, 0xF5,
  0x94, 0xF5, 0x18, 0xC4, 0x5B, 0x2E, 0x5B, 0x2E, 0x5B, 0x2E, 0x5B, 0x2E, 0x18, 0xC4, 0x94, 0xF5,
  0x94, 0xF5, 0x18, 0xC4, 0x18, 0xC4, 0x18, 0xC4, 0x00, 0x00, 0x00, 0x00, 0x18, 0xC4, 0x94, 0xF5,
  0x94, 0xF5, 0x94, 0xF5, 0x18, 0xC4, 0x18, 0xC4, 0x18, 0xC4, 0x18, 0xC4, 0x94, 0xF5, 0x94, 0xF5,
  0x94, 0xF5, 0x18, 0xC4, 0x00, 0x00, 0x00, 0x00, 0x00, 0x00, 0x00, 0x00, 0x18, 0xC4, 0x94, 0xF5,
  0x94, 0xF5, 0x94, 0xF5, 0x94, 0xF5, 0x94, 0xF5, 0x94, 0xF5, 0x94, 0xF5, 0x94, 0xF5, 0x94, 0xF5,
  0x94, 0xF5, 0x18, 0xC4, 0x00, 0x00, 0x00, 0x00, 0x00, 0x00, 0x00, 0x00, 0x00, 0x00, 0x18, 0xC4,
  0x18, 0xC4, 0x18, 0xC4, 0x94, 0xF5, 0x94, 0xF5, 0x94, 0xF5, 0x94, 0xF5, 0x18, 0xC4, 0x18, 0xC4,
  0x18, 0xC4, 0x00, 0x00, 0x00, 0x00, 0x00, 0x00, 0x00, 0x00, 0x00, 0x00, 0x00, 0x00, 0x00, 0x00,
  0x00, 0x00, 0x18, 0xC4, 0x94, 0xF5, 0x94, 0xF5, 0x94, 0xF5, 0x94, 0xF5, 0x18, 0xC4, 0x00, 0x00,
  0x00, 0x00, 0x00, 0x00, 0x00, 0x00, 0x00, 0x00, 0x00, 0x00, 0x00, 0x00, 0x00, 0x00, 0x00, 0x00,
  0x00, 0x00, 0x00, 0x00, 0x18, 0xC4, 0x18, 0xC4, 0x18, 0xC4, 0x18, 0xC4, 0x00, 0x00, 0x00, 0x00,
  0x00, 0x00, 0x00, 0x00, 0x00, 0x00, 0x00, 0x00, 0x00, 0x00, 0x00, 0x00, 0x00, 0x00, 0x00, 0x00,
  0x00, 0x00, 0x00, 0x00, 0x00, 0x00, 0x00, 0x00, 0x00, 0x00, 0x00, 0x00, 0x00, 0x00, 0x00, 0x00,
  0x00, 0x00, 0x00, 0x00, 0x00, 0x00, 0x00, 0x00,
};

static const uint8_t cic_About[] = {
  0x43, 0x49, 0x43, 0x31, 0x10, 0x00, 0x10, 0x00, 0x00, 0x00, 0x00, 0x00, 0x00, 0x00, 0x00, 0x00,
  0x00, 0x00, 0x00, 0x00, 0x00, 0x00, 0x00, 0x00, 0x00, 0x00, 0x00, 0x00, 0x00, 0x00, 0x00, 0x00,
  0x00, 0x00, 0x00, 0x00, 0x00, 0x00, 0x00, 0x00, 0x00, 0x00, 0x00, 0x00, 0x00, 0x00, 0x00, 0x00,
  0x18, 0xC4, 0x18, 0xC4, 0x18, 0xC4, 0x18, 0xC4, 0x18, 0xC4, 0x18, 0xC4, 0x18, 0xC4, 0x18, 0xC4,
  0x00, 0x00, 0x00, 0x00, 0x00, 0x00, 0x00, 0x00, 0x00, 0x00, 0x00, 0x00, 0x18, 0xC4, 0x18, 0xC4,
  0x54, 0xFD, 0x54, 0xFD, 0x54, 0xFD, 0x54, 0xFD, 0x54, 0xFD, 0x54, 0xFD, 0x54, 0xFD, 0x54, 0xFD,
  0x18, 0xC4, 0x18, 0xC4, 0x00, 0x00, 0x00, 0x00, 0x00, 0x00, 0x18, 0xC4, 0x54, 0xFD, 0x54, 0xFD,
  0x54, 0xFD, 0x54, 0xFD, 0x54, 0xFD, 0x54, 0xFD, 0x54, 0xFD, 0x54, 0xFD, 0x54, 0xFD, 0x54, 0xFD,
  0x54, 0xFD, 0x54, 0xFD, 0x00, 0x00, 0x18, 0xC4, 0x18, 0xC4, 0x54, 0xFD, 0x54, 0xFD, 0x54, 0xFD,
  0x54, 0xFD, 0x54, 0xFD, 0x00, 0x00, 0xFF, 0xFF, 0xFF, 0xFF, 0x00, 0x00, 0x54, 0xFD, 0x54, 0xFD,
  0x54, 0xFD, 0x54, 0xFD, 0x54, 0xFD, 0x18, 0xC4, 0x18, 0xC4, 0x54, 0xFD, 0x54, 0xFD, 0x54, 0xFD,
  0x54, 0xFD, 0x54, 0xFD, 0x00, 0x00, 0xFF, 0xFF, 0xFF, 0xFF, 0x00, 0x00, 0x54, 0xFD, 0x54, 0xFD,
  0x54, 0xFD, 0x54, 0xFD, 0x54, 0xFD, 0x18, 0xC4, 0x18, 0xC4, 0x54, 0xFD, 0x54, 0xFD, 0x54, 0xFD,
  0x54, 0xFD, 0x54, 0xFD, 0x54, 0xFD, 0x54, 0xFD, 0x54, 0xFD, 0x54, 0xFD, 0x54, 0xFD, 0x54, 0xFD,
  0x54, 0xFD, 0x54, 0xFD, 0x00, 0x00, 0x18, 0xC4, 0x18, 0xC4, 0x54, 0xFD, 0x54, 0xFD, 0x54, 0xFD,
  0x54, 0xFD, 0x00, 0x00, 0xFF, 0xFF, 0xFF, 0xFF, 0xFF, 0xFF, 0xFF, 0xFF, 0x00, 0x00, 0x54, 0xFD,
  0x54, 0xFD, 0x54, 0xFD, 0x54, 0xFD, 0x18, 0xC4, 0x18, 0xC4, 0x54, 0xFD, 0x54, 0xFD, 0x54, 0xFD,
  0x54, 0xFD, 0x54, 0xFD, 0x54, 0xFD, 0x00, 0x00, 0xFF, 0xFF, 0xFF, 0xFF, 0x00, 0x00, 0x54, 0xFD,
  0x54, 0xFD, 0x54, 0xFD, 0x54, 0xFD, 0x18, 0xC4, 0x18, 0xC4, 0x54, 0xFD, 0x54, 0xFD, 0x54, 0xFD,
  0x54, 0xFD, 0x54, 0xFD, 0x54, 0xFD, 0x00, 0x00, 0xFF, 0xFF, 0xFF, 0xFF, 0x00, 0x00, 0x54, 0xFD,
  0x54, 0xFD, 0x54, 0xFD, 0x54, 0xFD, 0x18, 0xC4, 0x18, 0xC4, 0x54, 0xFD, 0x54, 0xFD, 0x54, 0xFD,
  0x54, 0xFD, 0x54, 0xFD, 0x00, 0x00, 0xFF, 0xFF, 0xFF, 0xFF, 0xFF, 0xFF, 0xFF, 0xFF, 0xFF, 0xFF,
  0x54, 0xFD, 0x54, 0xFD, 0x54, 0xFD, 0x18, 0xC4, 0x00, 0x00, 0x18, 0xC4, 0x54, 0xFD, 0x54, 0xFD,
  0x54, 0xFD, 0x54, 0xFD, 0x54, 0xFD, 0x54, 0xFD, 0x54, 0xFD, 0x54, 0xFD, 0x54, 0xFD, 0x54, 0xFD,
  0x54, 0xFD, 0x54, 0xFD, 0x00, 0x00, 0x18, 0xC4, 0x00, 0x00, 0x00, 0x00, 0x18, 0xC4, 0x18, 0xC4,
  0x54, 0xFD, 0x54, 0xFD, 0x54, 0xFD, 0x54, 0xFD, 0x54, 0xFD, 0x54, 0xFD, 0x54, 0xFD, 0x54, 0xFD,
  0x18, 0xC4, 0x18, 0xC4, 0x00, 0x00, 0x00, 0x00, 0x00, 0x00, 0x00, 0x00, 0x00, 0x00, 0x00, 0x00,
  0x18, 0xC4, 0x18, 0xC4, 0x18, 0xC4, 0x18, 0xC4, 0x18, 0xC4, 0x18, 0xC4, 0x18, 0xC4, 0x18, 0xC4,
  0x00, 0x00, 0x00, 0x00, 0x00, 0x00, 0x00, 0x00, 0x00, 0x00, 0x00, 0x00, 0x00, 0x00, 0x00, 0x00,
  0x00, 0x00, 0x00, 0x00, 0x00, 0x00, 0x00, 0x00, 0x00, 0x00, 0x00, 0x00, 0x00, 0x00, 0x00, 0x00,
  0x00, 0x00, 0x00, 0x00, 0x00, 0x00, 0x00, 0x00, 0x00, 0x00, 0x00, 0x00, 0x00, 0x00, 0x00, 0x00,
  0x00, 0x00, 0x00, 0x00, 0x00, 0x00, 0x00, 0x00, 0x00, 0x00, 0x00, 0x00, 0x00, 0x00, 0x00, 0x00,
  0x00, 0x00, 0x00, 0x00, 0x00, 0x00, 0x00, 0x00,
};

static const uint8_t cic_Update[] = {
  0x43, 0x49, 0x43, 0x31, 0x10, 0x00, 0x10, 0x00, 0x00, 0x00, 0x00, 0x00, 0x00, 0x00, 0x00, 0x00,
  0x00, 0x00, 0x00, 0x00, 0x00, 0x00, 0x00, 0x00, 0x00, 0x00, 0x00, 0x00, 0x00, 0x00, 0x00, 0x00,
  0x00, 0x00, 0x00, 0x00, 0x00, 0x00, 0x00, 0x00, 0x00, 0x00, 0x00, 0x00, 0x00, 0x00, 0x00, 0x00,
  0x00, 0x00, 0x00, 0x00, 0x18, 0xC4, 0x18, 0xC4, 0x18, 0xC4, 0x18, 0xC4, 0x00, 0x00, 0x00, 0x00,
  0x00, 0x00, 0x00, 0x00, 0x00, 0x00, 0x00, 0x00, 0x00, 0x00, 0x00, 0x00, 0x00, 0x00, 0x00, 0x00,
  0x00, 0x00, 0x00, 0x00, 0x18, 0xC4, 0x54, 0xFD, 0x54, 0xFD, 0x18, 0xC4, 0x00, 0x00, 0x00, 0x00,
  0x00, 0x00, 0x00, 0x00, 0x00, 0x00, 0x00, 0x00, 0x00, 0x00, 0x00, 0x00, 0x00, 0x00, 0x00, 0x00,
  0x00, 0x00, 0x00, 0x00, 0x18, 0xC4, 0x54, 0xFD, 0x54, 0xFD, 0x18, 0xC4, 0x00, 0x00, 0x00, 0x00,
  0x00, 0x00, 0x00, 0x00, 0x00, 0x00, 0x00, 0x00, 0x00, 0x00, 0x00, 0x00, 0x00, 0x00, 0x00, 0x00,
  0x00, 0x00, 0x00, 0x00, 0x18, 0xC4, 0x54, 0xFD, 0x54, 0xFD, 0x18, 0xC4, 0x00, 0x00, 0x00, 0x00,
  0x00, 0x00, 0x00, 0x00, 0x00, 0x00, 0x00, 0x00, 0x00, 0x00, 0x00, 0x00, 0x00, 0x00, 0x00, 0x00,
  0x00, 0x00, 0x00, 0x00, 0x18, 0xC4, 0x54, 0xFD, 0x54, 0xFD, 0x18, 0xC4, 0x00, 0x00, 0x00, 0x00,
  0x00, 0x00, 0x00, 0x00, 0x00, 0x00, 0x00, 0x00, 0x00, 0x00, 0x00, 0x00, 0x00, 0x00, 0x00, 0x00,
  0x00, 0x00, 0x18, 0xC4, 0x54, 0xFD, 0x54, 0xFD, 0x54, 0xFD, 0x54, 0xFD, 0x18, 0xC4, 0x00, 0x00,
  0x00, 0x00, 0x00, 0x00, 0x00, 0x00, 0x00, 0x00, 0x00, 0x00, 0x00, 0x00, 0x00, 0x00, 0x00, 0x00,
  0x18, 0xC4, 0x54, 0xFD, 0x54, 0xFD, 0x54, 0xFD, 0x54, 0xFD, 0x54, 0xFD, 0x54, 0xFD, 0x18, 0xC4,
  0x00, 0x00, 0x00, 0x00, 0x00, 0x00, 0x00, 0x00, 0x00, 0x00, 0x00, 0x00, 0x00, 0x00, 0x18, 0xC4,
  0x54, 0xFD, 0x54, 0xFD, 0x54, 0xFD, 0x54, 0xFD, 0x54, 0xFD, 0x54, 0xFD, 0x54, 0xFD, 0x54, 0xFD,
  0x18, 0xC4, 0x00, 0x00, 0x00, 0x00, 0x00, 0x00, 0x00, 0x00, 0x00, 0x00, 0x00, 0x00, 0x00, 0x00,
  0x18, 0xC4, 0x54, 0xFD, 0x54, 0xFD, 0x54, 0xFD, 0x54, 0xFD, 0x54, 0xFD, 0x54, 0xFD, 0x18, 0xC4,
  0x00, 0x00, 0x00, 0x00, 0x00, 0x00, 0x00, 0x00, 0x00, 0x00, 0x00, 0x00, 0x00, 0x00, 0x00, 0x00,
  0x00, 0x00, 0x18, 0xC4, 0x54, 0xFD, 0x54, 0xFD, 0x54, 0xFD, 0x54, 0xFD, 0x18, 0xC4, 0x00, 0x00,
  0x00, 0x00, 0x00, 0x00, 0x00, 0x00, 0x00, 0x00, 0x00, 0x00, 0x00, 0x00, 0x00, 0x00, 0x00, 0x00,
  0x00, 0x00, 0x00, 0x00, 0x18, 0xC4, 0x54, 0xFD, 0x54, 0xFD, 0x18, 0xC4, 0x00, 0x00, 0x00, 0x00,
  0x00, 0x00, 0x00, 0x00, 0x00, 0x00, 0x00, 0x00, 0x00, 0x00, 0x00, 0x00, 0x00, 0x00, 0x00, 0x00,
  0x00, 0x00, 0x00, 0x00, 0x00, 0x00, 0x00, 0x00, 0x00, 0x00, 0x00, 0x00, 0x00, 0x00, 0x00, 0x00,
  0x00, 0x00, 0x00, 0x00, 0x00, 0x00, 0x00, 0x00, 0x00, 0x00, 0x00, 0x00, 0x18, 0xC4, 0x18, 0xC4,
  0x18, 0xC4, 0x18, 0xC4, 0x18, 0xC4, 0x18, 0xC4, 0x18, 0xC4, 0x18, 0xC4, 0x18, 0xC4, 0x18, 0xC4,
  0x18, 0xC4, 0x18, 0xC4, 0x00, 0x00, 0x00, 0x00, 0x00, 0x00, 0x00, 0x00, 0x18, 0xC4, 0x2A, 0xF3,
  0x2A, 0xF3, 0x2A, 0xF3, 0x2A, 0xF3, 0x2A, 0xF3, 0x2A, 0xF3, 0x2A, 0xF3, 0x2A, 0xF3, 0x2A, 0xF3,
  0x2A, 0xF3, 0x18, 0xC4, 0x00, 0x00, 0x00, 0x00, 0x00, 0x00, 0x00, 0x00, 0x18, 0xC4, 0x18, 0xC4,
  0x18, 0xC4, 0x18, 0xC4, 0x18, 0xC4, 0x18, 0xC4, 0x18, 0xC4, 0x18, 0xC4, 0x18, 0xC4, 0x18, 0xC4,
  0x18, 0xC4, 0x18, 0xC4, 0x00, 0x00, 0x00, 0x00,
};

static const uint8_t cic_Mines[] = {
  0x43, 0x49, 0x43, 0x31, 0x10, 0x00, 0x10, 0x00, 0x00, 0x00, 0x00, 0x00, 0x00, 0x00, 0x00, 0x00,
  0x00, 0x00, 0x00, 0x00, 0x00, 0x00, 0x00, 0x00, 0x00, 0x00, 0x00, 0x00, 0x00, 0x00, 0x00, 0x00,
  0x00, 0x00, 0x00, 0x00, 0x00, 0x00, 0x00, 0x00, 0x00, 0x00, 0x00, 0x00, 0x00, 0x00, 0x00, 0x00,
  0x00, 0x00, 0x00, 0x00, 0x00, 0x00, 0x00, 0x00, 0x00, 0x00, 0x00, 0x00, 0x18, 0xC4, 0x18, 0xC4,
  0x00, 0x00, 0x00, 0x00, 0x00, 0x00, 0x00, 0x00, 0x00, 0x00, 0x00, 0x00, 0x00, 0x00, 0x00, 0x00,
  0x00, 0x00, 0x00, 0x00, 0x00, 0x00, 0x00, 0x00, 0x00, 0x00, 0x18, 0xC4, 0xFE, 0x6A, 0xFE, 0x6A,
  0x18, 0xC4, 0x00, 0x00, 0x00, 0x00, 0x00, 0x00, 0x00, 0x00, 0x00, 0x00, 0x00, 0x00, 0x00, 0x00,
  0x00, 0x00, 0x00, 0x00, 0x00, 0x00, 0x00, 0x00, 0x18, 0xC4, 0xFE, 0x6A, 0xFE, 0x6A, 0x18, 0xC4,
  0x00, 0x00, 0x00, 0x00, 0x00, 0x00, 0x00, 0x00, 0x00, 0x00, 0x00, 0x00, 0x00, 0x00, 0x00, 0x00,
  0x18, 0xC4, 0x18, 0xC4, 0x18, 0xC4, 0x18, 0xC4, 0x18, 0xC4, 0x18, 0xC4, 0x00, 0x00, 0x00, 0x00,
  0x00, 0x00, 0x00, 0x00, 0x00, 0x00, 0x00, 0x00, 0x00, 0x00, 0x00, 0x00, 0x00, 0x00, 0x18, 0xC4,
  0x5B, 0x2E, 0x5B, 0x2E, 0x5B, 0x2E, 0x5B, 0x2E, 0x5B, 0x2E, 0x5B, 0x2E, 0x18, 0xC4, 0x00, 0x00,
  0x00, 0x00, 0x00, 0x00, 0x00, 0x00, 0x00, 0x00, 0x00, 0x00, 0x00, 0x00, 0x18, 0xC4, 0x5B, 0x2E,
  0x5B, 0x2E, 0x5B, 0x2E, 0x5B, 0x2E, 0x5B, 0x2E, 0x5B, 0x2E, 0x5B, 0x2E, 0x5B, 0x2E, 0x18, 0xC4,
  0x00, 0x00, 0x00, 0x00, 0x00, 0x00, 0x00, 0x00, 0x00, 0x00, 0x18, 0xC4, 0x5B, 0x2E, 0x5B, 0x2E,
  0xFF, 0xFF, 0x5B, 0x2E, 0x5B, 0x2E, 0x5B, 0x2E, 0x5B, 0x2E, 0x5B, 0x2E, 0x5B, 0x2E, 0x5B, 0x2E,
  0x18, 0xC4, 0x00, 0x00, 0x00, 0x00, 0x00, 0x00, 0x00, 0x00, 0x18, 0xC4, 0x5B, 0x2E, 0x5B, 0x2E,
  0x5B, 0x2E, 0x5B, 0x2E, 0x5B, 0x2E, 0x5B, 0x2E, 0x5B, 0x2E, 0x5B, 0x2E, 0x5B, 0x2E, 0x5B, 0x2E,
  0x18, 0xC4, 0x00, 0x00, 0x00, 0x00, 0x00, 0x00, 0x00, 0x00, 0x18, 0xC4, 0x5B, 0x2E, 0x5B, 0x2E,
  0x5B, 0x2E, 0x5B, 0x2E, 0x5B, 0x2E, 0x5B, 0x2E, 0x5B, 0x2E, 0x5B, 0x2E, 0x5B, 0x2E, 0x5B, 0x2E,
  0x18, 0xC4, 0x00, 0x00, 0x00, 0x00, 0x00, 0x00, 0x00, 0x00, 0x00, 0x00, 0x18, 0xC4, 0x5B, 0x2E,
  0x5B, 0x2E, 0x5B, 0x2E, 0x5B, 0x2E, 0x5B, 0x2E, 0x5B, 0x2E, 0x5B, 0x2E, 0x5B, 0x2E, 0x18, 0xC4,
  0x00, 0x00, 0x00, 0x00, 0x00, 0x00, 0x00, 0x00, 0x00, 0x00, 0x00, 0x00, 0x00, 0x00, 0x18, 0xC4,
  0x5B, 0x2E, 0x5B, 0x2E, 0x5B, 0x2E, 0x5B, 0x2E, 0x5B, 0x2E, 0x5B, 0x2E, 0x18, 0xC4, 0x00, 0x00,
  0x00, 0x00, 0x00, 0x00, 0x00, 0x00, 0x00, 0x00, 0x00, 0x00, 0x00, 0x00, 0x00, 0x00, 0x00, 0x00,
  0x18, 0xC4, 0x18, 0xC4, 0x18, 0xC4, 0x18, 0xC4, 0x18, 0xC4, 0x18, 0xC4, 0x00, 0x00, 0x00, 0x00,
  0x00, 0x00, 0x00, 0x00, 0x00, 0x00, 0x00, 0x00, 0x00, 0x00, 0x00, 0x00, 0x00, 0x00, 0x00, 0x00,
  0x00, 0x00, 0x00, 0x00, 0x00, 0x00, 0x00, 0x00, 0x00, 0x00, 0x00, 0x00, 0x00, 0x00, 0x00, 0x00,
  0x00, 0x00, 0x00, 0x00, 0x00, 0x00, 0x00, 0x00, 0x00, 0x00, 0x00, 0x00, 0x00, 0x00, 0x00, 0x00,
  0x00, 0x00, 0x00, 0x00, 0x00, 0x00, 0x00, 0x00, 0x00, 0x00, 0x00, 0x00, 0x00, 0x00, 0x00, 0x00,
  0x00, 0x00, 0x00, 0x00, 0x00, 0x00, 0x00, 0x00, 0x00, 0x00, 0x00, 0x00, 0x00, 0x00, 0x00, 0x00,
  0x00, 0x00, 0x00, 0x00, 0x00, 0x00, 0x00, 0x00, 0x00, 0x00, 0x00, 0x00, 0x00, 0x00, 0x00, 0x00,
  0x00, 0x00, 0x00, 0x00, 0x00, 0x00, 0x00, 0x00,
};

static const uint8_t cic_Photos[] = {
  0x43, 0x49, 0x43, 0x31, 0x10, 0x00, 0x10, 0x00, 0x00, 0x00, 0x00, 0x00, 0x00, 0x00, 0x00, 0x00,
  0x00, 0x00, 0x00, 0x00, 0x00, 0x00, 0x00, 0x00, 0x00, 0x00, 0x00, 0x00, 0x00, 0x00, 0x00, 0x00,
  0x00, 0x00, 0x00, 0x00, 0x00, 0x00, 0x00, 0x00, 0x00, 0x00, 0x18, 0xC4, 0x18, 0xC4, 0x18, 0xC4,
  0x18, 0xC4, 0x18, 0xC4, 0x18, 0xC4, 0x18, 0xC4, 0x18, 0xC4, 0x18, 0xC4, 0x18, 0xC4, 0x18, 0xC4,
  0x18, 0xC4, 0x18, 0xC4, 0x18, 0xC4, 0x00, 0x00, 0x00, 0x00, 0x18, 0xC4, 0x54, 0xFD, 0x54, 0xFD,
  0x54, 0xFD, 0x54, 0xFD, 0x54, 0xFD, 0x54, 0xFD, 0x54, 0xFD, 0x54, 0xFD, 0x54, 0xFD, 0x54, 0xFD,
  0x54, 0xFD, 0x54, 0xFD, 0x18, 0xC4, 0x00, 0x00, 0x00, 0x00, 0x18, 0xC4, 0x54, 0xFD, 0x54, 0xFD,
  0xFE, 0x6A, 0xFE, 0x6A, 0x54, 0xFD, 0x54, 0xFD, 0x54, 0xFD, 0x54, 0xFD, 0x54, 0xFD, 0x54, 0xFD,
  0x54, 0xFD, 0x54, 0xFD, 0x18, 0xC4, 0x00, 0x00, 0x00, 0x00, 0x18, 0xC4, 0x54, 0xFD, 0xFE, 0x6A,
  0xFE, 0x6A, 0xFE, 0x6A, 0xFE, 0x6A, 0x54, 0xFD, 0x54, 0xFD, 0x54, 0xFD, 0x54, 0xFD, 0x54, 0xFD,
  0x54, 0xFD, 0x54, 0xFD, 0x18, 0xC4, 0x00, 0x00, 0x00, 0x00, 0x18, 0xC4, 0x54, 0xFD, 0x54, 0xFD,
  0xFE, 0x6A, 0xFE, 0x6A, 0x54, 0xFD, 0x54, 0xFD, 0x54, 0xFD, 0x54, 0xFD, 0x54, 0xFD, 0x54, 0xFD,
  0x54, 0xFD, 0x54, 0xFD, 0x18, 0xC4, 0x00, 0x00, 0x00, 0x00, 0x18, 0xC4, 0x54, 0xFD, 0x54, 0xFD,
  0x54, 0xFD, 0x54, 0xFD, 0x54, 0xFD, 0x54, 0xFD, 0x54, 0xFD, 0x54, 0xFD, 0x54, 0xFD, 0x54, 0xFD,
  0x54, 0xFD, 0x54, 0xFD, 0x18, 0xC4, 0x00, 0x00, 0x00, 0x00, 0x18, 0xC4, 0x54, 0xFD, 0x54, 0xFD,
  0x54, 0xFD, 0x54, 0xFD, 0x54, 0xFD, 0x54, 0xFD, 0x54, 0xFD, 0x54, 0xFD, 0x34, 0x4A, 0x34, 0x4A,
  0x54, 0xFD, 0x54, 0xFD, 0x18, 0xC4, 0x00, 0x00, 0x00, 0x00, 0x18, 0xC4, 0x54, 0xFD, 0x54, 0xFD,
  0x54, 0xFD, 0x54, 0xFD, 0x54, 0xFD, 0x54, 0xFD, 0x54, 0xFD, 0x34, 0x4A, 0x6E, 0x30, 0x6E, 0x30,
  0x34, 0x4A, 0x54, 0xFD, 0x18, 0xC4, 0x00, 0x00, 0x00, 0x00, 0x18, 0xC4, 0x54, 0xFD, 0x54, 0xFD,
  0x54, 0xFD, 0x54, 0xFD, 0x34, 0x4A, 0x34, 0x4A, 0x34, 0x4A, 0x6E, 0x30, 0x6E, 0x30, 0x6E, 0x30,
  0x34, 0x4A, 0x34, 0x4A, 0x18, 0xC4, 0x00, 0x00, 0x00, 0x00, 0x18, 0xC4, 0x54, 0xFD, 0x54, 0xFD,
  0x34, 0x4A, 0x34, 0x4A, 0x6E, 0x30, 0x6E, 0x30, 0x6E, 0x30, 0x6E, 0x30, 0x6E, 0x30, 0x6E, 0x30,
  0x6E, 0x30, 0x6E, 0x30, 0x18, 0xC4, 0x00, 0x00, 0x00, 0x00, 0x18, 0xC4, 0x34, 0x4A, 0x34, 0x4A,
  0x6E, 0x30, 0x6E, 0x30, 0x6E, 0x30, 0x6E, 0x30, 0x6E, 0x30, 0x6E, 0x30, 0x6E, 0x30, 0x6E, 0x30,
  0x6E, 0x30, 0x34, 0x4A, 0x18, 0xC4, 0x00, 0x00, 0x00, 0x00, 0x18, 0xC4, 0x6E, 0x30, 0x6E, 0x30,
  0x6E, 0x30, 0x6E, 0x30, 0x6E, 0x30, 0x6E, 0x30, 0x6E, 0x30, 0x6E, 0x30, 0x6E, 0x30, 0x6E, 0x30,
  0x6E, 0x30, 0x34, 0x4A, 0x18, 0xC4, 0x00, 0x00, 0x00, 0x00, 0x18, 0xC4, 0x18, 0xC4, 0x18, 0xC4,
  0x18, 0xC4, 0x18, 0xC4, 0x18, 0xC4, 0x18, 0xC4, 0x18, 0xC4, 0x18, 0xC4, 0x18, 0xC4, 0x18, 0xC4,
  0x18, 0xC4, 0x18, 0xC4, 0x18, 0xC4, 0x00, 0x00, 0x00, 0x00, 0x00, 0x00, 0x00, 0x00, 0x00, 0x00,
  0x00, 0x00, 0x00, 0x00, 0x00, 0x00, 0x00, 0x00, 0x00, 0x00, 0x00, 0x00, 0x00, 0x00, 0x00, 0x00,
  0x00, 0x00, 0x00, 0x00, 0x00, 0x00, 0x00, 0x00, 0x00, 0x00, 0x00, 0x00, 0x00, 0x00, 0x00, 0x00,
  0x00, 0x00, 0x00, 0x00, 0x00, 0x00, 0x00, 0x00, 0x00, 0x00, 0x00, 0x00, 0x00, 0x00, 0x00, 0x00,
  0x00, 0x00, 0x00, 0x00, 0x00, 0x00, 0x00, 0x00,
};

static const uint8_t cic_Stocks[] = {
  0x43, 0x49, 0x43, 0x31, 0x10, 0x00, 0x10, 0x00, 0x00, 0x00, 0x00, 0x00, 0x00, 0x00, 0x00, 0x00,
  0x00, 0x00, 0x00, 0x00, 0x00, 0x00, 0x00, 0x00, 0x00, 0x00, 0x00, 0x00, 0x00, 0x00, 0x00, 0x00,
  0x00, 0x00, 0x00, 0x00, 0x00, 0x00, 0x00, 0x00, 0x00, 0x00, 0x18, 0xC4, 0x00, 0x00, 0x00, 0x00,
  0x00, 0x00, 0x00, 0x00, 0x00, 0x00, 0x00, 0x00, 0x00, 0x00, 0x00, 0x00, 0x00, 0x00, 0x00, 0x00,
  0x00, 0x00, 0x00, 0x00, 0x00, 0x00, 0x00, 0x00, 0x00, 0x00, 0x18, 0xC4, 0x00, 0x00, 0x00, 0x00,
  0x00, 0x00, 0x00, 0x00, 0x00, 0x00, 0x00, 0x00, 0x00, 0x00, 0x00, 0x00, 0x00, 0x00, 0x00, 0x00,
  0x00, 0x00, 0x6E, 0x30, 0x6E, 0x30, 0x00, 0x00, 0x00, 0x00, 0x18, 0xC4, 0x00, 0x00, 0x00, 0x00,
  0x00, 0x00, 0x00, 0x00, 0x00, 0x00, 0x00, 0x00, 0x00, 0x00, 0x00, 0x00, 0x00, 0x00, 0x00, 0x00,
  0x6E, 0x30, 0x6E, 0x30, 0x00, 0x00, 0x00, 0x00, 0x00, 0x00, 0x18, 0xC4, 0x00, 0x00, 0x00, 0x00,
  0x00, 0x00, 0x00, 0x00, 0x00, 0x00, 0x00, 0x00, 0x00, 0x00, 0x00, 0x00, 0x00, 0x00, 0x6E, 0x30,
  0x6E, 0x30, 0x00, 0x00, 0x00, 0x00, 0x00, 0x00, 0x00, 0x00, 0x18, 0xC4, 0x00, 0x00, 0x00, 0x00,
  0x00, 0x00, 0x00, 0x00, 0x00, 0x00, 0x00, 0x00, 0x00, 0x00, 0x00, 0x00, 0x6E, 0x30, 0x6E, 0x30,
  0x00, 0x00, 0x00, 0x00, 0x00, 0x00, 0x00, 0x00, 0x00, 0x00, 0x18, 0xC4, 0x00, 0x00, 0x00, 0x00,
  0x00, 0x00, 0xE2, 0xA9, 0xE2, 0xA9, 0x00, 0x00, 0x00, 0x00, 0x6E, 0x30, 0x6E, 0x30, 0x00, 0x00,
  0x00, 0x00, 0x00, 0x00, 0x00, 0x00, 0x00, 0x00, 0x00, 0x00, 0x18, 0xC4, 0x00, 0x00, 0x00, 0x00,
  0xE2, 0xA9, 0xE2, 0xA9, 0xE2, 0xA9, 0xE2, 0xA9, 0x6E, 0x30, 0x6E, 0x30, 0x00, 0x00, 0x00, 0x00,
  0x00, 0x00, 0x00, 0x00, 0x00, 0x00, 0x00, 0x00, 0x00, 0x00, 0x18, 0xC4, 0x00, 0x00, 0xE2, 0xA9,
  0xE2, 0xA9, 0x00, 0x00, 0x00, 0x00, 0x6E, 0x30, 0x6E, 0x30, 0x00, 0x00, 0x00, 0x00, 0x00, 0x00,
  0x00, 0x00, 0x00, 0x00, 0x00, 0x00, 0x00, 0x00, 0x00, 0x00, 0x18, 0xC4, 0xE2, 0xA9, 0xE2, 0xA9,
  0x00, 0x00, 0x00, 0x00, 0x6E, 0x30, 0x6E, 0x30, 0x00, 0x00, 0x00, 0x00, 0x00, 0x00, 0x00, 0x00,
  0x00, 0x00, 0x00, 0x00, 0x00, 0x00, 0x00, 0x00, 0x00, 0x00, 0x18, 0xC4, 0x00, 0x00, 0x00, 0x00,
  0x00, 0x00, 0x6E, 0x30, 0x6E, 0x30, 0x00, 0x00, 0x00, 0x00, 0x00, 0x00, 0x00, 0x00, 0x00, 0x00,
  0x00, 0x00, 0x00, 0x00, 0x00, 0x00, 0x00, 0x00, 0x00, 0x00, 0x18, 0xC4, 0x00, 0x00, 0x00, 0x00,
  0x6E, 0x30, 0x6E, 0x30, 0x00, 0x00, 0x00, 0x00, 0x00, 0x00, 0x00, 0x00, 0x00, 0x00, 0x00, 0x00,
  0x00, 0x00, 0x00, 0x00, 0x00, 0x00, 0x00, 0x00, 0x00, 0x00, 0x18, 0xC4, 0x00, 0x00, 0x6E, 0x30,
  0x6E, 0x30, 0x00, 0x00, 0x00, 0x00, 0x00, 0x00, 0x00, 0x00, 0x00, 0x00, 0x00, 0x00, 0x00, 0x00,
  0x00, 0x00, 0x00, 0x00, 0x00, 0x00, 0x00, 0x00, 0x00, 0x00, 0x18, 0xC4, 0x18, 0xC4, 0x18, 0xC4,
  0x18, 0xC4, 0x18, 0xC4, 0x18, 0xC4, 0x18, 0xC4, 0x18, 0xC4, 0x18, 0xC4, 0x18, 0xC4, 0x18, 0xC4,
  0x18, 0xC4, 0x18, 0xC4, 0x18, 0xC4, 0x00, 0x00, 0x00, 0x00, 0x00, 0x00, 0x00, 0x00, 0x00, 0x00,
  0x00, 0x00, 0x00, 0x00, 0x00, 0x00, 0x00, 0x00, 0x00, 0x00, 0x00, 0x00, 0x00, 0x00, 0x00, 0x00,
  0x00, 0x00, 0x00, 0x00, 0x00, 0x00, 0x00, 0x00, 0x00, 0x00, 0x00, 0x00, 0x00, 0x00, 0x00, 0x00,
  0x00, 0x00, 0x00, 0x00, 0x00, 0x00, 0x00, 0x00, 0x00, 0x00, 0x00, 0x00, 0x00, 0x00, 0x00, 0x00,
  0x00, 0x00, 0x00, 0x00, 0x00, 0x00, 0x00, 0x00,
};

static const uint8_t cic_Dashboard_Link[] = {
  0x43, 0x49, 0x43, 0x31, 0x10, 0x00, 0x10, 0x00, 0x00, 0x00, 0x00, 0x00, 0x00, 0x00, 0x00, 0x00,
  0x00, 0x00, 0x00, 0x00, 0x00, 0x00, 0x00, 0x00, 0x00, 0x00, 0x00, 0x00, 0x00, 0x00, 0x00, 0x00,
  0x00, 0x00, 0x00, 0x00, 0x00, 0x00, 0x00, 0x00, 0x00, 0x00, 0x00, 0x00, 0x00, 0x00, 0x18, 0xC4,
  0x18, 0xC4, 0x18, 0xC4, 0x18, 0xC4, 0x18, 0xC4, 0x18, 0xC4, 0x18, 0xC4, 0x18, 0xC4, 0x00, 0x00,
  0x00, 0x00, 0x00, 0x00, 0x00, 0x00, 0x00, 0x00, 0x00, 0x00, 0x00, 0x00, 0x00, 0x00, 0x18, 0xC4,
  0x5B, 0x2E, 0x5B, 0x2E, 0x5B, 0x2E, 0x5B, 0x2E, 0x5B, 0x2E, 0x5B, 0x2E, 0x5B, 0x2E, 0x18, 0xC4,
  0x00, 0x00, 0x00, 0x00, 0x00, 0x00, 0x00, 0x00, 0x00, 0x00, 0x00, 0x00, 0x00, 0x00, 0x18, 0xC4,
  0x5B, 0x2E, 0xFE, 0x6A, 0x5B, 0x2E, 0xFE, 0x6A, 0x5B, 0x2E, 0xFE, 0x6A, 0x5B, 0x2E, 0x5B, 0x2E,
  0x18, 0xC4, 0x00, 0x00, 0x00, 0x00, 0x00, 0x00, 0x00, 0x00, 0x00, 0x00, 0x00, 0x00, 0x18, 0xC4,
  0x5B, 0x2E, 0x5B, 0x2E, 0x5B, 0x2E, 0x5B, 0x2E, 0x5B, 0x2E, 0x5B, 0x2E, 0x5B, 0x2E, 0x5B, 0x2E,
  0x18, 0xC4, 0x00, 0x00, 0x00, 0x00, 0x00, 0x00, 0x00, 0x00, 0x00, 0x00, 0x00, 0x00, 0x18, 0xC4,
  0x5B, 0x2E, 0x5B, 0x2E, 0x5B, 0x2E, 0x5B, 0x2E, 0x5B, 0x2E, 0x5B, 0x2E, 0x5B, 0x2E, 0x5B, 0x2E,
  0x18, 0xC4, 0x00, 0x00, 0x00, 0x00, 0x00, 0x00, 0x00, 0x00, 0x00, 0x00, 0x00, 0x00, 0x18, 0xC4,
  0x5B, 0x2E, 0x5B, 0x2E, 0x5B, 0x2E, 0x5B, 0x2E, 0x5B, 0x2E, 0x5B, 0x2E, 0x5B, 0x2E, 0x5B, 0x2E,
  0x18, 0xC4, 0x00, 0x00, 0x00, 0x00, 0x00, 0x00, 0x00, 0x00, 0x00, 0x00, 0x00, 0x00, 0x18, 0xC4,
  0x5B, 0x2E, 0x5B, 0x2E, 0x5B, 0x2E, 0x5B, 0x2E, 0x5B, 0x2E, 0x5B, 0x2E, 0x5B, 0x2E, 0x5B, 0x2E,
  0x18, 0xC4, 0x00, 0x00, 0x00, 0x00, 0x00, 0x00, 0x00, 0x00, 0x00, 0x00, 0x00, 0x00, 0x18, 0xC4,
  0x5B, 0x2E, 0x5B, 0x2E, 0x5B, 0x2E, 0x5B, 0x2E, 0x5B, 0x2E, 0x5B, 0x2E, 0x5B, 0x2E, 0x5B, 0x2E,
  0x18, 0xC4, 0x00, 0x00, 0x00, 0x00, 0x00, 0x00, 0x00, 0x00, 0x00, 0x00, 0x00, 0x00, 0x18, 0xC4,
  0x18, 0xC4, 0x18, 0xC4, 0x18, 0xC4, 0x18, 0xC4, 0x18, 0xC4, 0x18, 0xC4, 0x18, 0xC4, 0x18, 0xC4,
  0x18, 0xC4, 0x00, 0x00, 0x00, 0x00, 0x00, 0x00, 0x00, 0x00, 0x00, 0x00, 0x00, 0x00, 0x00, 0x00,
  0x00, 0x00, 0x00, 0x00, 0x00, 0x00, 0x00, 0x00, 0x00, 0x00, 0x00, 0x00, 0x00, 0x00, 0x00, 0x00,
  0x00, 0x00, 0x00, 0x00, 0x00, 0x00, 0x00, 0x00, 0x00, 0x00, 0x00, 0x00, 0x54, 0xFD, 0x00, 0x00,
  0x00, 0x00, 0x00, 0x00, 0x00, 0x00, 0x00, 0x00, 0x00, 0x00, 0x00, 0x00, 0x00, 0x00, 0x00, 0x00,
  0x00, 0x00, 0x00, 0x00, 0x6E, 0x30, 0x00, 0x00, 0x00, 0x00, 0x54, 0xFD, 0x54, 0xFD, 0x54, 0xFD,
  0x00, 0x00, 0x00, 0x00, 0x00, 0x00, 0x00, 0x00, 0x00, 0x00, 0x00, 0x00, 0x00, 0x00, 0x00, 0x00,
  0x00, 0x00, 0x00, 0x00, 0x6E, 0x30, 0x00, 0x00, 0x00, 0x00, 0x00, 0x00, 0x54, 0xFD, 0x00, 0x00,
  0x00, 0x00, 0x00, 0x00, 0x00, 0x00, 0x00, 0x00, 0x00, 0x00, 0x00, 0x00, 0x00, 0x00, 0x00, 0x00,
  0x00, 0x00, 0x6E, 0x30, 0x6E, 0x30, 0x6E, 0x30, 0x00, 0x00, 0x00, 0x00, 0x54, 0xFD, 0x00, 0x00,
  0x00, 0x00, 0x00, 0x00, 0x00, 0x00, 0x00, 0x00, 0x00, 0x00, 0x00, 0x00, 0x00, 0x00, 0x00, 0x00,
  0x00, 0x00, 0x00, 0x00, 0x6E, 0x30, 0x00, 0x00, 0x00, 0x00, 0x00, 0x00, 0x00, 0x00, 0x00, 0x00,
  0x00, 0x00, 0x00, 0x00, 0x00, 0x00, 0x00, 0x00, 0x00, 0x00, 0x00, 0x00, 0x00, 0x00, 0x00, 0x00,
  0x00, 0x00, 0x00, 0x00, 0x00, 0x00, 0x00, 0x00,
};

static const uint8_t cic_Roku[] = {
  0x43, 0x49, 0x43, 0x31, 0x10, 0x00, 0x10, 0x00, 0x00, 0x00, 0x00, 0x00, 0x00, 0x00, 0x00, 0x00,
  0x00, 0x00, 0x00, 0x00, 0x00, 0x00, 0x00, 0x00, 0x00, 0x00, 0x00, 0x00, 0x00, 0x00, 0x00, 0x00,
  0x00, 0x00, 0x00, 0x00, 0x00, 0x00, 0x00, 0x00, 0x00, 0x00, 0x00, 0x00, 0x00, 0x00, 0x00, 0x00,
  0x00, 0x00, 0x18, 0xC4, 0x18, 0xC4, 0x18, 0xC4, 0x18, 0xC4, 0x18, 0xC4, 0x18, 0xC4, 0x00, 0x00,
  0x00, 0x00, 0x00, 0x00, 0x00, 0x00, 0x00, 0x00, 0x00, 0x00, 0x00, 0x00, 0x00, 0x00, 0x00, 0x00,
  0x18, 0xC4, 0x61, 0x72, 0x61, 0x72, 0x61, 0x72, 0x61, 0x72, 0x61, 0x72, 0x61, 0x72, 0x18, 0xC4,
  0x00, 0x00, 0x00, 0x00, 0x00, 0x00, 0x00, 0x00, 0x00, 0x00, 0x00, 0x00, 0x00, 0x00, 0x00, 0x00,
  0x18, 0xC4, 0x61, 0x72, 0x61, 0x72, 0x61, 0x72, 0x61, 0x72, 0xE2, 0xA9, 0x61, 0x72, 0x18, 0xC4,
  0x00, 0x00, 0x00, 0x00, 0x00, 0x00, 0x00, 0x00, 0x00, 0x00, 0x00, 0x00, 0x00, 0x00, 0x00, 0x00,
  0x18, 0xC4, 0x61, 0x72, 0x61, 0x72, 0x61, 0x72, 0x61, 0x72, 0x61, 0x72, 0x61, 0x72, 0x18, 0xC4,
  0x00, 0x00, 0x00, 0x00, 0x00, 0x00, 0x00, 0x00, 0x00, 0x00, 0x00, 0x00, 0x00, 0x00, 0x00, 0x00,
  0x18, 0xC4, 0x61, 0x72, 0x61, 0x72, 0xFF, 0xFF, 0xFF, 0xFF, 0x61, 0x72, 0x61, 0x72, 0x18, 0xC4,
  0x00, 0x00, 0x00, 0x00, 0x00, 0x00, 0x00, 0x00, 0x00, 0x00, 0x00, 0x00, 0x00, 0x00, 0x00, 0x00,
  0x18, 0xC4, 0x61, 0x72, 0xFF, 0xFF, 0xFF, 0xFF, 0xFF, 0xFF, 0xFF, 0xFF, 0x61, 0x72, 0x18, 0xC4,
  0x00, 0x00, 0x00, 0x00, 0x00, 0x00, 0x00, 0x00, 0x00, 0x00, 0x00, 0x00, 0x00, 0x00, 0x00, 0x00,
  0x18, 0xC4, 0x61, 0x72, 0x61, 0x72, 0xFF, 0xFF, 0xFF, 0xFF, 0x61, 0x72, 0x61, 0x72, 0x18, 0xC4,
  0x00, 0x00, 0x00, 0x00, 0x00, 0x00, 0x00, 0x00, 0x00, 0x00, 0x00, 0x00, 0x00, 0x00, 0x00, 0x00,
  0x18, 0xC4, 0x61, 0x72, 0x61, 0x72, 0x61, 0x72, 0x61, 0x72, 0x61, 0x72, 0x61, 0x72, 0x18, 0xC4,
  0x00, 0x00, 0x00, 0x00, 0x00, 0x00, 0x00, 0x00, 0x00, 0x00, 0x00, 0x00, 0x00, 0x00, 0x00, 0x00,
  0x18, 0xC4, 0x61, 0x72, 0xBC, 0xBD, 0x61, 0x72, 0x61, 0x72, 0xBC, 0xBD, 0x61, 0x72, 0x18, 0xC4,
  0x00, 0x00, 0x00, 0x00, 0x00, 0x00, 0x00, 0x00, 0x00, 0x00, 0x00, 0x00, 0x00, 0x00, 0x00, 0x00,
  0x18, 0xC4, 0x61, 0x72, 0x61, 0x72, 0x61, 0x72, 0x61, 0x72, 0x61, 0x72, 0x61, 0x72, 0x18, 0xC4,
  0x00, 0x00, 0x00, 0x00, 0x00, 0x00, 0x00, 0x00, 0x00, 0x00, 0x00, 0x00, 0x00, 0x00, 0x00, 0x00,
  0x18, 0xC4, 0x61, 0x72, 0xBC, 0xBD, 0x61, 0x72, 0x61, 0x72, 0xBC, 0xBD, 0x61, 0x72, 0x18, 0xC4,
  0x00, 0x00, 0x00, 0x00, 0x00, 0x00, 0x00, 0x00, 0x00, 0x00, 0x00, 0x00, 0x00, 0x00, 0x00, 0x00,
  0x18, 0xC4, 0x61, 0x72, 0x61, 0x72, 0x61, 0x72, 0x61, 0x72, 0x61, 0x72, 0x61, 0x72, 0x18, 0xC4,
  0x00, 0x00, 0x00, 0x00, 0x00, 0x00, 0x00, 0x00, 0x00, 0x00, 0x00, 0x00, 0x00, 0x00, 0x00, 0x00,
  0x18, 0xC4, 0x61, 0x72, 0x61, 0x72, 0x61, 0x72, 0x61, 0x72, 0x61, 0x72, 0x61, 0x72, 0x18, 0xC4,
  0x00, 0x00, 0x00, 0x00, 0x00, 0x00, 0x00, 0x00, 0x00, 0x00, 0x00, 0x00, 0x00, 0x00, 0x00, 0x00,
  0x00, 0x00, 0x18, 0xC4, 0x18, 0xC4, 0x18, 0xC4, 0x18, 0xC4, 0x18, 0xC4, 0x18, 0xC4, 0x00, 0x00,
  0x00, 0x00, 0x00, 0x00, 0x00, 0x00, 0x00, 0x00, 0x00, 0x00, 0x00, 0x00, 0x00, 0x00, 0x00, 0x00,
  0x00, 0x00, 0x00, 0x00, 0x00, 0x00, 0x00, 0x00, 0x00, 0x00, 0x00, 0x00, 0x00, 0x00, 0x00, 0x00,
  0x00, 0x00, 0x00, 0x00, 0x00, 0x00, 0x00, 0x00,
};

static const uint8_t cic_Toggl[] = {
  0x43, 0x49, 0x43, 0x31, 0x10, 0x00, 0x10, 0x00, 0x00, 0x00, 0x00, 0x00, 0x00, 0x00, 0x00, 0x00,
  0x00, 0x00, 0x00, 0x00, 0x18, 0xC4, 0x18, 0xC4, 0x18, 0xC4, 0x18, 0xC4, 0x00, 0x00, 0x00, 0x00,
  0x00, 0x00, 0x00, 0x00, 0x00, 0x00, 0x00, 0x00, 0x00, 0x00, 0x00, 0x00, 0x00, 0x00, 0x00, 0x00,
  0x00, 0x00, 0x00, 0x00, 0x00, 0x00, 0x18, 0xC4, 0x18, 0xC4, 0x00, 0x00, 0x00, 0x00, 0x00, 0x00,
  0x00, 0x00, 0x00, 0x00, 0x00, 0x00, 0x00, 0x00, 0x00, 0x00, 0x00, 0x00, 0x00, 0x00, 0x00, 0x00,
  0x00, 0x00, 0x18, 0xC4, 0x18, 0xC4, 0x18, 0xC4, 0x18, 0xC4, 0x18, 0xC4, 0x18, 0xC4, 0x00, 0x00,
  0x00, 0x00, 0x00, 0x00, 0x00, 0x00, 0x00, 0x00, 0x00, 0x00, 0x00, 0x00, 0x00, 0x00, 0x18, 0xC4,
  0x18, 0xC4, 0xEB, 0xDA, 0xEB, 0xDA, 0xEB, 0xDA, 0xEB, 0xDA, 0xEB, 0xDA, 0xEB, 0xDA, 0x18, 0xC4,
  0x18, 0xC4, 0x00, 0x00, 0x00, 0x00, 0x00, 0x00, 0x00, 0x00, 0x00, 0x00, 0x18, 0xC4, 0xEB, 0xDA,
  0xEB, 0xDA, 0xFF, 0xFF, 0xFF, 0xFF, 0xFF, 0xFF, 0xFF, 0xFF, 0xFF, 0xFF, 0xFF, 0xFF, 0xEB, 0xDA,
  0xEB, 0xDA, 0x18, 0xC4, 0x00, 0x00, 0x00, 0x00, 0x00, 0x00, 0x00, 0x00, 0x18, 0xC4, 0xEB, 0xDA,
  0xFF, 0xFF, 0xFF, 0xFF, 0xFF, 0xFF, 0xFF, 0xFF, 0x18, 0xC4, 0xFF, 0xFF, 0xFF, 0xFF, 0xFF, 0xFF,
  0xEB, 0xDA, 0x18, 0xC4, 0x00, 0x00, 0x00, 0x00, 0x00, 0x00, 0x18, 0xC4, 0xEB, 0xDA, 0xFF, 0xFF,
  0xFF, 0xFF, 0xFF, 0xFF, 0xFF, 0xFF, 0xFF, 0xFF, 0x18, 0xC4, 0xFF, 0xFF, 0xFF, 0xFF, 0xFF, 0xFF,
  0xFF, 0xFF, 0xEB, 0xDA, 0x18, 0xC4, 0x00, 0x00, 0x00, 0x00, 0x18, 0xC4, 0xEB, 0xDA, 0xFF, 0xFF,
  0xFF, 0xFF, 0xFF, 0xFF, 0xFF, 0xFF, 0xFF, 0xFF, 0x18, 0xC4, 0xFF, 0xFF, 0xFF, 0xFF, 0xFF, 0xFF,
  0xFF, 0xFF, 0xEB, 0xDA, 0x18, 0xC4, 0x00, 0x00, 0x00, 0x00, 0x18, 0xC4, 0xEB, 0xDA, 0xFF, 0xFF,
  0xFF, 0xFF, 0xFF, 0xFF, 0xFF, 0xFF, 0xFF, 0xFF, 0x18, 0xC4, 0x18, 0xC4, 0x18, 0xC4, 0xFF, 0xFF,
  0xFF, 0xFF, 0xEB, 0xDA, 0x18, 0xC4, 0x00, 0x00, 0x00, 0x00, 0x18, 0xC4, 0xEB, 0xDA, 0xFF, 0xFF,
  0xFF, 0xFF, 0xFF, 0xFF, 0xFF, 0xFF, 0xFF, 0xFF, 0xFF, 0xFF, 0xFF, 0xFF, 0xFF, 0xFF, 0xFF, 0xFF,
  0xFF, 0xFF, 0xEB, 0xDA, 0x18, 0xC4, 0x00, 0x00, 0x00, 0x00, 0x18, 0xC4, 0xEB, 0xDA, 0xFF, 0xFF,
  0xFF, 0xFF, 0xFF, 0xFF, 0xFF, 0xFF, 0xFF, 0xFF, 0xFF, 0xFF, 0xFF, 0xFF, 0xFF, 0xFF, 0xFF, 0xFF,
  0xFF, 0xFF, 0xEB, 0xDA, 0x18, 0xC4, 0x00, 0x00, 0x00, 0x00, 0x00, 0x00, 0x18, 0xC4, 0xEB, 0xDA,
  0xFF, 0xFF, 0xFF, 0xFF, 0xFF, 0xFF, 0xFF, 0xFF, 0xFF, 0xFF, 0xFF, 0xFF, 0xFF, 0xFF, 0xFF, 0xFF,
  0xEB, 0xDA, 0x18, 0xC4, 0x00, 0x00, 0x00, 0x00, 0x00, 0x00, 0x00, 0x00, 0x18, 0xC4, 0xEB, 0xDA,
  0xEB, 0xDA, 0xFF, 0xFF, 0xFF, 0xFF, 0xFF, 0xFF, 0xFF, 0xFF, 0xFF, 0xFF, 0xFF, 0xFF, 0xEB, 0xDA,
  0xEB, 0xDA, 0x18, 0xC4, 0x00, 0x00, 0x00, 0x00, 0x00, 0x00, 0x00, 0x00, 0x00, 0x00, 0x18, 0xC4,
  0x18, 0xC4, 0xEB, 0xDA, 0xEB, 0xDA, 0xEB, 0xDA, 0xEB, 0xDA, 0xEB, 0xDA, 0xEB, 0xDA, 0x18, 0xC4,
  0x18, 0xC4, 0x00, 0x00, 0x00, 0x00, 0x00, 0x00, 0x00, 0x00, 0x00, 0x00, 0x00, 0x00, 0x00, 0x00,
  0x00, 0x00, 0x18, 0xC4, 0x18, 0xC4, 0x18, 0xC4, 0x18, 0xC4, 0x18, 0xC4, 0x18, 0xC4, 0x00, 0x00,
  0x00, 0x00, 0x00, 0x00, 0x00, 0x00, 0x00, 0x00, 0x00, 0x00, 0x00, 0x00, 0x00, 0x00, 0x00, 0x00,
  0x00, 0x00, 0x00, 0x00, 0x00, 0x00, 0x00, 0x00, 0x00, 0x00, 0x00, 0x00, 0x00, 0x00, 0x00, 0x00,
  0x00, 0x00, 0x00, 0x00, 0x00, 0x00, 0x00, 0x00,
};

static const uint8_t cic_Notes[] = {
  0x43, 0x49, 0x43, 0x31, 0x10, 0x00, 0x10, 0x00, 0x00, 0x00, 0x00, 0x00, 0x00, 0x00, 0x00, 0x00,
  0x00, 0x00, 0x00, 0x00, 0x00, 0x00, 0x00, 0x00, 0x00, 0x00, 0x00, 0x00, 0x00, 0x00, 0x00, 0x00,
  0x00, 0x00, 0x00, 0x00, 0x00, 0x00, 0x00, 0x00, 0x00, 0x00, 0x00, 0x00, 0x18, 0xC4, 0x18, 0xC4,
  0x18, 0xC4, 0x18, 0xC4, 0x18, 0xC4, 0x18, 0xC4, 0x18, 0xC4, 0x18, 0xC4, 0x18, 0xC4, 0x18, 0xC4,
  0x00, 0x00, 0x00, 0x00, 0x00, 0x00, 0x00, 0x00, 0x00, 0x00, 0x00, 0x00, 0x18, 0xC4, 0xFE, 0x6A,
  0xFE, 0x6A, 0xFE, 0x6A, 0xFE, 0x6A, 0xFE, 0x6A, 0xFE, 0x6A, 0xFE, 0x6A, 0xFE, 0x6A, 0x18, 0xC4,
  0x18, 0xC4, 0x00, 0x00, 0x00, 0x00, 0x00, 0x00, 0x00, 0x00, 0x00, 0x00, 0x18, 0xC4, 0xFE, 0x6A,
  0xFE, 0x6A, 0xFE, 0x6A, 0xFE, 0x6A, 0xFE, 0x6A, 0xFE, 0x6A, 0xFE, 0x6A, 0xFE, 0x6A, 0x18, 0xC4,
  0xEC, 0x46, 0x18, 0xC4, 0x00, 0x00, 0x00, 0x00, 0x00, 0x00, 0x00, 0x00, 0x18, 0xC4, 0xFE, 0x6A,
  0x5B, 0x2E, 0x5B, 0x2E, 0x5B, 0x2E, 0x5B, 0x2E, 0x5B, 0x2E, 0x5B, 0x2E, 0xFE, 0x6A, 0x18, 0xC4,
  0x18, 0xC4, 0x18, 0xC4, 0x18, 0xC4, 0x00, 0x00, 0x00, 0x00, 0x00, 0x00, 0x18, 0xC4, 0xFE, 0x6A,
  0xFE, 0x6A, 0xFE, 0x6A, 0xFE, 0x6A, 0xFE, 0x6A, 0xFE, 0x6A, 0xFE, 0x6A, 0xFE, 0x6A, 0xFE, 0x6A,
  0xFE, 0x6A, 0xFE, 0x6A, 0x18, 0xC4, 0x00, 0x00, 0x00, 0x00, 0x00, 0x00, 0x18, 0xC4, 0xFE, 0x6A,
  0x5B, 0x2E, 0x5B, 0x2E, 0x5B, 0x2E, 0x5B, 0x2E, 0x5B, 0x2E, 0x5B, 0x2E, 0x5B, 0x2E, 0x5B, 0x2E,
  0x5B, 0x2E, 0xFE, 0x6A, 0x18, 0xC4, 0x00, 0x00, 0x00, 0x00, 0x00, 0x00, 0x18, 0xC4, 0xFE, 0x6A,
  0xFE, 0x6A, 0xFE, 0x6A, 0xFE, 0x6A, 0xFE, 0x6A, 0xFE, 0x6A, 0xFE, 0x6A, 0xFE, 0x6A, 0xFE, 0x6A,
  0xFE, 0x6A, 0xFE, 0x6A, 0x18, 0xC4, 0x00, 0x00, 0x00, 0x00, 0x00, 0x00, 0x18, 0xC4, 0xFE, 0x6A,
  0x5B, 0x2E, 0x5B, 0x2E, 0x5B, 0x2E, 0x5B, 0x2E, 0x5B, 0x2E, 0x5B, 0x2E, 0x5B, 0x2E, 0x5B, 0x2E,
  0x5B, 0x2E, 0xFE, 0x6A, 0x18, 0xC4, 0x00, 0x00, 0x00, 0x00, 0x00, 0x00, 0x18, 0xC4, 0xFE, 0x6A,
  0xFE, 0x6A, 0xFE, 0x6A, 0xFE, 0x6A, 0xFE, 0x6A, 0xFE, 0x6A, 0xFE, 0x6A, 0xFE, 0x6A, 0xFE, 0x6A,
  0xFE, 0x6A, 0xFE, 0x6A, 0x18, 0xC4, 0x00, 0x00, 0x00, 0x00, 0x00, 0x00, 0x18, 0xC4, 0xFE, 0x6A,
  0x5B, 0x2E, 0x5B, 0x2E, 0x5B, 0x2E, 0x5B, 0x2E, 0x5B, 0x2E, 0x5B, 0x2E, 0xFE, 0x6A, 0xFE, 0x6A,
  0xFE, 0x6A, 0xFE, 0x6A, 0x18, 0xC4, 0x00, 0x00, 0x00, 0x00, 0x00, 0x00, 0x18, 0xC4, 0xFE, 0x6A,
  0xFE, 0x6A, 0xFE, 0x6A, 0xFE, 0x6A, 0xFE, 0x6A, 0xFE, 0x6A, 0xFE, 0x6A, 0xFE, 0x6A, 0xFE, 0x6A,
  0xFE, 0x6A, 0xFE, 0x6A, 0x18, 0xC4, 0x00, 0x00, 0x00, 0x00, 0x00, 0x00, 0x18, 0xC4, 0xFE, 0x6A,
  0xFE, 0x6A, 0xFE, 0x6A, 0xFE, 0x6A, 0xFE, 0x6A, 0xFE, 0x6A, 0xFE, 0x6A, 0xFE, 0x6A, 0xFE, 0x6A,
  0xFE, 0x6A, 0xFE, 0x6A, 0x18, 0xC4, 0x00, 0x00, 0x00, 0x00, 0x00, 0x00, 0x18, 0xC4, 0x18, 0xC4,
  0x18, 0xC4, 0x18, 0xC4, 0x18, 0xC4, 0x18, 0xC4, 0x18, 0xC4, 0x18, 0xC4, 0x18, 0xC4, 0x18, 0xC4,
  0x18, 0xC4, 0x18, 0xC4, 0x18, 0xC4, 0x00, 0x00, 0x00, 0x00, 0x00, 0x00, 0x00, 0x00, 0x00, 0x00,
  0x00, 0x00, 0x00, 0x00, 0x00, 0x00, 0x00, 0x00, 0x00, 0x00, 0x00, 0x00, 0x00, 0x00, 0x00, 0x00,
  0x00, 0x00, 0x00, 0x00, 0x00, 0x00, 0x00, 0x00, 0x00, 0x00, 0x00, 0x00, 0x00, 0x00, 0x00, 0x00,
  0x00, 0x00, 0x00, 0x00, 0x00, 0x00, 0x00, 0x00, 0x00, 0x00, 0x00, 0x00, 0x00, 0x00, 0x00, 0x00,
  0x00, 0x00, 0x00, 0x00, 0x00, 0x00, 0x00, 0x00,
};

static const uint8_t cic_Edit[] = {
  0x43, 0x49, 0x43, 0x31, 0x10, 0x00, 0x10, 0x00, 0x00, 0x00, 0x00, 0x00, 0x00, 0x00, 0x00, 0x00,
  0x00, 0x00, 0x00, 0x00, 0x00, 0x00, 0x00, 0x00, 0x00, 0x00, 0x00, 0x00, 0x00, 0x00, 0x00, 0x00,
  0x00, 0x00, 0x00, 0x00, 0x00, 0x00, 0x00, 0x00, 0x00, 0x00, 0x00, 0x00, 0x18, 0xC4, 0x18, 0xC4,
  0x18, 0xC4, 0x18, 0xC4, 0x18, 0xC4, 0x18, 0xC4, 0x18, 0xC4, 0x18, 0xC4, 0x18, 0xC4, 0x00, 0x00,
  0x00, 0x00, 0x00, 0x00, 0x00, 0x00, 0x00, 0x00, 0x00, 0x00, 0x00, 0x00, 0x18, 0xC4, 0xFF, 0xFF,
  0xFF, 0xFF, 0xFF, 0xFF, 0xFF, 0xFF, 0xFF, 0xFF, 0xFF, 0xFF, 0xFF, 0xFF, 0x18, 0xC4, 0x18, 0xC4,
  0x00, 0x00, 0x00, 0x00, 0x00, 0x00, 0x00, 0x00, 0x00, 0x00, 0x00, 0x00, 0x18, 0xC4, 0xFF, 0xFF,
  0xFF, 0xFF, 0xFF, 0xFF, 0xFF, 0xFF, 0xFF, 0xFF, 0xFF, 0xFF, 0xFF, 0xFF, 0xFF, 0xFF, 0x18, 0xC4,
  0x00, 0x00, 0x00, 0x00, 0x00, 0x00, 0x00, 0x00, 0x00, 0x00, 0x00, 0x00, 0x18, 0xC4, 0xFF, 0xFF,
  0x18, 0xC4, 0x18, 0xC4, 0x18, 0xC4, 0x18, 0xC4, 0xFF, 0xFF, 0xFF, 0xFF, 0xFF, 0xFF, 0x18, 0xC4,
  0x00, 0x00, 0x00, 0x00, 0x18, 0xC4, 0x00, 0x00, 0x00, 0x00, 0x00, 0x00, 0x18, 0xC4, 0xFF, 0xFF,
  0xFF, 0xFF, 0xFF, 0xFF, 0xFF, 0xFF, 0xFF, 0xFF, 0xFF, 0xFF, 0xFF, 0xFF, 0xFF, 0xFF, 0x00, 0x00,
  0x00, 0x00, 0x18, 0xC4, 0xFE, 0x6A, 0x00, 0x00, 0x00, 0x00, 0x00, 0x00, 0x18, 0xC4, 0xFF, 0xFF,
  0x18, 0xC4, 0x18, 0xC4, 0x18, 0xC4, 0x18, 0xC4, 0xFF, 0xFF, 0xFF, 0xFF, 0x00, 0x00, 0x00, 0x00,
  0x18, 0xC4, 0xFE, 0x6A, 0xFE, 0x6A, 0x18, 0xC4, 0x00, 0x00, 0x00, 0x00, 0x18, 0xC4, 0xFF, 0xFF,
  0xFF, 0xFF, 0xFF, 0xFF, 0xFF, 0xFF, 0xFF, 0xFF, 0xFF, 0xFF, 0x00, 0x00, 0x00, 0x00, 0x18, 0xC4,
  0xFE, 0x6A, 0xFE, 0x6A, 0x18, 0xC4, 0x00, 0x00, 0x00, 0x00, 0x00, 0x00, 0x18, 0xC4, 0xFF, 0xFF,
  0x18, 0xC4, 0x18, 0xC4, 0x18, 0xC4, 0x18, 0xC4, 0xFF, 0xFF, 0x00, 0x00, 0x18, 0xC4, 0xFE, 0x6A,
  0xFE, 0x6A, 0x18, 0xC4, 0x00, 0x00, 0x00, 0x00, 0x00, 0x00, 0x00, 0x00, 0x18, 0xC4, 0xFF, 0xFF,
  0xFF, 0xFF, 0xFF, 0xFF, 0xFF, 0xFF, 0xFF, 0xFF, 0xFF, 0xFF, 0x00, 0x00, 0x18, 0xC4, 0xFE, 0x6A,
  0x18, 0xC4, 0x00, 0x00, 0x00, 0x00, 0x00, 0x00, 0x00, 0x00, 0x00, 0x00, 0x18, 0xC4, 0xFF, 0xFF,
  0x18, 0xC4, 0x18, 0xC4, 0x18, 0xC4, 0x18, 0xC4, 0x18, 0xC4, 0x18, 0xC4, 0x18, 0xC4, 0x18, 0xC4,
  0x00, 0x00, 0x00, 0x00, 0x00, 0x00, 0x00, 0x00, 0x00, 0x00, 0x00, 0x00, 0x18, 0xC4, 0xFF, 0xFF,
  0xFF, 0xFF, 0xFF, 0xFF, 0xFF, 0xFF, 0xFF, 0xFF, 0xFF, 0xFF, 0xFF, 0xFF, 0xFF, 0xFF, 0x18, 0xC4,
  0x00, 0x00, 0x00, 0x00, 0x00, 0x00, 0x00, 0x00, 0x00, 0x00, 0x00, 0x00, 0x18, 0xC4, 0xFF, 0xFF,
  0xFF, 0xFF, 0xFF, 0xFF, 0xFF, 0xFF, 0xFF, 0xFF, 0xFF, 0xFF, 0xFF, 0xFF, 0xFF, 0xFF, 0x18, 0xC4,
  0x00, 0x00, 0x00, 0x00, 0x00, 0x00, 0x00, 0x00, 0x00, 0x00, 0x00, 0x00, 0x18, 0xC4, 0x18, 0xC4,
  0x18, 0xC4, 0x18, 0xC4, 0x18, 0xC4, 0x18, 0xC4, 0x18, 0xC4, 0x18, 0xC4, 0x18, 0xC4, 0x18, 0xC4,
  0x00, 0x00, 0x00, 0x00, 0x00, 0x00, 0x00, 0x00, 0x00, 0x00, 0x00, 0x00, 0x00, 0x00, 0x00, 0x00,
  0x00, 0x00, 0x00, 0x00, 0x00, 0x00, 0x00, 0x00, 0x00, 0x00, 0x00, 0x00, 0x00, 0x00, 0x00, 0x00,
  0x00, 0x00, 0x00, 0x00, 0x00, 0x00, 0x00, 0x00, 0x00, 0x00, 0x00, 0x00, 0x00, 0x00, 0x00, 0x00,
  0x00, 0x00, 0x00, 0x00, 0x00, 0x00, 0x00, 0x00, 0x00, 0x00, 0x00, 0x00, 0x00, 0x00, 0x00, 0x00,
  0x00, 0x00, 0x00, 0x00, 0x00, 0x00, 0x00, 0x00,
};

static const uint8_t cic_Claude[] = {
  0x43, 0x49, 0x43, 0x31, 0x10, 0x00, 0x10, 0x00, 0x00, 0x00, 0x00, 0x00, 0x00, 0x00, 0x00, 0x00,
  0x00, 0x00, 0x00, 0x00, 0x00, 0x00, 0x00, 0x00, 0x00, 0x00, 0x00, 0x00, 0x00, 0x00, 0x00, 0x00,
  0x00, 0x00, 0x00, 0x00, 0x00, 0x00, 0x00, 0x00, 0x00, 0x00, 0x00, 0x00, 0x00, 0x00, 0x18, 0xC4,
  0x18, 0xC4, 0x18, 0xC4, 0x18, 0xC4, 0x18, 0xC4, 0x18, 0xC4, 0x18, 0xC4, 0x18, 0xC4, 0x18, 0xC4,
  0x18, 0xC4, 0x00, 0x00, 0x00, 0x00, 0x00, 0x00, 0x00, 0x00, 0x00, 0x00, 0x18, 0xC4, 0xEC, 0x46,
  0xEC, 0x46, 0xEC, 0x46, 0xEC, 0x46, 0xEC, 0x46, 0xEC, 0x46, 0xEC, 0x46, 0xEC, 0x46, 0xEC, 0x46,
  0xEC, 0x46, 0x18, 0xC4, 0x00, 0x00, 0x00, 0x00, 0x00, 0x00, 0x18, 0xC4, 0xEC, 0x46, 0xEC, 0x46,
  0xEC, 0x46, 0xEC, 0x46, 0xEC, 0x46, 0xEC, 0x46, 0xEC, 0x46, 0xEC, 0x46, 0xEC, 0x46, 0xEC, 0x46,
  0xEC, 0x46, 0xEC, 0x46, 0x18, 0xC4, 0x00, 0x00, 0x00, 0x00, 0x18, 0xC4, 0xEC, 0x46, 0xFF, 0xFF,
  0xFF, 0xFF, 0xFF, 0xFF, 0xFF, 0xFF, 0xFF, 0xFF, 0xFF, 0xFF, 0xFF, 0xFF, 0xFF, 0xFF, 0xFF, 0xFF,
  0xFF, 0xFF, 0xEC, 0x46, 0x18, 0xC4, 0x00, 0x00, 0x00, 0x00, 0x18, 0xC4, 0xEC, 0x46, 0xEC, 0x46,
  0xEC, 0x46, 0xEC, 0x46, 0xEC, 0x46, 0xEC, 0x46, 0xEC, 0x46, 0xEC, 0x46, 0xEC, 0x46, 0xEC, 0x46,
  0xEC, 0x46, 0xEC, 0x46, 0x18, 0xC4, 0x00, 0x00, 0x00, 0x00, 0x18, 0xC4, 0xEC, 0x46, 0xFF, 0xFF,
  0xFF, 0xFF, 0xFF, 0xFF, 0xFF, 0xFF, 0xFF, 0xFF, 0xFF, 0xFF, 0xFF, 0xFF, 0xFF, 0xFF, 0xFF, 0xFF,
  0xFF, 0xFF, 0xEC, 0x46, 0x18, 0xC4, 0x00, 0x00, 0x00, 0x00, 0x18, 0xC4, 0xEC, 0x46, 0xEC, 0x46,
  0xEC, 0x46, 0xEC, 0x46, 0xEC, 0x46, 0xEC, 0x46, 0xEC, 0x46, 0xEC, 0x46, 0xEC, 0x46, 0xEC, 0x46,
  0xEC, 0x46, 0xEC, 0x46, 0x18, 0xC4, 0x00, 0x00, 0x00, 0x00, 0x18, 0xC4, 0xEC, 0x46, 0xFF, 0xFF,
  0xFF, 0xFF, 0xFF, 0xFF, 0xFF, 0xFF, 0xFF, 0xFF, 0xFF, 0xFF, 0xFF, 0xFF, 0xEC, 0x46, 0xEC, 0x46,
  0xEC, 0x46, 0xEC, 0x46, 0xEC, 0x46, 0x18, 0xC4, 0x00, 0x00, 0x18, 0xC4, 0xEC, 0x46, 0xEC, 0x46,
  0xEC, 0x46, 0xEC, 0x46, 0xEC, 0x46, 0xEC, 0x46, 0xEC, 0x46, 0xEC, 0x46, 0xEC, 0x46, 0xEC, 0x46,
  0xEC, 0x46, 0xEC, 0x46, 0x18, 0xC4, 0x00, 0x00, 0x00, 0x00, 0x00, 0x00, 0x18, 0xC4, 0xEC, 0x46,
  0xEC, 0x46, 0xEC, 0x46, 0xEC, 0x46, 0xEC, 0x46, 0xEC, 0x46, 0xEC, 0x46, 0xEC, 0x46, 0xEC, 0x46,
  0xEC, 0x46, 0x18, 0xC4, 0x00, 0x00, 0x00, 0x00, 0x00, 0x00, 0x00, 0x00, 0x00, 0x00, 0x18, 0xC4,
  0xEC, 0x46, 0xEC, 0x46, 0xEC, 0x46, 0xEC, 0x46, 0xEC, 0x46, 0xEC, 0x46, 0xEC, 0x46, 0xEC, 0x46,
  0x18, 0xC4, 0x00, 0x00, 0x00, 0x00, 0x00, 0x00, 0x00, 0x00, 0x00, 0x00, 0x00, 0x00, 0x18, 0xC4,
  0xEC, 0x46, 0xEC, 0x46, 0x18, 0xC4, 0x00, 0x00, 0x18, 0xC4, 0x18, 0xC4, 0x18, 0xC4, 0x18, 0xC4,
  0x00, 0x00, 0x00, 0x00, 0x00, 0x00, 0x00, 0x00, 0x00, 0x00, 0x00, 0x00, 0x18, 0xC4, 0xEC, 0x46,
  0xEC, 0x46, 0x18, 0xC4, 0x00, 0x00, 0x00, 0x00, 0x00, 0x00, 0x00, 0x00, 0x00, 0x00, 0x00, 0x00,
  0x00, 0x00, 0x00, 0x00, 0x00, 0x00, 0x00, 0x00, 0x00, 0x00, 0x00, 0x00, 0x18, 0xC4, 0x18, 0xC4,
  0x00, 0x00, 0x00, 0x00, 0x00, 0x00, 0x00, 0x00, 0x00, 0x00, 0x00, 0x00, 0x00, 0x00, 0x00, 0x00,
  0x00, 0x00, 0x00, 0x00, 0x00, 0x00, 0x00, 0x00, 0x00, 0x00, 0x00, 0x00, 0x00, 0x00, 0x00, 0x00,
  0x00, 0x00, 0x00, 0x00, 0x00, 0x00, 0x00, 0x00, 0x00, 0x00, 0x00, 0x00, 0x00, 0x00, 0x00, 0x00,
  0x00, 0x00, 0x00, 0x00, 0x00, 0x00, 0x00, 0x00,
};

static const uint8_t cic_Build[] = {
  0x43, 0x49, 0x43, 0x31, 0x10, 0x00, 0x10, 0x00, 0x00, 0x00, 0x00, 0x00, 0x00, 0x00, 0x00, 0x00,
  0x00, 0x00, 0x00, 0x00, 0x00, 0x00, 0x00, 0x00, 0x00, 0x00, 0x00, 0x00, 0x00, 0x00, 0x00, 0x00,
  0x00, 0x00, 0x00, 0x00, 0x00, 0x00, 0x00, 0x00, 0x00, 0x00, 0x00, 0x00, 0x00, 0x00, 0x18, 0xC4,
  0x18, 0xC4, 0x18, 0xC4, 0x18, 0xC4, 0x18, 0xC4, 0x18, 0xC4, 0x18, 0xC4, 0x18, 0xC4, 0x18, 0xC4,
  0x18, 0xC4, 0x00, 0x00, 0x00, 0x00, 0x00, 0x00, 0x00, 0x00, 0x00, 0x00, 0x18, 0xC4, 0x54, 0xFD,
  0x54, 0xFD, 0x54, 0xFD, 0x54, 0xFD, 0x54, 0xFD, 0x54, 0xFD, 0x54, 0xFD, 0x54, 0xFD, 0x54, 0xFD,
  0x54, 0xFD, 0x18, 0xC4, 0x00, 0x00, 0x00, 0x00, 0x00, 0x00, 0x18, 0xC4, 0x54, 0xFD, 0x54, 0xFD,
  0x54, 0xFD, 0x54, 0xFD, 0x54, 0xFD, 0x54, 0xFD, 0x54, 0xFD, 0x54, 0xFD, 0x54, 0xFD, 0x54, 0xFD,
  0x54, 0xFD, 0x54, 0xFD, 0x18, 0xC4, 0x00, 0x00, 0x00, 0x00, 0x18, 0xC4, 0x54, 0xFD, 0x54, 0xFD,
  0x54, 0xFD, 0xFF, 0xFF, 0xFF, 0xFF, 0xFF, 0xFF, 0xFF, 0xFF, 0xFF, 0xFF, 0x54, 0xFD, 0x54, 0xFD,
  0x54, 0xFD, 0x54, 0xFD, 0x18, 0xC4, 0x00, 0x00, 0x00, 0x00, 0x18, 0xC4, 0x54, 0xFD, 0x54, 0xFD,
  0x54, 0xFD, 0xFF, 0xFF, 0xFF, 0xFF, 0xFF, 0xFF, 0xFF, 0xFF, 0xFF, 0xFF, 0x54, 0xFD, 0x54, 0xFD,
  0x54, 0xFD, 0x54, 0xFD, 0x18, 0xC4, 0x00, 0x00, 0x00, 0x00, 0x18, 0xC4, 0x54, 0xFD, 0x54, 0xFD,
  0x54, 0xFD, 0xFF, 0xFF, 0xFF, 0xFF, 0xFF, 0xFF, 0xFF, 0xFF, 0xFF, 0xFF, 0x54, 0xFD, 0x54, 0xFD,
  0x54, 0xFD, 0x54, 0xFD, 0x18, 0xC4, 0x00, 0x00, 0x00, 0x00, 0x18, 0xC4, 0x54, 0xFD, 0x54, 0xFD,
  0x54, 0xFD, 0x54, 0xFD, 0x54, 0xFD, 0x54, 0xFD, 0xEC, 0x46, 0x54, 0xFD, 0x54, 0xFD, 0x54, 0xFD,
  0x54, 0xFD, 0x54, 0xFD, 0x18, 0xC4, 0x00, 0x00, 0x00, 0x00, 0x18, 0xC4, 0x54, 0xFD, 0x54, 0xFD,
  0x54, 0xFD, 0x54, 0xFD, 0x54, 0xFD, 0x54, 0xFD, 0xEC, 0x46, 0x54, 0xFD, 0x54, 0xFD, 0x54, 0xFD,
  0x54, 0xFD, 0x54, 0xFD, 0x54, 0xFD, 0x18, 0xC4, 0x00, 0x00, 0x18, 0xC4, 0x54, 0xFD, 0x54, 0xFD,
  0x54, 0xFD, 0x54, 0xFD, 0x54, 0xFD, 0x54, 0xFD, 0xEC, 0x46, 0x54, 0xFD, 0x54, 0xFD, 0x54, 0xFD,
  0x54, 0xFD, 0x54, 0xFD, 0x18, 0xC4, 0x00, 0x00, 0x00, 0x00, 0x00, 0x00, 0x18, 0xC4, 0x54, 0xFD,
  0x54, 0xFD, 0x54, 0xFD, 0x54, 0xFD, 0x54, 0xFD, 0xEC, 0x46, 0x54, 0xFD, 0x54, 0xFD, 0x54, 0xFD,
  0x54, 0xFD, 0x18, 0xC4, 0x00, 0x00, 0x00, 0x00, 0x00, 0x00, 0x00, 0x00, 0x00, 0x00, 0x18, 0xC4,
  0x54, 0xFD, 0x54, 0xFD, 0x54, 0xFD, 0x54, 0xFD, 0x54, 0xFD, 0x54, 0xFD, 0x54, 0xFD, 0x54, 0xFD,
  0x18, 0xC4, 0x00, 0x00, 0x00, 0x00, 0x00, 0x00, 0x00, 0x00, 0x00, 0x00, 0x00, 0x00, 0x18, 0xC4,
  0x54, 0xFD, 0x54, 0xFD, 0x18, 0xC4, 0x00, 0x00, 0x18, 0xC4, 0x18, 0xC4, 0x18, 0xC4, 0x18, 0xC4,
  0x00, 0x00, 0x00, 0x00, 0x00, 0x00, 0x00, 0x00, 0x00, 0x00, 0x00, 0x00, 0x18, 0xC4, 0x54, 0xFD,
  0x54, 0xFD, 0x18, 0xC4, 0x00, 0x00, 0x00, 0x00, 0x00, 0x00, 0x00, 0x00, 0x00, 0x00, 0x00, 0x00,
  0x00, 0x00, 0x00, 0x00, 0x00, 0x00, 0x00, 0x00, 0x00, 0x00, 0x00, 0x00, 0x18, 0xC4, 0x18, 0xC4,
  0x00, 0x00, 0x00, 0x00, 0x00, 0x00, 0x00, 0x00, 0x00, 0x00, 0x00, 0x00, 0x00, 0x00, 0x00, 0x00,
  0x00, 0x00, 0x00, 0x00, 0x00, 0x00, 0x00, 0x00, 0x00, 0x00, 0x00, 0x00, 0x00, 0x00, 0x00, 0x00,
  0x00, 0x00, 0x00, 0x00, 0x00, 0x00, 0x00, 0x00, 0x00, 0x00, 0x00, 0x00, 0x00, 0x00, 0x00, 0x00,
  0x00, 0x00, 0x00, 0x00, 0x00, 0x00, 0x00, 0x00,
};

static const uint8_t cic_Forklift[] = {
  0x43, 0x49, 0x43, 0x31, 0x10, 0x00, 0x10, 0x00, 0x00, 0x00, 0x00, 0x00, 0x00, 0x00, 0x00, 0x00,
  0x00, 0x00, 0x00, 0x00, 0x00, 0x00, 0x00, 0x00, 0x00, 0x00, 0x00, 0x00, 0x00, 0x00, 0x00, 0x00,
  0x00, 0x00, 0x00, 0x00, 0x00, 0x00, 0x00, 0x00, 0x00, 0x00, 0x00, 0x00, 0x00, 0x00, 0x00, 0x00,
  0x00, 0x00, 0x00, 0x00, 0x00, 0x00, 0x00, 0x00, 0x00, 0x00, 0x00, 0x00, 0x00, 0x00, 0x00, 0x00,
  0x00, 0x00, 0x00, 0x00, 0x00, 0x00, 0x00, 0x00, 0x00, 0x00, 0x18, 0xC4, 0x00, 0x00, 0x00, 0x00,
  0x00, 0x00, 0x00, 0x00, 0x00, 0x00, 0x00, 0x00, 0x00, 0x00, 0x00, 0x00, 0x00, 0x00, 0x00, 0x00,
  0x00, 0x00, 0x00, 0x00, 0x00, 0x00, 0x00, 0x00, 0x00, 0x00, 0x18, 0xC4, 0x00, 0x00, 0x00, 0x00,
  0x00, 0x00, 0x00, 0x00, 0x00, 0x00, 0x00, 0x00, 0x00, 0x00, 0x00, 0x00, 0x18, 0xC4, 0x18, 0xC4,
  0x18, 0xC4, 0x18, 0xC4, 0x18, 0xC4, 0x00, 0x00, 0x00, 0x00, 0x18, 0xC4, 0x00, 0x00, 0x00, 0x00,
  0x00, 0x00, 0x00, 0x00, 0x00, 0x00, 0x00, 0x00, 0x00, 0x00, 0x00, 0x00, 0x18, 0xC4, 0x54, 0xFD,
  0x54, 0xFD, 0x54, 0xFD, 0x18, 0xC4, 0x00, 0x00, 0x00, 0x00, 0x18, 0xC4, 0x18, 0xC4, 0x18, 0xC4,
  0x18, 0xC4, 0x18, 0xC4, 0x00, 0x00, 0x00, 0x00, 0x00, 0x00, 0x00, 0x00, 0x18, 0xC4, 0x54, 0xFD,
  0x2A, 0xF3, 0x54, 0xFD, 0x18, 0xC4, 0x00, 0x00, 0x00, 0x00, 0x18, 0xC4, 0xFE, 0x6A, 0xFE, 0x6A,
  0xFE, 0x6A, 0x18, 0xC4, 0x00, 0x00, 0x00, 0x00, 0x00, 0x00, 0x00, 0x00, 0x18, 0xC4, 0x54, 0xFD,
  0x54, 0xFD, 0x54, 0xFD, 0x18, 0xC4, 0x00, 0x00, 0x00, 0x00, 0x18, 0xC4, 0xFE, 0x6A, 0xFF, 0xFF,
  0xFE, 0x6A, 0x18, 0xC4, 0x00, 0x00, 0x18, 0xC4, 0x00, 0x00, 0x00, 0x00, 0x18, 0xC4, 0x18, 0xC4,
  0x18, 0xC4, 0x18, 0xC4, 0x18, 0xC4, 0x00, 0x00, 0x00, 0x00, 0x18, 0xC4, 0xFE, 0x6A, 0xFE, 0x6A,
  0xFE, 0x6A, 0x18, 0xC4, 0x18, 0xC4, 0x18, 0xC4, 0x18, 0xC4, 0x18, 0xC4, 0x18, 0xC4, 0x18, 0xC4,
  0x18, 0xC4, 0x18, 0xC4, 0x00, 0x00, 0x00, 0x00, 0x00, 0x00, 0x18, 0xC4, 0xFE, 0x6A, 0xFE, 0x6A,
  0xFE, 0x6A, 0xFE, 0x6A, 0xFE, 0x6A, 0xFE, 0x6A, 0x18, 0xC4, 0x00, 0x00, 0x18, 0xC4, 0x00, 0x00,
  0x00, 0x00, 0x00, 0x00, 0x00, 0x00, 0x00, 0x00, 0x00, 0x00, 0x18, 0xC4, 0xFE, 0x6A, 0xFE, 0x6A,
  0xFE, 0x6A, 0xFE, 0x6A, 0xFE, 0x6A, 0xFE, 0x6A, 0x18, 0xC4, 0x00, 0x00, 0x18, 0xC4, 0x00, 0x00,
  0x00, 0x00, 0x00, 0x00, 0x00, 0x00, 0x00, 0x00, 0x00, 0x00, 0x18, 0xC4, 0xFE, 0x6A, 0xFE, 0x6A,
  0xFE, 0x6A, 0xFE, 0x6A, 0xFE, 0x6A, 0xFE, 0x6A, 0x18, 0xC4, 0x18, 0xC4, 0x18, 0xC4, 0x18, 0xC4,
  0x18, 0xC4, 0x00, 0x00, 0x00, 0x00, 0x00, 0x00, 0x00, 0x00, 0x18, 0xC4, 0x18, 0xC4, 0x18, 0xC4,
  0x18, 0xC4, 0x18, 0xC4, 0x18, 0xC4, 0x18, 0xC4, 0x18, 0xC4, 0x00, 0x00, 0x00, 0x00, 0x00, 0x00,
  0x00, 0x00, 0x00, 0x00, 0x00, 0x00, 0x00, 0x00, 0x00, 0x00, 0x00, 0x00, 0x18, 0xC4, 0x5B, 0x2E,
  0x18, 0xC4, 0x00, 0x00, 0x00, 0x00, 0x18, 0xC4, 0x5B, 0x2E, 0x18, 0xC4, 0x00, 0x00, 0x00, 0x00,
  0x00, 0x00, 0x00, 0x00, 0x00, 0x00, 0x00, 0x00, 0x00, 0x00, 0x00, 0x00, 0x18, 0xC4, 0x18, 0xC4,
  0x18, 0xC4, 0x00, 0x00, 0x00, 0x00, 0x18, 0xC4, 0x18, 0xC4, 0x18, 0xC4, 0x00, 0x00, 0x00, 0x00,
  0x00, 0x00, 0x00, 0x00, 0x00, 0x00, 0x00, 0x00, 0x00, 0x00, 0x00, 0x00, 0x00, 0x00, 0x00, 0x00,
  0x00, 0x00, 0x00, 0x00, 0x00, 0x00, 0x00, 0x00, 0x00, 0x00, 0x00, 0x00, 0x00, 0x00, 0x00, 0x00,
  0x00, 0x00, 0x00, 0x00, 0x00, 0x00, 0x00, 0x00,
};

static const uint8_t cic_Noodle[] = {
  0x43, 0x49, 0x43, 0x31, 0x10, 0x00, 0x10, 0x00, 0x00, 0x00, 0x00, 0x00, 0x00, 0x00, 0x00, 0x00,
  0x00, 0x00, 0x00, 0x00, 0x18, 0xC4, 0xFE, 0x6A, 0xFE, 0x6A, 0x18, 0xC4, 0x00, 0x00, 0x00, 0x00,
  0x00, 0x00, 0x00, 0x00, 0x00, 0x00, 0x00, 0x00, 0x00, 0x00, 0x00, 0x00, 0x00, 0x00, 0x00, 0x00,
  0x00, 0x00, 0x18, 0xC4, 0xE2, 0xA9, 0xE2, 0xA9, 0xE2, 0xA9, 0xE2, 0xA9, 0x18, 0xC4, 0x00, 0x00,
  0x00, 0x00, 0x00, 0x00, 0x00, 0x00, 0x00, 0x00, 0x00, 0x00, 0x00, 0x00, 0x00, 0x00, 0x00, 0x00,
  0x00, 0x00, 0x18, 0xC4, 0xFF, 0xFF, 0x18, 0xC4, 0xFF, 0xFF, 0x18, 0xC4, 0x18, 0xC4, 0x00, 0x00,
  0x00, 0x00, 0x00, 0x00, 0x00, 0x00, 0x00, 0x00, 0x00, 0x00, 0x00, 0x00, 0x18, 0xC4, 0x00, 0x00,
  0x00, 0x00, 0x18, 0xC4, 0xE2, 0xA9, 0xE2, 0xA9, 0xE2, 0xA9, 0xE2, 0xA9, 0x18, 0xC4, 0x00, 0x00,
  0x00, 0x00, 0x00, 0x00, 0x00, 0x00, 0x00, 0x00, 0x00, 0x00, 0x18, 0xC4, 0xE2, 0xA9, 0x18, 0xC4,
  0x00, 0x00, 0x00, 0x00, 0x18, 0xC4, 0xA9, 0xA6, 0xA9, 0xA6, 0x18, 0xC4, 0x00, 0x00, 0x00, 0x00,
  0x18, 0xC4, 0x18, 0xC4, 0x00, 0x00, 0x00, 0x00, 0x00, 0x00, 0x00, 0x00, 0x18, 0xC4, 0xE2, 0xA9,
  0x18, 0xC4, 0x00, 0x00, 0x18, 0xC4, 0xE2, 0xA9, 0xE2, 0xA9, 0x18, 0xC4, 0x00, 0x00, 0x18, 0xC4,
  0xE2, 0xA9, 0xE2, 0xA9, 0x18, 0xC4, 0x00, 0x00, 0x00, 0x00, 0x00, 0x00, 0x00, 0x00, 0x18, 0xC4,
  0xE2, 0xA9, 0x18, 0xC4, 0xE2, 0xA9, 0xE2, 0xA9, 0xE2, 0xA9, 0xE2, 0xA9, 0x18, 0xC4, 0xE2, 0xA9,
  0x18, 0xC4, 0x00, 0x00, 0x00, 0x00, 0x00, 0x00, 0x00, 0x00, 0x00, 0x00, 0x00, 0x00, 0x00, 0x00,
  0x18, 0xC4, 0xE2, 0xA9, 0xE2, 0xA9, 0xE2, 0xA9, 0xE2, 0xA9, 0xE2, 0xA9, 0xE2, 0xA9, 0x18, 0xC4,
  0x00, 0x00, 0x00, 0x00, 0x00, 0x00, 0x00, 0x00, 0x00, 0x00, 0x00, 0x00, 0x00, 0x00, 0x00, 0x00,
  0x00, 0x00, 0x18, 0xC4, 0xE2, 0xA9, 0xE2, 0xA9, 0xE2, 0xA9, 0x18, 0xC4, 0x00, 0x00, 0x00, 0x00,
  0x00, 0x00, 0x00, 0x00, 0x00, 0x00, 0x00, 0x00, 0x00, 0x00, 0x00, 0x00, 0x00, 0x00, 0x00, 0x00,
  0x00, 0x00, 0x00, 0x00, 0x18, 0xC4, 0xE2, 0xA9, 0xE2, 0xA9, 0xE2, 0xA9, 0x18, 0xC4, 0x00, 0x00,
  0x00, 0x00, 0x00, 0x00, 0x00, 0x00, 0x00, 0x00, 0x00, 0x00, 0x00, 0x00, 0x00, 0x00, 0x00, 0x00,
  0x00, 0x00, 0x00, 0x00, 0x18, 0xC4, 0xE2, 0xA9, 0xE2, 0xA9, 0x18, 0xC4, 0x00, 0x00, 0x00, 0x00,
  0x00, 0x00, 0x00, 0x00, 0x00, 0x00, 0x00, 0x00, 0x00, 0x00, 0x00, 0x00, 0x00, 0x00, 0x00, 0x00,
  0x00, 0x00, 0x18, 0xC4, 0xE2, 0xA9, 0xE2, 0xA9, 0x18, 0xC4, 0x00, 0x00, 0x00, 0x00, 0x00, 0x00,
  0x00, 0x00, 0x00, 0x00, 0x00, 0x00, 0x00, 0x00, 0x00, 0x00, 0x00, 0x00, 0x00, 0x00, 0x00, 0x00,
  0x00, 0x00, 0x18, 0xC4, 0xE2, 0xA9, 0xE2, 0xA9, 0xE2, 0xA9, 0x18, 0xC4, 0x00, 0x00, 0x00, 0x00,
  0x00, 0x00, 0x00, 0x00, 0x00, 0x00, 0x00, 0x00, 0x00, 0x00, 0x00, 0x00, 0x00, 0x00, 0x18, 0xC4,
  0x18, 0xC4, 0x18, 0xC4, 0x18, 0xC4, 0x18, 0xC4, 0x18, 0xC4, 0x18, 0xC4, 0x18, 0xC4, 0x18, 0xC4,
  0x18, 0xC4, 0x00, 0x00, 0x00, 0x00, 0x00, 0x00, 0x00, 0x00, 0x00, 0x00, 0x00, 0x00, 0x18, 0xC4,
  0x5B, 0x2E, 0x94, 0xF5, 0x5B, 0x2E, 0x94, 0xF5, 0x5B, 0x2E, 0x94, 0xF5, 0x5B, 0x2E, 0x94, 0xF5,
  0x18, 0xC4, 0x00, 0x00, 0x00, 0x00, 0x00, 0x00, 0x00, 0x00, 0x00, 0x00, 0x00, 0x00, 0x18, 0xC4,
  0x18, 0xC4, 0x18, 0xC4, 0x18, 0xC4, 0x18, 0xC4, 0x18, 0xC4, 0x18, 0xC4, 0x18, 0xC4, 0x18, 0xC4,
  0x18, 0xC4, 0x00, 0x00, 0x00, 0x00, 0x00, 0x00,
};

static const uint8_t cic_Pinball[] = {
  0x43, 0x49, 0x43, 0x31, 0x10, 0x00, 0x10, 0x00, 0x00, 0x00, 0x00, 0x00, 0x00, 0x00, 0x00, 0x00,
  0x00, 0x00, 0x00, 0x00, 0x00, 0x00, 0x00, 0x00, 0x00, 0x00, 0x00, 0x00, 0x00, 0x00, 0x00, 0x00,
  0x00, 0x00, 0x00, 0x00, 0x00, 0x00, 0x00, 0x00, 0x00, 0x00, 0x00, 0x00, 0x18, 0xC4, 0x18, 0xC4,
  0x18, 0xC4, 0x18, 0xC4, 0x18, 0xC4, 0x18, 0xC4, 0x18, 0xC4, 0x18, 0xC4, 0x18, 0xC4, 0x18, 0xC4,
  0x18, 0xC4, 0x18, 0xC4, 0x00, 0x00, 0x00, 0x00, 0x00, 0x00, 0x00, 0x00, 0x18, 0xC4, 0x2A, 0xF3,
  0x2A, 0xF3, 0x2A, 0xF3, 0x2A, 0xF3, 0x2A, 0xF3, 0x2A, 0xF3, 0x2A, 0xF3, 0x2A, 0xF3, 0x2A, 0xF3,
  0x2A, 0xF3, 0x18, 0xC4, 0x00, 0x00, 0x00, 0x00, 0x00, 0x00, 0x00, 0x00, 0x18, 0xC4, 0x2A, 0xF3,
  0x2A, 0xF3, 0x54, 0xFD, 0x2A, 0xF3, 0xFF, 0xFF, 0xFF, 0xFF, 0x2A, 0xF3, 0x54, 0xFD, 0x2A, 0xF3,
  0x2A, 0xF3, 0x18, 0xC4, 0x00, 0x00, 0x00, 0x00, 0x00, 0x00, 0x00, 0x00, 0x18, 0xC4, 0x2A, 0xF3,
  0x2A, 0xF3, 0x2A, 0xF3, 0xFF, 0xFF, 0xFF, 0xFF, 0xFF, 0xFF, 0xFF, 0xFF, 0x2A, 0xF3, 0x2A, 0xF3,
  0x2A, 0xF3, 0x18, 0xC4, 0x00, 0x00, 0x00, 0x00, 0x00, 0x00, 0x00, 0x00, 0x18, 0xC4, 0x2A, 0xF3,
  0x54, 0xFD, 0x2A, 0xF3, 0xFF, 0xFF, 0xFF, 0xFF, 0xFF, 0xFF, 0xFF, 0xFF, 0x2A, 0xF3, 0x54, 0xFD,
  0x2A, 0xF3, 0x18, 0xC4, 0x00, 0x00, 0x00, 0x00, 0x00, 0x00, 0x00, 0x00, 0x18, 0xC4, 0x2A, 0xF3,
  0x2A, 0xF3, 0x2A, 0xF3, 0x2A, 0xF3, 0xFF, 0xFF, 0xFF, 0xFF, 0x2A, 0xF3, 0x2A, 0xF3, 0x2A, 0xF3,
  0x2A, 0xF3, 0x18, 0xC4, 0x00, 0x00, 0x00, 0x00, 0x00, 0x00, 0x00, 0x00, 0x18, 0xC4, 0x2A, 0xF3,
  0x2A, 0xF3, 0x2A, 0xF3, 0x2A, 0xF3, 0x2A, 0xF3, 0x2A, 0xF3, 0x2A, 0xF3, 0x2A, 0xF3, 0x2A, 0xF3,
  0x2A, 0xF3, 0x18, 0xC4, 0x00, 0x00, 0x00, 0x00, 0x00, 0x00, 0x00, 0x00, 0x18, 0xC4, 0x2A, 0xF3,
  0x2A, 0xF3, 0x2A, 0xF3, 0x2A, 0xF3, 0x2A, 0xF3, 0x2A, 0xF3, 0x2A, 0xF3, 0x2A, 0xF3, 0x2A, 0xF3,
  0x2A, 0xF3, 0x18, 0xC4, 0x00, 0x00, 0x00, 0x00, 0x00, 0x00, 0x00, 0x00, 0x18, 0xC4, 0x94, 0xF5,
  0x2A, 0xF3, 0x2A, 0xF3, 0x2A, 0xF3, 0x2A, 0xF3, 0x2A, 0xF3, 0x2A, 0xF3, 0x2A, 0xF3, 0x2A, 0xF3,
  0x94, 0xF5, 0x18, 0xC4, 0x00, 0x00, 0x00, 0x00, 0x00, 0x00, 0x00, 0x00, 0x18, 0xC4, 0x2A, 0xF3,
  0x94, 0xF5, 0x94, 0xF5, 0x2A, 0xF3, 0x2A, 0xF3, 0x2A, 0xF3, 0x2A, 0xF3, 0x94, 0xF5, 0x94, 0xF5,
  0x2A, 0xF3, 0x18, 0xC4, 0x00, 0x00, 0x00, 0x00, 0x00, 0x00, 0x00, 0x00, 0x18, 0xC4, 0x2A, 0xF3,
  0x2A, 0xF3, 0x94, 0xF5, 0x94, 0xF5, 0x2A, 0xF3, 0x2A, 0xF3, 0x94, 0xF5, 0x94, 0xF5, 0x2A, 0xF3,
  0x2A, 0xF3, 0x18, 0xC4, 0x00, 0x00, 0x00, 0x00, 0x00, 0x00, 0x00, 0x00, 0x18, 0xC4, 0x2A, 0xF3,
  0x2A, 0xF3, 0x2A, 0xF3, 0x94, 0xF5, 0x94, 0xF5, 0x94, 0xF5, 0x94, 0xF5, 0x2A, 0xF3, 0x2A, 0xF3,
  0x2A, 0xF3, 0x18, 0xC4, 0x00, 0x00, 0x00, 0x00, 0x00, 0x00, 0x00, 0x00, 0x18, 0xC4, 0x2A, 0xF3,
  0x2A, 0xF3, 0x2A, 0xF3, 0x2A, 0xF3, 0x2A, 0xF3, 0x2A, 0xF3, 0x2A, 0xF3, 0x2A, 0xF3, 0x2A, 0xF3,
  0x2A, 0xF3, 0x18, 0xC4, 0x00, 0x00, 0x00, 0x00, 0x00, 0x00, 0x00, 0x00, 0x18, 0xC4, 0x18, 0xC4,
  0x18, 0xC4, 0x18, 0xC4, 0x18, 0xC4, 0x18, 0xC4, 0x18, 0xC4, 0x18, 0xC4, 0x18, 0xC4, 0x18, 0xC4,
  0x18, 0xC4, 0x18, 0xC4, 0x00, 0x00, 0x00, 0x00, 0x00, 0x00, 0x00, 0x00, 0x00, 0x00, 0x00, 0x00,
  0x00, 0x00, 0x00, 0x00, 0x00, 0x00, 0x00, 0x00, 0x00, 0x00, 0x00, 0x00, 0x00, 0x00, 0x00, 0x00,
  0x00, 0x00, 0x00, 0x00, 0x00, 0x00, 0x00, 0x00,
};

static const uint8_t cic_Web[] = {
  0x43, 0x49, 0x43, 0x31, 0x10, 0x00, 0x10, 0x00, 0x00, 0x00, 0x00, 0x00, 0x00, 0x00, 0x00, 0x00,
  0x00, 0x00, 0x00, 0x00, 0x00, 0x00, 0x00, 0x00, 0x00, 0x00, 0x00, 0x00, 0x00, 0x00, 0x00, 0x00,
  0x00, 0x00, 0x00, 0x00, 0x00, 0x00, 0x00, 0x00, 0x00, 0x00, 0x00, 0x00, 0x00, 0x00, 0x00, 0x00,
  0x00, 0x00, 0x18, 0xC4, 0x18, 0xC4, 0x18, 0xC4, 0x18, 0xC4, 0x18, 0xC4, 0x18, 0xC4, 0x00, 0x00,
  0x00, 0x00, 0x00, 0x00, 0x00, 0x00, 0x00, 0x00, 0x00, 0x00, 0x00, 0x00, 0x00, 0x00, 0x18, 0xC4,
  0x18, 0xC4, 0xFF, 0xFF, 0x54, 0xFD, 0xFF, 0xFF, 0xFF, 0xFF, 0x54, 0xFD, 0xFF, 0xFF, 0x18, 0xC4,
  0x18, 0xC4, 0x00, 0x00, 0x00, 0x00, 0x00, 0x00, 0x00, 0x00, 0x00, 0x00, 0x18, 0xC4, 0x18, 0xC4,
  0x54, 0xFD, 0xFF, 0xFF, 0x54, 0xFD, 0xFF, 0xFF, 0xFF, 0xFF, 0x54, 0xFD, 0xFF, 0xFF, 0x54, 0xFD,
  0x18, 0xC4, 0x18, 0xC4, 0x00, 0x00, 0x00, 0x00, 0x00, 0x00, 0x00, 0x00, 0x18, 0xC4, 0x54, 0xFD,
  0xFF, 0xFF, 0x54, 0xFD, 0x54, 0xFD, 0xFF, 0xFF, 0xFF, 0xFF, 0x54, 0xFD, 0x54, 0xFD, 0xFF, 0xFF,
  0x54, 0xFD, 0x18, 0xC4, 0x00, 0x00, 0x00, 0x00, 0x00, 0x00, 0x18, 0xC4, 0x54, 0xFD, 0x54, 0xFD,
  0xFF, 0xFF, 0x54, 0xFD, 0x54, 0xFD, 0xFF, 0xFF, 0xFF, 0xFF, 0x54, 0xFD, 0x54, 0xFD, 0xFF, 0xFF,
  0x54, 0xFD, 0x54, 0xFD, 0x18, 0xC4, 0x00, 0x00, 0x00, 0x00, 0x18, 0xC4, 0x54, 0xFD, 0x54, 0xFD,
  0xFF, 0xFF, 0x54, 0xFD, 0x54, 0xFD, 0xFF, 0xFF, 0xFF, 0xFF, 0x54, 0xFD, 0x54, 0xFD, 0xFF, 0xFF,
  0x54, 0xFD, 0x54, 0xFD, 0x18, 0xC4, 0x00, 0x00, 0x00, 0x00, 0x18, 0xC4, 0xFF, 0xFF, 0xFF, 0xFF,
  0xFF, 0xFF, 0xFF, 0xFF, 0xFF, 0xFF, 0xFF, 0xFF, 0xFF, 0xFF, 0xFF, 0xFF, 0xFF, 0xFF, 0xFF, 0xFF,
  0xFF, 0xFF, 0xFF, 0xFF, 0x18, 0xC4, 0x00, 0x00, 0x00, 0x00, 0x18, 0xC4, 0x54, 0xFD, 0x54, 0xFD,
  0xFF, 0xFF, 0x54, 0xFD, 0x54, 0xFD, 0xFF, 0xFF, 0xFF, 0xFF, 0x54, 0xFD, 0x54, 0xFD, 0xFF, 0xFF,
  0x54, 0xFD, 0x54, 0xFD, 0x18, 0xC4, 0x00, 0x00, 0x00, 0x00, 0x18, 0xC4, 0x54, 0xFD, 0x54, 0xFD,
  0xFF, 0xFF, 0x54, 0xFD, 0x54, 0xFD, 0xFF, 0xFF, 0xFF, 0xFF, 0x54, 0xFD, 0x54, 0xFD, 0xFF, 0xFF,
  0x54, 0xFD, 0x54, 0xFD, 0x18, 0xC4, 0x00, 0x00, 0x00, 0x00, 0x18, 0xC4, 0x54, 0xFD, 0x54, 0xFD,
  0xFF, 0xFF, 0x54, 0xFD, 0x54, 0xFD, 0xFF, 0xFF, 0xFF, 0xFF, 0x54, 0xFD, 0x54, 0xFD, 0xFF, 0xFF,
  0x54, 0xFD, 0x54, 0xFD, 0x18, 0xC4, 0x00, 0x00, 0x00, 0x00, 0x00, 0x00, 0x18, 0xC4, 0x54, 0xFD,
  0xFF, 0xFF, 0x54, 0xFD, 0x54, 0xFD, 0xFF, 0xFF, 0xFF, 0xFF, 0x54, 0xFD, 0x54, 0xFD, 0xFF, 0xFF,
  0x54, 0xFD, 0x18, 0xC4, 0x00, 0x00, 0x00, 0x00, 0x00, 0x00, 0x00, 0x00, 0x18, 0xC4, 0x18, 0xC4,
  0x54, 0xFD, 0xFF, 0xFF, 0x54, 0xFD, 0xFF, 0xFF, 0xFF, 0xFF, 0x54, 0xFD, 0xFF, 0xFF, 0x54, 0xFD,
  0x18, 0xC4, 0x18, 0xC4, 0x00, 0x00, 0x00, 0x00, 0x00, 0x00, 0x00, 0x00, 0x00, 0x00, 0x18, 0xC4,
  0x18, 0xC4, 0xFF, 0xFF, 0x54, 0xFD, 0xFF, 0xFF, 0xFF, 0xFF, 0x54, 0xFD, 0xFF, 0xFF, 0x18, 0xC4,
  0x18, 0xC4, 0x00, 0x00, 0x00, 0x00, 0x00, 0x00, 0x00, 0x00, 0x00, 0x00, 0x00, 0x00, 0x00, 0x00,
  0x00, 0x00, 0x18, 0xC4, 0x18, 0xC4, 0x18, 0xC4, 0x18, 0xC4, 0x18, 0xC4, 0x18, 0xC4, 0x00, 0x00,
  0x00, 0x00, 0x00, 0x00, 0x00, 0x00, 0x00, 0x00, 0x00, 0x00, 0x00, 0x00, 0x00, 0x00, 0x00, 0x00,
  0x00, 0x00, 0x00, 0x00, 0x00, 0x00, 0x00, 0x00, 0x00, 0x00, 0x00, 0x00, 0x00, 0x00, 0x00, 0x00,
  0x00, 0x00, 0x00, 0x00, 0x00, 0x00, 0x00, 0x00,
};

static const uint8_t cic_Todo[] = {
  0x43, 0x49, 0x43, 0x31, 0x10, 0x00, 0x10, 0x00, 0x00, 0x00, 0x00, 0x00, 0x00, 0x00, 0x00, 0x00,
  0x00, 0x00, 0x00, 0x00, 0x00, 0x00, 0x00, 0x00, 0x00, 0x00, 0x00, 0x00, 0x00, 0x00, 0x00, 0x00,
  0x00, 0x00, 0x00, 0x00, 0x00, 0x00, 0x00, 0x00, 0x00, 0x00, 0x00, 0x00, 0x00, 0x00, 0x00, 0x00,
  0x00, 0x00, 0x00, 0x00, 0x18, 0xC4, 0x18, 0xC4, 0x18, 0xC4, 0x18, 0xC4, 0x00, 0x00, 0x00, 0x00,
  0x00, 0x00, 0x00, 0x00, 0x00, 0x00, 0x00, 0x00, 0x00, 0x00, 0x00, 0x00, 0x00, 0x00, 0x00, 0x00,
  0x18, 0xC4, 0x18, 0xC4, 0xFE, 0x6A, 0xFE, 0x6A, 0xFE, 0x6A, 0xFE, 0x6A, 0x18, 0xC4, 0x18, 0xC4,
  0x00, 0x00, 0x00, 0x00, 0x00, 0x00, 0x00, 0x00, 0x00, 0x00, 0x00, 0x00, 0x18, 0xC4, 0x18, 0xC4,
  0x18, 0xC4, 0x18, 0xC4, 0x18, 0xC4, 0x18, 0xC4, 0x18, 0xC4, 0x18, 0xC4, 0x18, 0xC4, 0x18, 0xC4,
  0x18, 0xC4, 0x18, 0xC4, 0x00, 0x00, 0x00, 0x00, 0x00, 0x00, 0x00, 0x00, 0x18, 0xC4, 0xFF, 0xFF,
  0xFF, 0xFF, 0xFF, 0xFF, 0xFF, 0xFF, 0xFF, 0xFF, 0xFF, 0xFF, 0xFF, 0xFF, 0xFF, 0xFF, 0xFF, 0xFF,
  0xFF, 0xFF, 0x18, 0xC4, 0x00, 0x00, 0x00, 0x00, 0x00, 0x00, 0x00, 0x00, 0x18, 0xC4, 0xFF, 0xFF,
  0x18, 0xC4, 0x18, 0xC4, 0xFF, 0xFF, 0xFF, 0xFF, 0xFF, 0xFF, 0xFF, 0xFF, 0xFF, 0xFF, 0xFF, 0xFF,
  0xFF, 0xFF, 0x18, 0xC4, 0x00, 0x00, 0x00, 0x00, 0x00, 0x00, 0x00, 0x00, 0x18, 0xC4, 0xFF, 0xFF,
  0x18, 0xC4, 0x6E, 0x30, 0x18, 0xC4, 0xFF, 0xFF, 0xFF, 0xFF, 0xFF, 0xFF, 0xFF, 0xFF, 0xFF, 0xFF,
  0xFF, 0xFF, 0x18, 0xC4, 0x00, 0x00, 0x00, 0x00, 0x00, 0x00, 0x00, 0x00, 0x18, 0xC4, 0xFF, 0xFF,
  0x6E, 0x30, 0x18, 0xC4, 0x6E, 0x30, 0xFF, 0xFF, 0xFF, 0xFF, 0xFF, 0xFF, 0xFF, 0xFF, 0xFF, 0xFF,
  0xFF, 0xFF, 0x18, 0xC4, 0x00, 0x00, 0x00, 0x00, 0x00, 0x00, 0x00, 0x00, 0x18, 0xC4, 0xFF, 0xFF,
  0x6E, 0x30, 0x6E, 0x30, 0x18, 0xC4, 0xFF, 0xFF, 0xFF, 0xFF, 0xFF, 0xFF, 0xFF, 0xFF, 0xFF, 0xFF,
  0xFF, 0xFF, 0x18, 0xC4, 0x00, 0x00, 0x00, 0x00, 0x00, 0x00, 0x00, 0x00, 0x18, 0xC4, 0xFF, 0xFF,
  0xFF, 0xFF, 0xFF, 0xFF, 0xFF, 0xFF, 0xFF, 0xFF, 0xFF, 0xFF, 0xFF, 0xFF, 0xFF, 0xFF, 0xFF, 0xFF,
  0xFF, 0xFF, 0x18, 0xC4, 0x00, 0x00, 0x00, 0x00, 0x00, 0x00, 0x00, 0x00, 0x18, 0xC4, 0xFF, 0xFF,
  0x18, 0xC4, 0x18, 0xC4, 0x18, 0xC4, 0x18, 0xC4, 0xFF, 0xFF, 0xFF, 0xFF, 0xFF, 0xFF, 0xFF, 0xFF,
  0xFF, 0xFF, 0x18, 0xC4, 0x00, 0x00, 0x00, 0x00, 0x00, 0x00, 0x00, 0x00, 0x18, 0xC4, 0xFF, 0xFF,
  0xFF, 0xFF, 0xFF, 0xFF, 0xFF, 0xFF, 0xFF, 0xFF, 0xFF, 0xFF, 0xFF, 0xFF, 0xFF, 0xFF, 0xFF, 0xFF,
  0xFF, 0xFF, 0x18, 0xC4, 0x00, 0x00, 0x00, 0x00, 0x00, 0x00, 0x00, 0x00, 0x18, 0xC4, 0xFF, 0xFF,
  0x18, 0xC4, 0x18, 0xC4, 0x18, 0xC4, 0x18, 0xC4, 0x18, 0xC4, 0x18, 0xC4, 0xFF, 0xFF, 0xFF, 0xFF,
  0xFF, 0xFF, 0x18, 0xC4, 0x00, 0x00, 0x00, 0x00, 0x00, 0x00, 0x00, 0x00, 0x18, 0xC4, 0xFF, 0xFF,
  0xFF, 0xFF, 0xFF, 0xFF, 0xFF, 0xFF, 0xFF, 0xFF, 0xFF, 0xFF, 0xFF, 0xFF, 0xFF, 0xFF, 0xFF, 0xFF,
  0xFF, 0xFF, 0x18, 0xC4, 0x00, 0x00, 0x00, 0x00, 0x00, 0x00, 0x00, 0x00, 0x18, 0xC4, 0x18, 0xC4,
  0x18, 0xC4, 0x18, 0xC4, 0x18, 0xC4, 0x18, 0xC4, 0x18, 0xC4, 0x18, 0xC4, 0x18, 0xC4, 0x18, 0xC4,
  0x18, 0xC4, 0x18, 0xC4, 0x00, 0x00, 0x00, 0x00, 0x00, 0x00, 0x00, 0x00, 0x00, 0x00, 0x00, 0x00,
  0x00, 0x00, 0x00, 0x00, 0x00, 0x00, 0x00, 0x00, 0x00, 0x00, 0x00, 0x00, 0x00, 0x00, 0x00, 0x00,
  0x00, 0x00, 0x00, 0x00, 0x00, 0x00, 0x00, 0x00,
};

static const uint8_t cic_Timer[] = {
  0x43, 0x49, 0x43, 0x31, 0x10, 0x00, 0x10, 0x00, 0x00, 0x00, 0x00, 0x00, 0x00, 0x00, 0x00, 0x00,
  0x00, 0x00, 0x00, 0x00, 0x18, 0xC4, 0x18, 0xC4, 0x18, 0xC4, 0x18, 0xC4, 0x00, 0x00, 0x00, 0x00,
  0x00, 0x00, 0x00, 0x00, 0x00, 0x00, 0x00, 0x00, 0x00, 0x00, 0x00, 0x00, 0x00, 0x00, 0x00, 0x00,
  0x00, 0x00, 0x00, 0x00, 0x18, 0xC4, 0xE2, 0xA9, 0xE2, 0xA9, 0x18, 0xC4, 0x00, 0x00, 0x00, 0x00,
  0x00, 0x00, 0x00, 0x00, 0x00, 0x00, 0x00, 0x00, 0x00, 0x00, 0x00, 0x00, 0x00, 0x00, 0x00, 0x00,
  0x00, 0x00, 0x00, 0x00, 0x00, 0x00, 0x18, 0xC4, 0x18, 0xC4, 0x00, 0x00, 0x00, 0x00, 0x00, 0x00,
  0x00, 0x00, 0x00, 0x00, 0x00, 0x00, 0x00, 0x00, 0x00, 0x00, 0x00, 0x00, 0x00, 0x00, 0x00, 0x00,
  0x00, 0x00, 0x18, 0xC4, 0x18, 0xC4, 0x18, 0xC4, 0x18, 0xC4, 0x18, 0xC4, 0x18, 0xC4, 0x00, 0x00,
  0x00, 0x00, 0x00, 0x00, 0x00, 0x00, 0x00, 0x00, 0x00, 0x00, 0x00, 0x00, 0x00, 0x00, 0x18, 0xC4,
  0x18, 0xC4, 0xFF, 0xFF, 0xFF, 0xFF, 0xFF, 0xFF, 0xFF, 0xFF, 0xFF, 0xFF, 0xFF, 0xFF, 0x18, 0xC4,
  0x18, 0xC4, 0x00, 0x00, 0x00, 0x00, 0x00, 0x00, 0x00, 0x00, 0x00, 0x00, 0x18, 0xC4, 0xFF, 0xFF,
  0xFF, 0xFF, 0xFF, 0xFF, 0xFF, 0xFF, 0x18, 0xC4, 0xFF, 0xFF, 0xFF, 0xFF, 0xFF, 0xFF, 0xFF, 0xFF,
  0xFF, 0xFF, 0x18, 0xC4, 0x00, 0x00, 0x00, 0x00, 0x00, 0x00, 0x00, 0x00, 0x18, 0xC4, 0xFF, 0xFF,
  0xFF, 0xFF, 0xFF, 0xFF, 0xFF, 0xFF, 0x18, 0xC4, 0xFF, 0xFF, 0xFF, 0xFF, 0xFF, 0xFF, 0xFF, 0xFF,
  0xFF, 0xFF, 0x18, 0xC4, 0x00, 0x00, 0x00, 0x00, 0x00, 0x00, 0x18, 0xC4, 0xFF, 0xFF, 0xFF, 0xFF,
  0xFF, 0xFF, 0xFF, 0xFF, 0xFF, 0xFF, 0x18, 0xC4, 0xFF, 0xFF, 0xFF, 0xFF, 0xFF, 0xFF, 0xFF, 0xFF,
  0xFF, 0xFF, 0xFF, 0xFF, 0x18, 0xC4, 0x00, 0x00, 0x00, 0x00, 0x18, 0xC4, 0xFF, 0xFF, 0xFF, 0xFF,
  0xFF, 0xFF, 0xFF, 0xFF, 0xFF, 0xFF, 0x18, 0xC4, 0xFF, 0xFF, 0xFF, 0xFF, 0xFF, 0xFF, 0xFF, 0xFF,
  0xFF, 0xFF, 0xFF, 0xFF, 0x18, 0xC4, 0x00, 0x00, 0x00, 0x00, 0x18, 0xC4, 0xFF, 0xFF, 0xFF, 0xFF,
  0xFF, 0xFF, 0xFF, 0xFF, 0xFF, 0xFF, 0x18, 0xC4, 0x18, 0xC4, 0x18, 0xC4, 0x18, 0xC4, 0xFF, 0xFF,
  0xFF, 0xFF, 0xFF, 0xFF, 0x18, 0xC4, 0x00, 0x00, 0x00, 0x00, 0x18, 0xC4, 0xFF, 0xFF, 0xFF, 0xFF,
  0xFF, 0xFF, 0xFF, 0xFF, 0xFF, 0xFF, 0xFF, 0xFF, 0xFF, 0xFF, 0xFF, 0xFF, 0xFF, 0xFF, 0xFF, 0xFF,
  0xFF, 0xFF, 0xFF, 0xFF, 0x18, 0xC4, 0x00, 0x00, 0x00, 0x00, 0x00, 0x00, 0x18, 0xC4, 0xFF, 0xFF,
  0xFF, 0xFF, 0xFF, 0xFF, 0xFF, 0xFF, 0xFF, 0xFF, 0xFF, 0xFF, 0xFF, 0xFF, 0xFF, 0xFF, 0xFF, 0xFF,
  0xFF, 0xFF, 0x18, 0xC4, 0x00, 0x00, 0x00, 0x00, 0x00, 0x00, 0x00, 0x00, 0x18, 0xC4, 0xFF, 0xFF,
  0xFF, 0xFF, 0xFF, 0xFF, 0xFF, 0xFF, 0xFF, 0xFF, 0xFF, 0xFF, 0xFF, 0xFF, 0xFF, 0xFF, 0xFF, 0xFF,
  0xFF, 0xFF, 0x18, 0xC4, 0x00, 0x00, 0x00, 0x00, 0x00, 0x00, 0x00, 0x00, 0x00, 0x00, 0x18, 0xC4,
  0x18, 0xC4, 0xFF, 0xFF, 0xFF, 0xFF, 0xFF, 0xFF, 0xFF, 0xFF, 0xFF, 0xFF, 0xFF, 0xFF, 0x18, 0xC4,
  0x18, 0xC4, 0x00, 0x00, 0x00, 0x00, 0x00, 0x00, 0x00, 0x00, 0x00, 0x00, 0x00, 0x00, 0x00, 0x00,
  0x00, 0x00, 0x18, 0xC4, 0x18, 0xC4, 0x18, 0xC4, 0x18, 0xC4, 0x18, 0xC4, 0x18, 0xC4, 0x00, 0x00,
  0x00, 0x00, 0x00, 0x00, 0x00, 0x00, 0x00, 0x00, 0x00, 0x00, 0x00, 0x00, 0x00, 0x00, 0x00, 0x00,
  0x00, 0x00, 0x00, 0x00, 0x00, 0x00, 0x00, 0x00, 0x00, 0x00, 0x00, 0x00, 0x00, 0x00, 0x00, 0x00,
  0x00, 0x00, 0x00, 0x00, 0x00, 0x00, 0x00, 0x00,
};

static const uint8_t cic_Memo[] = {
  0x43, 0x49, 0x43, 0x31, 0x10, 0x00, 0x10, 0x00, 0x00, 0x00, 0x00, 0x00, 0x00, 0x00, 0x00, 0x00,
  0x00, 0x00, 0x00, 0x00, 0x00, 0x00, 0x00, 0x00, 0x00, 0x00, 0x00, 0x00, 0x00, 0x00, 0x00, 0x00,
  0x00, 0x00, 0x00, 0x00, 0x00, 0x00, 0x00, 0x00, 0x00, 0x00, 0x00, 0x00, 0x00, 0x00, 0x00, 0x00,
  0x00, 0x00, 0x00, 0x00, 0x18, 0xC4, 0x18, 0xC4, 0x18, 0xC4, 0x18, 0xC4, 0x00, 0x00, 0x00, 0x00,
  0x00, 0x00, 0xE2, 0xA9, 0xE2, 0xA9, 0x00, 0x00, 0x00, 0x00, 0x00, 0x00, 0x00, 0x00, 0x00, 0x00,
  0x00, 0x00, 0x18, 0xC4, 0x94, 0xF5, 0x94, 0xF5, 0x94, 0xF5, 0x94, 0xF5, 0x18, 0xC4, 0x00, 0x00,
  0xE2, 0xA9, 0xE2, 0xA9, 0xE2, 0xA9, 0xE2, 0xA9, 0x00, 0x00, 0x00, 0x00, 0x00, 0x00, 0x00, 0x00,
  0x00, 0x00, 0x18, 0xC4, 0x94, 0xF5, 0x5B, 0x2E, 0x5B, 0x2E, 0x94, 0xF5, 0x18, 0xC4, 0x00, 0x00,
  0x00, 0x00, 0xE2, 0xA9, 0xE2, 0xA9, 0x00, 0x00, 0x00, 0x00, 0x00, 0x00, 0x00, 0x00, 0x00, 0x00,
  0x00, 0x00, 0x18, 0xC4, 0x94, 0xF5, 0x94, 0xF5, 0x94, 0xF5, 0x94, 0xF5, 0x18, 0xC4, 0x00, 0x00,
  0x00, 0x00, 0x00, 0x00, 0x00, 0x00, 0x00, 0x00, 0x00, 0x00, 0x00, 0x00, 0x00, 0x00, 0x00, 0x00,
  0x00, 0x00, 0x18, 0xC4, 0x94, 0xF5, 0x5B, 0x2E, 0x5B, 0x2E, 0x94, 0xF5, 0x18, 0xC4, 0x00, 0x00,
  0x00, 0x00, 0x00, 0x00, 0x00, 0x00, 0x00, 0x00, 0x00, 0x00, 0x00, 0x00, 0x00, 0x00, 0x18, 0xC4,
  0x00, 0x00, 0x18, 0xC4, 0x94, 0xF5, 0x94, 0xF5, 0x94, 0xF5, 0x94, 0xF5, 0x18, 0xC4, 0x00, 0x00,
  0x18, 0xC4, 0x00, 0x00, 0x00, 0x00, 0x00, 0x00, 0x00, 0x00, 0x00, 0x00, 0x00, 0x00, 0x18, 0xC4,
  0x00, 0x00, 0x18, 0xC4, 0x94, 0xF5, 0x94, 0xF5, 0x94, 0xF5, 0x94, 0xF5, 0x18, 0xC4, 0x00, 0x00,
  0x18, 0xC4, 0x00, 0x00, 0x00, 0x00, 0x00, 0x00, 0x00, 0x00, 0x00, 0x00, 0x00, 0x00, 0x18, 0xC4,
  0x18, 0xC4, 0x00, 0x00, 0x18, 0xC4, 0x18, 0xC4, 0x18, 0xC4, 0x18, 0xC4, 0x00, 0x00, 0x18, 0xC4,
  0x18, 0xC4, 0x00, 0x00, 0x00, 0x00, 0x00, 0x00, 0x00, 0x00, 0x00, 0x00, 0x00, 0x00, 0x00, 0x00,
  0x18, 0xC4, 0x18, 0xC4, 0x00, 0x00, 0x00, 0x00, 0x00, 0x00, 0x00, 0x00, 0x18, 0xC4, 0x18, 0xC4,
  0x00, 0x00, 0x00, 0x00, 0x00, 0x00, 0x00, 0x00, 0x00, 0x00, 0x00, 0x00, 0x00, 0x00, 0x00, 0x00,
  0x00, 0x00, 0x00, 0x00, 0x18, 0xC4, 0x18, 0xC4, 0x18, 0xC4, 0x18, 0xC4, 0x00, 0x00, 0x00, 0x00,
  0x00, 0x00, 0x00, 0x00, 0x00, 0x00, 0x00, 0x00, 0x00, 0x00, 0x00, 0x00, 0x00, 0x00, 0x00, 0x00,
  0x00, 0x00, 0x00, 0x00, 0x00, 0x00, 0x18, 0xC4, 0x18, 0xC4, 0x00, 0x00, 0x00, 0x00, 0x00, 0x00,
  0x00, 0x00, 0x00, 0x00, 0x00, 0x00, 0x00, 0x00, 0x00, 0x00, 0x00, 0x00, 0x00, 0x00, 0x00, 0x00,
  0x00, 0x00, 0x00, 0x00, 0x00, 0x00, 0x18, 0xC4, 0x18, 0xC4, 0x00, 0x00, 0x00, 0x00, 0x00, 0x00,
  0x00, 0x00, 0x00, 0x00, 0x00, 0x00, 0x00, 0x00, 0x00, 0x00, 0x00, 0x00, 0x00, 0x00, 0x00, 0x00,
  0x00, 0x00, 0x18, 0xC4, 0x18, 0xC4, 0x18, 0xC4, 0x18, 0xC4, 0x18, 0xC4, 0x18, 0xC4, 0x00, 0x00,
  0x00, 0x00, 0x00, 0x00, 0x00, 0x00, 0x00, 0x00, 0x00, 0x00, 0x00, 0x00, 0x00, 0x00, 0x00, 0x00,
  0x00, 0x00, 0x00, 0x00, 0x00, 0x00, 0x00, 0x00, 0x00, 0x00, 0x00, 0x00, 0x00, 0x00, 0x00, 0x00,
  0x00, 0x00, 0x00, 0x00, 0x00, 0x00, 0x00, 0x00, 0x00, 0x00, 0x00, 0x00, 0x00, 0x00, 0x00, 0x00,
  0x00, 0x00, 0x00, 0x00, 0x00, 0x00, 0x00, 0x00, 0x00, 0x00, 0x00, 0x00, 0x00, 0x00, 0x00, 0x00,
  0x00, 0x00, 0x00, 0x00, 0x00, 0x00, 0x00, 0x00,
};

static const uint8_t cic_Habits[] = {
  0x43, 0x49, 0x43, 0x31, 0x10, 0x00, 0x10, 0x00, 0x00, 0x00, 0x00, 0x00, 0x00, 0x00, 0x00, 0x00,
  0x00, 0x00, 0x00, 0x00, 0x00, 0x00, 0x00, 0x00, 0x00, 0x00, 0x00, 0x00, 0x00, 0x00, 0x00, 0x00,
  0x00, 0x00, 0x00, 0x00, 0x00, 0x00, 0x00, 0x00, 0x00, 0x00, 0x18, 0xC4, 0x18, 0xC4, 0x18, 0xC4,
  0x18, 0xC4, 0x18, 0xC4, 0x18, 0xC4, 0x18, 0xC4, 0x18, 0xC4, 0x18, 0xC4, 0x18, 0xC4, 0x18, 0xC4,
  0x18, 0xC4, 0x18, 0xC4, 0x18, 0xC4, 0x00, 0x00, 0x00, 0x00, 0x18, 0xC4, 0xE2, 0xA9, 0xE2, 0xA9,
  0xE2, 0xA9, 0xE2, 0xA9, 0xE2, 0xA9, 0xE2, 0xA9, 0xE2, 0xA9, 0xE2, 0xA9, 0xE2, 0xA9, 0xE2, 0xA9,
  0xE2, 0xA9, 0xE2, 0xA9, 0x18, 0xC4, 0x00, 0x00, 0x00, 0x00, 0x18, 0xC4, 0xE2, 0xA9, 0xE2, 0xA9,
  0xE2, 0xA9, 0xE2, 0xA9, 0xE2, 0xA9, 0xE2, 0xA9, 0xE2, 0xA9, 0xE2, 0xA9, 0xE2, 0xA9, 0xE2, 0xA9,
  0xE2, 0xA9, 0xE2, 0xA9, 0x18, 0xC4, 0x00, 0x00, 0x00, 0x00, 0x18, 0xC4, 0x18, 0xC4, 0x18, 0xC4,
  0x18, 0xC4, 0x18, 0xC4, 0x18, 0xC4, 0x18, 0xC4, 0x18, 0xC4, 0x18, 0xC4, 0x18, 0xC4, 0x18, 0xC4,
  0x18, 0xC4, 0x18, 0xC4, 0x18, 0xC4, 0x00, 0x00, 0x00, 0x00, 0x18, 0xC4, 0xFF, 0xFF, 0xFF, 0xFF,
  0xFF, 0xFF, 0xFF, 0xFF, 0xFF, 0xFF, 0xFF, 0xFF, 0xFF, 0xFF, 0xFF, 0xFF, 0xFF, 0xFF, 0xFF, 0xFF,
  0xFF, 0xFF, 0xFF, 0xFF, 0x18, 0xC4, 0x00, 0x00, 0x00, 0x00, 0x18, 0xC4, 0xFF, 0xFF, 0x6E, 0x30,
  0x6E, 0x30, 0xFF, 0xFF, 0xFF, 0xFF, 0x6E, 0x30, 0x6E, 0x30, 0xFF, 0xFF, 0xFF, 0xFF, 0x94, 0xF5,
  0x94, 0xF5, 0xFF, 0xFF, 0x18, 0xC4, 0x00, 0x00, 0x00, 0x00, 0x18, 0xC4, 0xFF, 0xFF, 0x6E, 0x30,
  0x6E, 0x30, 0xFF, 0xFF, 0xFF, 0xFF, 0x6E, 0x30, 0x6E, 0x30, 0xFF, 0xFF, 0xFF, 0xFF, 0x94, 0xF5,
  0x94, 0xF5, 0xFF, 0xFF, 0x18, 0xC4, 0x00, 0x00, 0x00, 0x00, 0x18, 0xC4, 0xFF, 0xFF, 0xFF, 0xFF,
  0xFF, 0xFF, 0xFF, 0xFF, 0xFF, 0xFF, 0xFF, 0xFF, 0xFF, 0xFF, 0xFF, 0xFF, 0xFF, 0xFF, 0xFF, 0xFF,
  0xFF, 0xFF, 0xFF, 0xFF, 0x18, 0xC4, 0x00, 0x00, 0x00, 0x00, 0x18, 0xC4, 0xFF, 0xFF, 0x6E, 0x30,
  0x6E, 0x30, 0xFF, 0xFF, 0xFF, 0xFF, 0x94, 0xF5, 0x94, 0xF5, 0xFF, 0xFF, 0xFF, 0xFF, 0x6E, 0x30,
  0x6E, 0x30, 0xFF, 0xFF, 0x18, 0xC4, 0x00, 0x00, 0x00, 0x00, 0x18, 0xC4, 0xFF, 0xFF, 0x6E, 0x30,
  0x6E, 0x30, 0xFF, 0xFF, 0xFF, 0xFF, 0x94, 0xF5, 0x94, 0xF5, 0xFF, 0xFF, 0xFF, 0xFF, 0x6E, 0x30,
  0x6E, 0x30, 0xFF, 0xFF, 0x18, 0xC4, 0x00, 0x00, 0x00, 0x00, 0x18, 0xC4, 0xFF, 0xFF, 0xFF, 0xFF,
  0xFF, 0xFF, 0xFF, 0xFF, 0xFF, 0xFF, 0xFF, 0xFF, 0xFF, 0xFF, 0xFF, 0xFF, 0xFF, 0xFF, 0xFF, 0xFF,
  0xFF, 0xFF, 0xFF, 0xFF, 0x18, 0xC4, 0x00, 0x00, 0x00, 0x00, 0x18, 0xC4, 0xFF, 0xFF, 0x6E, 0x30,
  0x6E, 0x30, 0xFF, 0xFF, 0xFF, 0xFF, 0x6E, 0x30, 0x6E, 0x30, 0xFF, 0xFF, 0xFF, 0xFF, 0x6E, 0x30,
  0x6E, 0x30, 0xFF, 0xFF, 0x18, 0xC4, 0x00, 0x00, 0x00, 0x00, 0x18, 0xC4, 0xFF, 0xFF, 0x6E, 0x30,
  0x6E, 0x30, 0xFF, 0xFF, 0xFF, 0xFF, 0x6E, 0x30, 0x6E, 0x30, 0xFF, 0xFF, 0xFF, 0xFF, 0x6E, 0x30,
  0x6E, 0x30, 0xFF, 0xFF, 0x18, 0xC4, 0x00, 0x00, 0x00, 0x00, 0x18, 0xC4, 0x18, 0xC4, 0x18, 0xC4,
  0x18, 0xC4, 0x18, 0xC4, 0x18, 0xC4, 0x18, 0xC4, 0x18, 0xC4, 0x18, 0xC4, 0x18, 0xC4, 0x18, 0xC4,
  0x18, 0xC4, 0x18, 0xC4, 0x18, 0xC4, 0x00, 0x00, 0x00, 0x00, 0x00, 0x00, 0x00, 0x00, 0x00, 0x00,
  0x00, 0x00, 0x00, 0x00, 0x00, 0x00, 0x00, 0x00, 0x00, 0x00, 0x00, 0x00, 0x00, 0x00, 0x00, 0x00,
  0x00, 0x00, 0x00, 0x00, 0x00, 0x00, 0x00, 0x00,
};

static const uint8_t cic_Clock[] = {
  0x43, 0x49, 0x43, 0x31, 0x10, 0x00, 0x10, 0x00, 0x00, 0x00, 0x00, 0x00, 0x18, 0xC4, 0x18, 0xC4,
  0x00, 0x00, 0x00, 0x00, 0x00, 0x00, 0x00, 0x00, 0x00, 0x00, 0x00, 0x00, 0x00, 0x00, 0x00, 0x00,
  0x18, 0xC4, 0x18, 0xC4, 0x00, 0x00, 0x00, 0x00, 0x00, 0x00, 0x18, 0xC4, 0xFE, 0x6A, 0xFE, 0x6A,
  0x18, 0xC4, 0x00, 0x00, 0x18, 0xC4, 0x18, 0xC4, 0x18, 0xC4, 0x18, 0xC4, 0x00, 0x00, 0x18, 0xC4,
  0xFE, 0x6A, 0xFE, 0x6A, 0x18, 0xC4, 0x00, 0x00, 0x00, 0x00, 0x18, 0xC4, 0xFE, 0x6A, 0xFE, 0x6A,
  0x18, 0xC4, 0x18, 0xC4, 0xFF, 0xFF, 0xFF, 0xFF, 0xFF, 0xFF, 0xFF, 0xFF, 0x18, 0xC4, 0x18, 0xC4,
  0xFE, 0x6A, 0xFE, 0x6A, 0x18, 0xC4, 0x00, 0x00, 0x00, 0x00, 0x00, 0x00, 0x18, 0xC4, 0x18, 0xC4,
  0xFF, 0xFF, 0xFF, 0xFF, 0xFF, 0xFF, 0xFF, 0xFF, 0xFF, 0xFF, 0xFF, 0xFF, 0xFF, 0xFF, 0xFF, 0xFF,
  0x18, 0xC4, 0x18, 0xC4, 0x00, 0x00, 0x00, 0x00, 0x00, 0x00, 0x00, 0x00, 0x00, 0x00, 0x18, 0xC4,
  0xFF, 0xFF, 0xFF, 0xFF, 0xFF, 0xFF, 0x18, 0xC4, 0xFF, 0xFF, 0xFF, 0xFF, 0xFF, 0xFF, 0xFF, 0xFF,
  0x18, 0xC4, 0x00, 0x00, 0x00, 0x00, 0x00, 0x00, 0x00, 0x00, 0x00, 0x00, 0x18, 0xC4, 0xFF, 0xFF,
  0xFF, 0xFF, 0xFF, 0xFF, 0xFF, 0xFF, 0x18, 0xC4, 0xFF, 0xFF, 0xFF, 0xFF, 0xFF, 0xFF, 0xFF, 0xFF,
  0xFF, 0xFF, 0x18, 0xC4, 0x00, 0x00, 0x00, 0x00, 0x00, 0x00, 0x00, 0x00, 0x18, 0xC4, 0xFF, 0xFF,
  0xFF, 0xFF, 0xFF, 0xFF, 0xFF, 0xFF, 0x18, 0xC4, 0xFF, 0xFF, 0xFF, 0xFF, 0xFF, 0xFF, 0xFF, 0xFF,
  0xFF, 0xFF, 0x18, 0xC4, 0x00, 0x00, 0x00, 0x00, 0x00, 0x00, 0x00, 0x00, 0x18, 0xC4, 0xFF, 0xFF,
  0xFF, 0xFF, 0xFF, 0xFF, 0xFF, 0xFF, 0x18, 0xC4, 0x18, 0xC4, 0x18, 0xC4, 0x18, 0xC4, 0xFF, 0xFF,
  0xFF, 0xFF, 0x18, 0xC4, 0x00, 0x00, 0x00, 0x00, 0x00, 0x00, 0x00, 0x00, 0x18, 0xC4, 0xFF, 0xFF,
  0xFF, 0xFF, 0xFF, 0xFF, 0xFF, 0xFF, 0xFF, 0xFF, 0xFF, 0xFF, 0xFF, 0xFF, 0xFF, 0xFF, 0xFF, 0xFF,
  0xFF, 0xFF, 0x18, 0xC4, 0x00, 0x00, 0x00, 0x00, 0x00, 0x00, 0x00, 0x00, 0x18, 0xC4, 0xFF, 0xFF,
  0xFF, 0xFF, 0xFF, 0xFF, 0xFF, 0xFF, 0xFF, 0xFF, 0xFF, 0xFF, 0xFF, 0xFF, 0xFF, 0xFF, 0xFF, 0xFF,
  0xFF, 0xFF, 0x18, 0xC4, 0x00, 0x00, 0x00, 0x00, 0x00, 0x00, 0x00, 0x00, 0x00, 0x00, 0x18, 0xC4,
  0xFF, 0xFF, 0xFF, 0xFF, 0xFF, 0xFF, 0xFF, 0xFF, 0xFF, 0xFF, 0xFF, 0xFF, 0xFF, 0xFF, 0xFF, 0xFF,
  0x18, 0xC4, 0x00, 0x00, 0x00, 0x00, 0x00, 0x00, 0x00, 0x00, 0x00, 0x00, 0x00, 0x00, 0x00, 0x00,
  0x18, 0xC4, 0x18, 0xC4, 0xFF, 0xFF, 0xFF, 0xFF, 0xFF, 0xFF, 0xFF, 0xFF, 0x18, 0xC4, 0x18, 0xC4,
  0x00, 0x00, 0x00, 0x00, 0x00, 0x00, 0x00, 0x00, 0x00, 0x00, 0x00, 0x00, 0x00, 0x00, 0x00, 0x00,
  0x00, 0x00, 0x18, 0xC4, 0x18, 0xC4, 0x18, 0xC4, 0x18, 0xC4, 0x18, 0xC4, 0x18, 0xC4, 0x00, 0x00,
  0x00, 0x00, 0x00, 0x00, 0x00, 0x00, 0x00, 0x00, 0x00, 0x00, 0x00, 0x00, 0x00, 0x00, 0x00, 0x00,
  0x18, 0xC4, 0x18, 0xC4, 0x00, 0x00, 0x00, 0x00, 0x00, 0x00, 0x00, 0x00, 0x18, 0xC4, 0x18, 0xC4,
  0x00, 0x00, 0x00, 0x00, 0x00, 0x00, 0x00, 0x00, 0x00, 0x00, 0x00, 0x00, 0x00, 0x00, 0x18, 0xC4,
  0x18, 0xC4, 0x00, 0x00, 0x00, 0x00, 0x00, 0x00, 0x00, 0x00, 0x00, 0x00, 0x00, 0x00, 0x18, 0xC4,
  0x18, 0xC4, 0x00, 0x00, 0x00, 0x00, 0x00, 0x00, 0x00, 0x00, 0x00, 0x00, 0x00, 0x00, 0x00, 0x00,
  0x00, 0x00, 0x00, 0x00, 0x00, 0x00, 0x00, 0x00, 0x00, 0x00, 0x00, 0x00, 0x00, 0x00, 0x00, 0x00,
  0x00, 0x00, 0x00, 0x00, 0x00, 0x00, 0x00, 0x00,
};

static const uint8_t cic_Today[] = {
  0x43, 0x49, 0x43, 0x31, 0x10, 0x00, 0x10, 0x00, 0x00, 0x00, 0x00, 0x00, 0x00, 0x00, 0x00, 0x00,
  0x00, 0x00, 0x00, 0x00, 0x00, 0x00, 0xFE, 0x6A, 0xFE, 0x6A, 0x00, 0x00, 0x00, 0x00, 0x00, 0x00,
  0x00, 0x00, 0x00, 0x00, 0x00, 0x00, 0x00, 0x00, 0x00, 0x00, 0x00, 0x00, 0xFE, 0x6A, 0x00, 0x00,
  0x00, 0x00, 0x00, 0x00, 0x00, 0x00, 0xFE, 0x6A, 0xFE, 0x6A, 0x00, 0x00, 0x00, 0x00, 0x00, 0x00,
  0x00, 0x00, 0xFE, 0x6A, 0x00, 0x00, 0x00, 0x00, 0x00, 0x00, 0x00, 0x00, 0x00, 0x00, 0xFE, 0x6A,
  0x00, 0x00, 0x00, 0x00, 0x00, 0x00, 0x00, 0x00, 0x00, 0x00, 0x00, 0x00, 0x00, 0x00, 0x00, 0x00,
  0xFE, 0x6A, 0x00, 0x00, 0x00, 0x00, 0x00, 0x00, 0x00, 0x00, 0x00, 0x00, 0x00, 0x00, 0x00, 0x00,
  0x00, 0x00, 0x00, 0x00, 0xFE, 0x6A, 0xFE, 0x6A, 0xFE, 0x6A, 0xFE, 0x6A, 0x00, 0x00, 0x00, 0x00,
  0x00, 0x00, 0x00, 0x00, 0x00, 0x00, 0x00, 0x00, 0x00, 0x00, 0x00, 0x00, 0xFE, 0x6A, 0xFE, 0x6A,
  0x00, 0x00, 0xFE, 0x6A, 0xFE, 0x6A, 0xFE, 0x6A, 0xFE, 0x6A, 0xFE, 0x6A, 0xFE, 0x6A, 0x00, 0x00,
  0xFE, 0x6A, 0xFE, 0x6A, 0x00, 0x00, 0x00, 0x00, 0x00, 0x00, 0x00, 0x00, 0x00, 0x00, 0x00, 0x00,
  0x00, 0x00, 0xFE, 0x6A, 0xFE, 0x6A, 0xFE, 0x6A, 0xFE, 0x6A, 0xFE, 0x6A, 0xFE, 0x6A, 0x00, 0x00,
  0x00, 0x00, 0x00, 0x00, 0x00, 0x00, 0x00, 0x00, 0x00, 0x00, 0x18, 0xC4, 0x18, 0xC4, 0x18, 0xC4,
  0x18, 0xC4, 0x18, 0xC4, 0x18, 0xC4, 0x18, 0xC4, 0x18, 0xC4, 0x18, 0xC4, 0x18, 0xC4, 0x18, 0xC4,
  0x18, 0xC4, 0x18, 0xC4, 0x18, 0xC4, 0x00, 0x00, 0x00, 0x00, 0x18, 0xC4, 0xFF, 0xFF, 0xFF, 0xFF,
  0xFF, 0xFF, 0xFF, 0xFF, 0xFF, 0xFF, 0xFF, 0xFF, 0xFF, 0xFF, 0xFF, 0xFF, 0xFF, 0xFF, 0xFF, 0xFF,
  0xFF, 0xFF, 0xFF, 0xFF, 0x18, 0xC4, 0x00, 0x00, 0x00, 0x00, 0x18, 0xC4, 0xFF, 0xFF, 0x6E, 0x30,
  0x6E, 0x30, 0xFF, 0xFF, 0x5B, 0x2E, 0x5B, 0x2E, 0x5B, 0x2E, 0x5B, 0x2E, 0x5B, 0x2E, 0x5B, 0x2E,
  0x5B, 0x2E, 0xFF, 0xFF, 0x18, 0xC4, 0x00, 0x00, 0x00, 0x00, 0x18, 0xC4, 0xFF, 0xFF, 0x6E, 0x30,
  0x6E, 0x30, 0xFF, 0xFF, 0xFF, 0xFF, 0xFF, 0xFF, 0xFF, 0xFF, 0xFF, 0xFF, 0xFF, 0xFF, 0xFF, 0xFF,
  0xFF, 0xFF, 0xFF, 0xFF, 0x18, 0xC4, 0x00, 0x00, 0x00, 0x00, 0x18, 0xC4, 0xFF, 0xFF, 0xFF, 0xFF,
  0xFF, 0xFF, 0xFF, 0xFF, 0xFF, 0xFF, 0xFF, 0xFF, 0xFF, 0xFF, 0xFF, 0xFF, 0xFF, 0xFF, 0xFF, 0xFF,
  0xFF, 0xFF, 0xFF, 0xFF, 0x18, 0xC4, 0x00, 0x00, 0x00, 0x00, 0x18, 0xC4, 0xFF, 0xFF, 0x18, 0xC4,
  0x18, 0xC4, 0xFF, 0xFF, 0x5B, 0x2E, 0x5B, 0x2E, 0x5B, 0x2E, 0x5B, 0x2E, 0x5B, 0x2E, 0xFF, 0xFF,
  0xFF, 0xFF, 0xFF, 0xFF, 0x18, 0xC4, 0x00, 0x00, 0x00, 0x00, 0x18, 0xC4, 0xFF, 0xFF, 0x18, 0xC4,
  0x18, 0xC4, 0xFF, 0xFF, 0xFF, 0xFF, 0xFF, 0xFF, 0xFF, 0xFF, 0xFF, 0xFF, 0xFF, 0xFF, 0xFF, 0xFF,
  0xFF, 0xFF, 0xFF, 0xFF, 0x18, 0xC4, 0x00, 0x00, 0x00, 0x00, 0x18, 0xC4, 0xFF, 0xFF, 0xFF, 0xFF,
  0xFF, 0xFF, 0xFF, 0xFF, 0xFF, 0xFF, 0xFF, 0xFF, 0xFF, 0xFF, 0xFF, 0xFF, 0xFF, 0xFF, 0xFF, 0xFF,
  0xFF, 0xFF, 0xFF, 0xFF, 0x18, 0xC4, 0x00, 0x00, 0x00, 0x00, 0x18, 0xC4, 0x18, 0xC4, 0x18, 0xC4,
  0x18, 0xC4, 0x18, 0xC4, 0x18, 0xC4, 0x18, 0xC4, 0x18, 0xC4, 0x18, 0xC4, 0x18, 0xC4, 0x18, 0xC4,
  0x18, 0xC4, 0x18, 0xC4, 0x18, 0xC4, 0x00, 0x00, 0x00, 0x00, 0x00, 0x00, 0x00, 0x00, 0x00, 0x00,
  0x00, 0x00, 0x00, 0x00, 0x00, 0x00, 0x00, 0x00, 0x00, 0x00, 0x00, 0x00, 0x00, 0x00, 0x00, 0x00,
  0x00, 0x00, 0x00, 0x00, 0x00, 0x00, 0x00, 0x00,
};

static const uint8_t cic_Pet[] = {
  0x43, 0x49, 0x43, 0x31, 0x10, 0x00, 0x10, 0x00, 0x00, 0x00, 0x00, 0x00, 0x00, 0x00, 0x00, 0x00,
  0x00, 0x00, 0x00, 0x00, 0x00, 0x00, 0x00, 0x00, 0x00, 0x00, 0x00, 0x00, 0x00, 0x00, 0x00, 0x00,
  0x00, 0x00, 0x00, 0x00, 0x00, 0x00, 0x00, 0x00, 0x00, 0x00, 0x00, 0x00, 0x00, 0x00, 0x00, 0x00,
  0x18, 0xC4, 0x18, 0xC4, 0x00, 0x00, 0x00, 0x00, 0x00, 0x00, 0x00, 0x00, 0x18, 0xC4, 0x18, 0xC4,
  0x00, 0x00, 0x00, 0x00, 0x00, 0x00, 0x00, 0x00, 0x00, 0x00, 0x00, 0x00, 0x00, 0x00, 0x18, 0xC4,
  0xEB, 0xDA, 0xEB, 0xDA, 0x18, 0xC4, 0x00, 0x00, 0x00, 0x00, 0x18, 0xC4, 0xEB, 0xDA, 0xEB, 0xDA,
  0x18, 0xC4, 0x00, 0x00, 0x00, 0x00, 0x00, 0x00, 0x00, 0x00, 0x00, 0x00, 0x00, 0x00, 0x18, 0xC4,
  0xEB, 0xDA, 0xEB, 0xDA, 0xEB, 0xDA, 0x18, 0xC4, 0x18, 0xC4, 0xEB, 0xDA, 0xEB, 0xDA, 0xEB, 0xDA,
  0x18, 0xC4, 0x00, 0x00, 0x00, 0x00, 0x00, 0x00, 0x00, 0x00, 0x00, 0x00, 0x18, 0xC4, 0xEB, 0xDA,
  0xEB, 0xDA, 0xEB, 0xDA, 0xEB, 0xDA, 0xEB, 0xDA, 0xEB, 0xDA, 0xEB, 0xDA, 0xEB, 0xDA, 0xEB, 0xDA,
  0xEB, 0xDA, 0x18, 0xC4, 0x00, 0x00, 0x00, 0x00, 0x00, 0x00, 0x18, 0xC4, 0xEB, 0xDA, 0xEB, 0xDA,
  0xEB, 0xDA, 0xEB, 0xDA, 0xEB, 0xDA, 0xEB, 0xDA, 0xEB, 0xDA, 0xEB, 0xDA, 0xEB, 0xDA, 0xEB, 0xDA,
  0xEB, 0xDA, 0xEB, 0xDA, 0x18, 0xC4, 0x00, 0x00, 0x00, 0x00, 0x18, 0xC4, 0xEB, 0xDA, 0xEB, 0xDA,
  0x18, 0xC4, 0x18, 0xC4, 0xEB, 0xDA, 0xEB, 0xDA, 0xEB, 0xDA, 0xEB, 0xDA, 0x18, 0xC4, 0x18, 0xC4,
  0xEB, 0xDA, 0xEB, 0xDA, 0x18, 0xC4, 0x00, 0x00, 0x00, 0x00, 0x18, 0xC4, 0xEB, 0xDA, 0xEB, 0xDA,
  0x18, 0xC4, 0x18, 0xC4, 0xEB, 0xDA, 0xEB, 0xDA, 0xEB, 0xDA, 0xEB, 0xDA, 0x18, 0xC4, 0x18, 0xC4,
  0xEB, 0xDA, 0xEB, 0xDA, 0x18, 0xC4, 0x00, 0x00, 0x00, 0x00, 0x18, 0xC4, 0xEB, 0xDA, 0xE2, 0xA9,
  0xEB, 0xDA, 0xEB, 0xDA, 0xEB, 0xDA, 0xEB, 0xDA, 0xEB, 0xDA, 0xEB, 0xDA, 0xEB, 0xDA, 0xEB, 0xDA,
  0xE2, 0xA9, 0xEB, 0xDA, 0x18, 0xC4, 0x00, 0x00, 0x00, 0x00, 0x18, 0xC4, 0xEB, 0xDA, 0xEB, 0xDA,
  0xEB, 0xDA, 0xEB, 0xDA, 0xEB, 0xDA, 0x18, 0xC4, 0x18, 0xC4, 0xEB, 0xDA, 0xEB, 0xDA, 0xEB, 0xDA,
  0xEB, 0xDA, 0xEB, 0xDA, 0x18, 0xC4, 0x00, 0x00, 0x00, 0x00, 0x18, 0xC4, 0xEB, 0xDA, 0xEB, 0xDA,
  0xEB, 0xDA, 0xFF, 0xFF, 0xFF, 0xFF, 0xFF, 0xFF, 0xFF, 0xFF, 0xFF, 0xFF, 0xFF, 0xFF, 0xEB, 0xDA,
  0xEB, 0xDA, 0xEB, 0xDA, 0x18, 0xC4, 0x00, 0x00, 0x00, 0x00, 0x00, 0x00, 0x18, 0xC4, 0xEB, 0xDA,
  0xEB, 0xDA, 0xFF, 0xFF, 0xFF, 0xFF, 0xFF, 0xFF, 0xFF, 0xFF, 0xFF, 0xFF, 0xFF, 0xFF, 0xEB, 0xDA,
  0xEB, 0xDA, 0x18, 0xC4, 0x00, 0x00, 0x00, 0x00, 0x00, 0x00, 0x00, 0x00, 0x00, 0x00, 0x18, 0xC4,
  0xEB, 0xDA, 0xEB, 0xDA, 0xEB, 0xDA, 0xEB, 0xDA, 0xEB, 0xDA, 0xEB, 0xDA, 0xEB, 0xDA, 0xEB, 0xDA,
  0x18, 0xC4, 0x00, 0x00, 0x00, 0x00, 0x00, 0x00, 0x00, 0x00, 0x00, 0x00, 0x00, 0x00, 0x18, 0xC4,
  0xEB, 0xDA, 0xEB, 0xDA, 0x18, 0xC4, 0x18, 0xC4, 0x18, 0xC4, 0x18, 0xC4, 0xEB, 0xDA, 0xEB, 0xDA,
  0x18, 0xC4, 0x00, 0x00, 0x00, 0x00, 0x00, 0x00, 0x00, 0x00, 0x00, 0x00, 0x00, 0x00, 0x18, 0xC4,
  0x18, 0xC4, 0x18, 0xC4, 0x00, 0x00, 0x00, 0x00, 0x00, 0x00, 0x00, 0x00, 0x18, 0xC4, 0x18, 0xC4,
  0x18, 0xC4, 0x00, 0x00, 0x00, 0x00, 0x00, 0x00, 0x00, 0x00, 0x00, 0x00, 0x00, 0x00, 0x00, 0x00,
  0x00, 0x00, 0x00, 0x00, 0x00, 0x00, 0x00, 0x00, 0x00, 0x00, 0x00, 0x00, 0x00, 0x00, 0x00, 0x00,
  0x00, 0x00, 0x00, 0x00, 0x00, 0x00, 0x00, 0x00,
};

static const uint8_t cic_Counter[] = {
  0x43, 0x49, 0x43, 0x31, 0x10, 0x00, 0x10, 0x00, 0x00, 0x00, 0x00, 0x00, 0x00, 0x00, 0x00, 0x00,
  0x00, 0x00, 0x00, 0x00, 0x00, 0x00, 0x00, 0x00, 0x00, 0x00, 0x00, 0x00, 0x00, 0x00, 0x00, 0x00,
  0x00, 0x00, 0x00, 0x00, 0x00, 0x00, 0x00, 0x00, 0x00, 0x00, 0x00, 0x00, 0x00, 0x00, 0x00, 0x00,
  0x00, 0x00, 0x00, 0x00, 0x00, 0x00, 0x00, 0x00, 0x00, 0x00, 0x00, 0x00, 0x00, 0x00, 0x00, 0x00,
  0x00, 0x00, 0x00, 0x00, 0x00, 0x00, 0x00, 0x00, 0x00, 0x00, 0x00, 0x00, 0x00, 0x00, 0x18, 0xC4,
  0x18, 0xC4, 0x18, 0xC4, 0x18, 0xC4, 0x18, 0xC4, 0x18, 0xC4, 0x18, 0xC4, 0x18, 0xC4, 0x18, 0xC4,
  0x18, 0xC4, 0x00, 0x00, 0x00, 0x00, 0x00, 0x00, 0x00, 0x00, 0x00, 0x00, 0x18, 0xC4, 0x54, 0xFD,
  0x54, 0xFD, 0x54, 0xFD, 0x54, 0xFD, 0x54, 0xFD, 0x54, 0xFD, 0x54, 0xFD, 0x54, 0xFD, 0x54, 0xFD,
  0x54, 0xFD, 0x18, 0xC4, 0x00, 0x00, 0x00, 0x00, 0x00, 0x00, 0x00, 0x00, 0x18, 0xC4, 0x54, 0xFD,
  0x54, 0xFD, 0x54, 0xFD, 0x54, 0xFD, 0xFF, 0xFF, 0xFF, 0xFF, 0x54, 0xFD, 0x54, 0xFD, 0x54, 0xFD,
  0x54, 0xFD, 0x18, 0xC4, 0x00, 0x00, 0x00, 0x00, 0x00, 0x00, 0x00, 0x00, 0x18, 0xC4, 0x54, 0xFD,
  0x54, 0xFD, 0x54, 0xFD, 0x54, 0xFD, 0xFF, 0xFF, 0xFF, 0xFF, 0x54, 0xFD, 0x54, 0xFD, 0x54, 0xFD,
  0x54, 0xFD, 0x18, 0xC4, 0x00, 0x00, 0x00, 0x00, 0x00, 0x00, 0x00, 0x00, 0x18, 0xC4, 0x54, 0xFD,
  0x54, 0xFD, 0x54, 0xFD, 0x54, 0xFD, 0xFF, 0xFF, 0xFF, 0xFF, 0x54, 0xFD, 0x54, 0xFD, 0x54, 0xFD,
  0x54, 0xFD, 0x18, 0xC4, 0x00, 0x00, 0x00, 0x00, 0x00, 0x00, 0x00, 0x00, 0x18, 0xC4, 0x54, 0xFD,
  0xFF, 0xFF, 0xFF, 0xFF, 0xFF, 0xFF, 0xFF, 0xFF, 0xFF, 0xFF, 0xFF, 0xFF, 0xFF, 0xFF, 0xFF, 0xFF,
  0x54, 0xFD, 0x18, 0xC4, 0x00, 0x00, 0x00, 0x00, 0x00, 0x00, 0x00, 0x00, 0x18, 0xC4, 0x54, 0xFD,
  0xFF, 0xFF, 0xFF, 0xFF, 0xFF, 0xFF, 0xFF, 0xFF, 0xFF, 0xFF, 0xFF, 0xFF, 0xFF, 0xFF, 0xFF, 0xFF,
  0x54, 0xFD, 0x18, 0xC4, 0x00, 0x00, 0x00, 0x00, 0x00, 0x00, 0x00, 0x00, 0x18, 0xC4, 0x54, 0xFD,
  0x54, 0xFD, 0x54, 0xFD, 0x54, 0xFD, 0xFF, 0xFF, 0xFF, 0xFF, 0x54, 0xFD, 0x54, 0xFD, 0x54, 0xFD,
  0x54, 0xFD, 0x18, 0xC4, 0x00, 0x00, 0x00, 0x00, 0x00, 0x00, 0x00, 0x00, 0x18, 0xC4, 0x54, 0xFD,
  0x54, 0xFD, 0x54, 0xFD, 0x54, 0xFD, 0xFF, 0xFF, 0xFF, 0xFF, 0x54, 0xFD, 0x54, 0xFD, 0x54, 0xFD,
  0x54, 0xFD, 0x18, 0xC4, 0x00, 0x00, 0x00, 0x00, 0x00, 0x00, 0x00, 0x00, 0x18, 0xC4, 0x54, 0xFD,
  0x54, 0xFD, 0x54, 0xFD, 0x54, 0xFD, 0xFF, 0xFF, 0xFF, 0xFF, 0x54, 0xFD, 0x54, 0xFD, 0x54, 0xFD,
  0x54, 0xFD, 0x18, 0xC4, 0x00, 0x00, 0x00, 0x00, 0x00, 0x00, 0x00, 0x00, 0x18, 0xC4, 0x54, 0xFD,
  0x54, 0xFD, 0x54, 0xFD, 0x54, 0xFD, 0x54, 0xFD, 0x54, 0xFD, 0x54, 0xFD, 0x54, 0xFD, 0x54, 0xFD,
  0x54, 0xFD, 0x18, 0xC4, 0x00, 0x00, 0x00, 0x00, 0x00, 0x00, 0x00, 0x00, 0x00, 0x00, 0x18, 0xC4,
  0x18, 0xC4, 0x18, 0xC4, 0x18, 0xC4, 0x18, 0xC4, 0x18, 0xC4, 0x18, 0xC4, 0x18, 0xC4, 0x18, 0xC4,
  0x18, 0xC4, 0x00, 0x00, 0x00, 0x00, 0x00, 0x00, 0x00, 0x00, 0x00, 0x00, 0x00, 0x00, 0x00, 0x00,
  0x00, 0x00, 0x00, 0x00, 0x00, 0x00, 0x00, 0x00, 0x00, 0x00, 0x00, 0x00, 0x00, 0x00, 0x00, 0x00,
  0x00, 0x00, 0x00, 0x00, 0x00, 0x00, 0x00, 0x00, 0x00, 0x00, 0x00, 0x00, 0x00, 0x00, 0x00, 0x00,
  0x00, 0x00, 0x00, 0x00, 0x00, 0x00, 0x00, 0x00, 0x00, 0x00, 0x00, 0x00, 0x00, 0x00, 0x00, 0x00,
  0x00, 0x00, 0x00, 0x00, 0x00, 0x00, 0x00, 0x00,
};

static const uint8_t cic_Share[] = {
  0x43, 0x49, 0x43, 0x31, 0x10, 0x00, 0x10, 0x00, 0x00, 0x00, 0x00, 0x00, 0x00, 0x00, 0x00, 0x00,
  0x00, 0x00, 0x00, 0x00, 0x00, 0x00, 0x00, 0x00, 0x00, 0x00, 0x00, 0x00, 0x00, 0x00, 0x00, 0x00,
  0x00, 0x00, 0x00, 0x00, 0x00, 0x00, 0x00, 0x00, 0x00, 0x00, 0x00, 0x00, 0x18, 0xC4, 0x18, 0xC4,
  0x18, 0xC4, 0x18, 0xC4, 0x18, 0xC4, 0x18, 0xC4, 0x18, 0xC4, 0x00, 0x00, 0x00, 0x00, 0x54, 0xFD,
  0x00, 0x00, 0x00, 0x00, 0x00, 0x00, 0x00, 0x00, 0x00, 0x00, 0x00, 0x00, 0x18, 0xC4, 0x66, 0x78,
  0x18, 0xC4, 0x66, 0x78, 0x18, 0xC4, 0x66, 0x78, 0x18, 0xC4, 0x18, 0xC4, 0x54, 0xFD, 0x54, 0xFD,
  0x54, 0xFD, 0x00, 0x00, 0x00, 0x00, 0x00, 0x00, 0x00, 0x00, 0x00, 0x00, 0x18, 0xC4, 0x66, 0x78,
  0x66, 0x78, 0x66, 0x78, 0x66, 0x78, 0x66, 0x78, 0x66, 0x78, 0x18, 0xC4, 0x00, 0x00, 0x54, 0xFD,
  0x00, 0x00, 0x00, 0x00, 0x00, 0x00, 0x00, 0x00, 0x00, 0x00, 0x00, 0x00, 0x18, 0xC4, 0x66, 0x78,
  0x66, 0x78, 0x66, 0x78, 0x66, 0x78, 0x66, 0x78, 0x66, 0x78, 0x18, 0xC4, 0x00, 0x00, 0x54, 0xFD,
  0x00, 0x00, 0x00, 0x00, 0x6E, 0x30, 0x00, 0x00, 0x00, 0x00, 0x00, 0x00, 0x18, 0xC4, 0x66, 0x78,
  0x18, 0xC4, 0x18, 0xC4, 0x18, 0xC4, 0x18, 0xC4, 0x66, 0x78, 0x18, 0xC4, 0x00, 0x00, 0x54, 0xFD,
  0x00, 0x00, 0x00, 0x00, 0x6E, 0x30, 0x00, 0x00, 0x00, 0x00, 0x00, 0x00, 0x18, 0xC4, 0x66, 0x78,
  0x18, 0xC4, 0xFF, 0xFF, 0xFF, 0xFF, 0x18, 0xC4, 0x66, 0x78, 0x18, 0xC4, 0x00, 0x00, 0x54, 0xFD,
  0x00, 0x00, 0x00, 0x00, 0x6E, 0x30, 0x00, 0x00, 0x00, 0x00, 0x00, 0x00, 0x18, 0xC4, 0x66, 0x78,
  0x18, 0xC4, 0x18, 0xC4, 0x18, 0xC4, 0x18, 0xC4, 0x66, 0x78, 0x18, 0xC4, 0x00, 0x00, 0x54, 0xFD,
  0x00, 0x00, 0x00, 0x00, 0x6E, 0x30, 0x00, 0x00, 0x00, 0x00, 0x00, 0x00, 0x18, 0xC4, 0x66, 0x78,
  0x66, 0x78, 0x66, 0x78, 0x66, 0x78, 0x66, 0x78, 0x66, 0x78, 0x18, 0xC4, 0x00, 0x00, 0x00, 0x00,
  0x00, 0x00, 0x00, 0x00, 0x6E, 0x30, 0x00, 0x00, 0x00, 0x00, 0x00, 0x00, 0x18, 0xC4, 0x66, 0x78,
  0x66, 0x78, 0x66, 0x78, 0x66, 0x78, 0x66, 0x78, 0x66, 0x78, 0x18, 0xC4, 0x00, 0x00, 0x00, 0x00,
  0x00, 0x00, 0x6E, 0x30, 0x6E, 0x30, 0x6E, 0x30, 0x00, 0x00, 0x00, 0x00, 0x18, 0xC4, 0x18, 0xC4,
  0x18, 0xC4, 0x18, 0xC4, 0x18, 0xC4, 0x18, 0xC4, 0x18, 0xC4, 0x18, 0xC4, 0x00, 0x00, 0x00, 0x00,
  0x00, 0x00, 0x00, 0x00, 0x6E, 0x30, 0x00, 0x00, 0x00, 0x00, 0x00, 0x00, 0x00, 0x00, 0x00, 0x00,
  0x00, 0x00, 0x00, 0x00, 0x00, 0x00, 0x00, 0x00, 0x00, 0x00, 0x00, 0x00, 0x00, 0x00, 0x00, 0x00,
  0x00, 0x00, 0x00, 0x00, 0x00, 0x00, 0x00, 0x00, 0x00, 0x00, 0x00, 0x00, 0x00, 0x00, 0x00, 0x00,
  0x00, 0x00, 0x00, 0x00, 0x00, 0x00, 0x00, 0x00, 0x00, 0x00, 0x00, 0x00, 0x00, 0x00, 0x00, 0x00,
  0x00, 0x00, 0x00, 0x00, 0x00, 0x00, 0x00, 0x00, 0x00, 0x00, 0x00, 0x00, 0x00, 0x00, 0x00, 0x00,
  0x00, 0x00, 0x00, 0x00, 0x00, 0x00, 0x00, 0x00, 0x00, 0x00, 0x00, 0x00, 0x00, 0x00, 0x00, 0x00,
  0x00, 0x00, 0x00, 0x00, 0x00, 0x00, 0x00, 0x00, 0x00, 0x00, 0x00, 0x00, 0x00, 0x00, 0x00, 0x00,
  0x00, 0x00, 0x00, 0x00, 0x00, 0x00, 0x00, 0x00, 0x00, 0x00, 0x00, 0x00, 0x00, 0x00, 0x00, 0x00,
  0x00, 0x00, 0x00, 0x00, 0x00, 0x00, 0x00, 0x00, 0x00, 0x00, 0x00, 0x00, 0x00, 0x00, 0x00, 0x00,
  0x00, 0x00, 0x00, 0x00, 0x00, 0x00, 0x00, 0x00, 0x00, 0x00, 0x00, 0x00, 0x00, 0x00, 0x00, 0x00,
  0x00, 0x00, 0x00, 0x00, 0x00, 0x00, 0x00, 0x00,
};

static const uint8_t cic_firmware[] = {
  0x43, 0x49, 0x43, 0x31, 0x10, 0x00, 0x10, 0x00, 0x00, 0x00, 0x00, 0x00, 0x00, 0x00, 0x00, 0x00,
  0x00, 0x00, 0x00, 0x00, 0x00, 0x00, 0x00, 0x00, 0x00, 0x00, 0x00, 0x00, 0x00, 0x00, 0x00, 0x00,
  0x00, 0x00, 0x00, 0x00, 0x00, 0x00, 0x00, 0x00, 0x00, 0x00, 0x18, 0xC4, 0x18, 0xC4, 0x18, 0xC4,
  0x18, 0xC4, 0x18, 0xC4, 0x18, 0xC4, 0x18, 0xC4, 0x18, 0xC4, 0x18, 0xC4, 0x18, 0xC4, 0x18, 0xC4,
  0x18, 0xC4, 0x18, 0xC4, 0x18, 0xC4, 0x00, 0x00, 0x00, 0x00, 0x18, 0xC4, 0x34, 0x4A, 0x34, 0x4A,
  0x34, 0x4A, 0x34, 0x4A, 0x34, 0x4A, 0x34, 0x4A, 0x34, 0x4A, 0x34, 0x4A, 0x34, 0x4A, 0x34, 0x4A,
  0x34, 0x4A, 0x34, 0x4A, 0x18, 0xC4, 0x00, 0x00, 0x00, 0x00, 0x18, 0xC4, 0x34, 0x4A, 0xFE, 0x6A,
  0x18, 0xC4, 0xFE, 0x6A, 0x18, 0xC4, 0xFE, 0x6A, 0x18, 0xC4, 0xFE, 0x6A, 0x18, 0xC4, 0xFE, 0x6A,
  0x34, 0x4A, 0x34, 0x4A, 0x18, 0xC4, 0x00, 0x00, 0x00, 0x00, 0x18, 0xC4, 0x34, 0x4A, 0x34, 0x4A,
  0x34, 0x4A, 0x34, 0x4A, 0x34, 0x4A, 0x34, 0x4A, 0x34, 0x4A, 0x34, 0x4A, 0x34, 0x4A, 0x34, 0x4A,
  0x34, 0x4A, 0x34, 0x4A, 0x18, 0xC4, 0x00, 0x00, 0x00, 0x00, 0x18, 0xC4, 0x34, 0x4A, 0x34, 0x4A,
  0x18, 0xC4, 0x18, 0xC4, 0x18, 0xC4, 0x18, 0xC4, 0x18, 0xC4, 0x18, 0xC4, 0x18, 0xC4, 0x18, 0xC4,
  0x34, 0x4A, 0x34, 0x4A, 0x18, 0xC4, 0x00, 0x00, 0x00, 0x00, 0x18, 0xC4, 0x34, 0x4A, 0x34, 0x4A,
  0x18, 0xC4, 0x5B, 0x2E, 0x5B, 0x2E, 0x5B, 0x2E, 0x5B, 0x2E, 0x5B, 0x2E, 0x5B, 0x2E, 0x18, 0xC4,
  0x34, 0x4A, 0x34, 0x4A, 0x18, 0xC4, 0x00, 0x00, 0x00, 0x00, 0x18, 0xC4, 0x34, 0x4A, 0x34, 0x4A,
  0x18, 0xC4, 0x5B, 0x2E, 0x66, 0x78, 0x66, 0x78, 0x66, 0x78, 0x66, 0x78, 0x5B, 0x2E, 0x18, 0xC4,
  0x34, 0x4A, 0x34, 0x4A, 0x18, 0xC4, 0x00, 0x00, 0x00, 0x00, 0x18, 0xC4, 0x34, 0x4A, 0x34, 0x4A,
  0x18, 0xC4, 0x5B, 0x2E, 0x66, 0x78, 0x66, 0x78, 0x66, 0x78, 0x66, 0x78, 0x5B, 0x2E, 0x18, 0xC4,
  0x34, 0x4A, 0x34, 0x4A, 0x18, 0xC4, 0x00, 0x00, 0x00, 0x00, 0x18, 0xC4, 0x34, 0x4A, 0x34, 0x4A,
  0x18, 0xC4, 0x5B, 0x2E, 0x5B, 0x2E, 0x5B, 0x2E, 0x5B, 0x2E, 0x5B, 0x2E, 0x5B, 0x2E, 0x18, 0xC4,
  0x34, 0x4A, 0x34, 0x4A, 0x18, 0xC4, 0x00, 0x00, 0x00, 0x00, 0x18, 0xC4, 0x34, 0x4A, 0x34, 0x4A,
  0x18, 0xC4, 0x18, 0xC4, 0x18, 0xC4, 0x18, 0xC4, 0x18, 0xC4, 0x18, 0xC4, 0x18, 0xC4, 0x18, 0xC4,
  0x34, 0x4A, 0x34, 0x4A, 0x18, 0xC4, 0x00, 0x00, 0x00, 0x00, 0x18, 0xC4, 0x34, 0x4A, 0x34, 0x4A,
  0x34, 0x4A, 0x34, 0x4A, 0x34, 0x4A, 0x34, 0x4A, 0x34, 0x4A, 0x34, 0x4A, 0x34, 0x4A, 0x34, 0x4A,
  0x34, 0x4A, 0x34, 0x4A, 0x18, 0xC4, 0x00, 0x00, 0x00, 0x00, 0x18, 0xC4, 0x34, 0x4A, 0x18, 0xC4,
  0x18, 0xC4, 0x34, 0x4A, 0x18, 0xC4, 0x18, 0xC4, 0x34, 0x4A, 0x18, 0xC4, 0x18, 0xC4, 0x34, 0x4A,
  0x34, 0x4A, 0x34, 0x4A, 0x18, 0xC4, 0x00, 0x00, 0x00, 0x00, 0x18, 0xC4, 0x18, 0xC4, 0x18, 0xC4,
  0x18, 0xC4, 0x18, 0xC4, 0x18, 0xC4, 0x18, 0xC4, 0x18, 0xC4, 0x18, 0xC4, 0x18, 0xC4, 0x18, 0xC4,
  0x18, 0xC4, 0x18, 0xC4, 0x18, 0xC4, 0x00, 0x00, 0x00, 0x00, 0x00, 0x00, 0x00, 0x00, 0x00, 0x00,
  0x00, 0x00, 0x00, 0x00, 0x00, 0x00, 0x00, 0x00, 0x00, 0x00, 0x00, 0x00, 0x00, 0x00, 0x00, 0x00,
  0x00, 0x00, 0x00, 0x00, 0x00, 0x00, 0x00, 0x00, 0x00, 0x00, 0x00, 0x00, 0x00, 0x00, 0x00, 0x00,
  0x00, 0x00, 0x00, 0x00, 0x00, 0x00, 0x00, 0x00, 0x00, 0x00, 0x00, 0x00, 0x00, 0x00, 0x00, 0x00,
  0x00, 0x00, 0x00, 0x00, 0x00, 0x00, 0x00, 0x00,
};

static const uint8_t cic_folder_Games[] = {
  0x43, 0x49, 0x43, 0x31, 0x10, 0x00, 0x10, 0x00, 0x00, 0x00, 0x00, 0x00, 0x00, 0x00, 0x00, 0x00,
  0x00, 0x00, 0x00, 0x00, 0x00, 0x00, 0x00, 0x00, 0x00, 0x00, 0x00, 0x00, 0x00, 0x00, 0x00, 0x00,
  0x00, 0x00, 0x00, 0x00, 0x00, 0x00, 0x00, 0x00, 0x00, 0x00, 0x00, 0x00, 0x18, 0xC4, 0x18, 0xC4,
  0x18, 0xC4, 0x18, 0xC4, 0x18, 0xC4, 0x00, 0x00, 0x00, 0x00, 0x00, 0x00, 0x00, 0x00, 0x00, 0x00,
  0x00, 0x00, 0x00, 0x00, 0x00, 0x00, 0x00, 0x00, 0x00, 0x00, 0x18, 0xC4, 0xFE, 0x6A, 0xFE, 0x6A,
  0xFE, 0x6A, 0xFE, 0x6A, 0xFE, 0x6A, 0x18, 0xC4, 0x18, 0xC4, 0x18, 0xC4, 0x18, 0xC4, 0x18, 0xC4,
  0x18, 0xC4, 0x18, 0xC4, 0x18, 0xC4, 0x00, 0x00, 0x00, 0x00, 0x18, 0xC4, 0xFE, 0x6A, 0xFE, 0x6A,
  0xFE, 0x6A, 0xFE, 0x6A, 0xFE, 0x6A, 0xFE, 0x6A, 0xFE, 0x6A, 0xFE, 0x6A, 0xFE, 0x6A, 0xFE, 0x6A,
  0xFE, 0x6A, 0xFE, 0x6A, 0x18, 0xC4, 0x00, 0x00, 0x00, 0x00, 0x18, 0xC4, 0xFE, 0x6A, 0xFE, 0x6A,
  0xFE, 0x6A, 0xFE, 0x6A, 0xFE, 0x6A, 0xFE, 0x6A, 0xFE, 0x6A, 0xFE, 0x6A, 0xFE, 0x6A, 0xFE, 0x6A,
  0xFE, 0x6A, 0xFE, 0x6A, 0x18, 0xC4, 0x00, 0x00, 0x00, 0x00, 0x18, 0xC4, 0xFE, 0x6A, 0xFE, 0x6A,
  0xFE, 0x6A, 0xFE, 0x6A, 0x18, 0xC4, 0x18, 0xC4, 0x18, 0xC4, 0xFE, 0x6A, 0xFE, 0x6A, 0xFE, 0x6A,
  0xFE, 0x6A, 0xFE, 0x6A, 0x18, 0xC4, 0x00, 0x00, 0x00, 0x00, 0x18, 0xC4, 0xFE, 0x6A, 0xFE, 0x6A,
  0xFE, 0x6A, 0xFE, 0x6A, 0x18, 0xC4, 0x6E, 0x30, 0x18, 0xC4, 0xFE, 0x6A, 0xFE, 0x6A, 0xFE, 0x6A,
  0xFE, 0x6A, 0xFE, 0x6A, 0x18, 0xC4, 0x00, 0x00, 0x00, 0x00, 0x18, 0xC4, 0xFE, 0x6A, 0xFE, 0x6A,
  0x18, 0xC4, 0x18, 0xC4, 0x18, 0xC4, 0x6E, 0x30, 0x18, 0xC4, 0x18, 0xC4, 0x18, 0xC4, 0xFE, 0x6A,
  0xFE, 0x6A, 0xFE, 0x6A, 0x18, 0xC4, 0x00, 0x00, 0x00, 0x00, 0x18, 0xC4, 0xFE, 0x6A, 0xFE, 0x6A,
  0x18, 0xC4, 0x6E, 0x30, 0x6E, 0x30, 0x6E, 0x30, 0x6E, 0x30, 0x6E, 0x30, 0x18, 0xC4, 0xFE, 0x6A,
  0xFE, 0x6A, 0xFE, 0x6A, 0x18, 0xC4, 0x00, 0x00, 0x00, 0x00, 0x18, 0xC4, 0xFE, 0x6A, 0xFE, 0x6A,
  0x18, 0xC4, 0x18, 0xC4, 0x18, 0xC4, 0x6E, 0x30, 0x18, 0xC4, 0x18, 0xC4, 0x18, 0xC4, 0xFE, 0x6A,
  0xFE, 0x6A, 0xFE, 0x6A, 0x18, 0xC4, 0x00, 0x00, 0x00, 0x00, 0x18, 0xC4, 0xFE, 0x6A, 0xFE, 0x6A,
  0xFE, 0x6A, 0xFE, 0x6A, 0x18, 0xC4, 0x6E, 0x30, 0x18, 0xC4, 0xFE, 0x6A, 0xFE, 0x6A, 0xFE, 0x6A,
  0xFE, 0x6A, 0xFE, 0x6A, 0x18, 0xC4, 0x00, 0x00, 0x00, 0x00, 0x18, 0xC4, 0xFE, 0x6A, 0xFE, 0x6A,
  0xFE, 0x6A, 0xFE, 0x6A, 0x18, 0xC4, 0x18, 0xC4, 0x18, 0xC4, 0xFE, 0x6A, 0xFE, 0x6A, 0xFE, 0x6A,
  0xFE, 0x6A, 0xFE, 0x6A, 0x18, 0xC4, 0x00, 0x00, 0x00, 0x00, 0x18, 0xC4, 0xFE, 0x6A, 0xFE, 0x6A,
  0xFE, 0x6A, 0xFE, 0x6A, 0xFE, 0x6A, 0xFE, 0x6A, 0xFE, 0x6A, 0xFE, 0x6A, 0xFE, 0x6A, 0xFE, 0x6A,
  0xFE, 0x6A, 0xFE, 0x6A, 0x18, 0xC4, 0x00, 0x00, 0x00, 0x00, 0x18, 0xC4, 0xEC, 0x46, 0xEC, 0x46,
  0xEC, 0x46, 0xEC, 0x46, 0xEC, 0x46, 0xEC, 0x46, 0xEC, 0x46, 0xEC, 0x46, 0xEC, 0x46, 0xEC, 0x46,
  0xEC, 0x46, 0xEC, 0x46, 0x18, 0xC4, 0x00, 0x00, 0x00, 0x00, 0x18, 0xC4, 0x18, 0xC4, 0x18, 0xC4,
  0x18, 0xC4, 0x18, 0xC4, 0x18, 0xC4, 0x18, 0xC4, 0x18, 0xC4, 0x18, 0xC4, 0x18, 0xC4, 0x18, 0xC4,
  0x18, 0xC4, 0x18, 0xC4, 0x18, 0xC4, 0x00, 0x00, 0x00, 0x00, 0x00, 0x00, 0x00, 0x00, 0x00, 0x00,
  0x00, 0x00, 0x00, 0x00, 0x00, 0x00, 0x00, 0x00, 0x00, 0x00, 0x00, 0x00, 0x00, 0x00, 0x00, 0x00,
  0x00, 0x00, 0x00, 0x00, 0x00, 0x00, 0x00, 0x00,
};

static const uint8_t cic_folder_Net[] = {
  0x43, 0x49, 0x43, 0x31, 0x10, 0x00, 0x10, 0x00, 0x00, 0x00, 0x00, 0x00, 0x00, 0x00, 0x00, 0x00,
  0x00, 0x00, 0x00, 0x00, 0x00, 0x00, 0x00, 0x00, 0x00, 0x00, 0x00, 0x00, 0x00, 0x00, 0x00, 0x00,
  0x00, 0x00, 0x00, 0x00, 0x00, 0x00, 0x00, 0x00, 0x00, 0x00, 0x00, 0x00, 0x18, 0xC4, 0x18, 0xC4,
  0x18, 0xC4, 0x18, 0xC4, 0x18, 0xC4, 0x00, 0x00, 0x00, 0x00, 0x00, 0x00, 0x00, 0x00, 0x00, 0x00,
  0x00, 0x00, 0x00, 0x00, 0x00, 0x00, 0x00, 0x00, 0x00, 0x00, 0x18, 0xC4, 0xFE, 0x6A, 0xFE, 0x6A,
  0xFE, 0x6A, 0xFE, 0x6A, 0xFE, 0x6A, 0x18, 0xC4, 0x18, 0xC4, 0x18, 0xC4, 0x18, 0xC4, 0x18, 0xC4,
  0x18, 0xC4, 0x18, 0xC4, 0x18, 0xC4, 0x00, 0x00, 0x00, 0x00, 0x18, 0xC4, 0xFE, 0x6A, 0xFE, 0x6A,
  0xFE, 0x6A, 0xFE, 0x6A, 0xFE, 0x6A, 0xFE, 0x6A, 0xFE, 0x6A, 0xFE, 0x6A, 0xFE, 0x6A, 0xFE, 0x6A,
  0xFE, 0x6A, 0xFE, 0x6A, 0x18, 0xC4, 0x00, 0x00, 0x00, 0x00, 0x18, 0xC4, 0xFE, 0x6A, 0xFE, 0x6A,
  0xFE, 0x6A, 0xFE, 0x6A, 0xFE, 0x6A, 0xFE, 0x6A, 0xFE, 0x6A, 0xFE, 0x6A, 0xFE, 0x6A, 0xFE, 0x6A,
  0xFE, 0x6A, 0xFE, 0x6A, 0x18, 0xC4, 0x00, 0x00, 0x00, 0x00, 0x18, 0xC4, 0xFE, 0x6A, 0xFE, 0x6A,
  0xFE, 0x6A, 0xFE, 0x6A, 0x18, 0xC4, 0x18, 0xC4, 0x18, 0xC4, 0x18, 0xC4, 0xFE, 0x6A, 0xFE, 0x6A,
  0xFE, 0x6A, 0xFE, 0x6A, 0x18, 0xC4, 0x00, 0x00, 0x00, 0x00, 0x18, 0xC4, 0xFE, 0x6A, 0xFE, 0x6A,
  0xFE, 0x6A, 0x18, 0xC4, 0x54, 0xFD, 0x2A, 0xF3, 0x54, 0xFD, 0x2A, 0xF3, 0x54, 0xFD, 0x18, 0xC4,
  0xFE, 0x6A, 0xFE, 0x6A, 0x18, 0xC4, 0x00, 0x00, 0x00, 0x00, 0x18, 0xC4, 0xFE, 0x6A, 0xFE, 0x6A,
  0x18, 0xC4, 0x54, 0xFD, 0x54, 0xFD, 0x2A, 0xF3, 0x54, 0xFD, 0x54, 0xFD, 0x2A, 0xF3, 0x54, 0xFD,
  0x18, 0xC4, 0xFE, 0x6A, 0x18, 0xC4, 0x00, 0x00, 0x00, 0x00, 0x18, 0xC4, 0xFE, 0x6A, 0xFE, 0x6A,
  0x2A, 0xF3, 0x2A, 0xF3, 0x2A, 0xF3, 0x2A, 0xF3, 0x2A, 0xF3, 0x2A, 0xF3, 0x2A, 0xF3, 0x2A, 0xF3,
  0x18, 0xC4, 0xFE, 0x6A, 0x18, 0xC4, 0x00, 0x00, 0x00, 0x00, 0x18, 0xC4, 0xFE, 0x6A, 0xFE, 0x6A,
  0x18, 0xC4, 0x54, 0xFD, 0x54, 0xFD, 0x2A, 0xF3, 0x54, 0xFD, 0x54, 0xFD, 0x2A, 0xF3, 0x54, 0xFD,
  0x18, 0xC4, 0xFE, 0x6A, 0x18, 0xC4, 0x00, 0x00, 0x00, 0x00, 0x18, 0xC4, 0xFE, 0x6A, 0xFE, 0x6A,
  0xFE, 0x6A, 0x18, 0xC4, 0x54, 0xFD, 0x2A, 0xF3, 0x54, 0xFD, 0x2A, 0xF3, 0x54, 0xFD, 0x18, 0xC4,
  0xFE, 0x6A, 0xFE, 0x6A, 0x18, 0xC4, 0x00, 0x00, 0x00, 0x00, 0x18, 0xC4, 0xFE, 0x6A, 0xFE, 0x6A,
  0xFE, 0x6A, 0xFE, 0x6A, 0x18, 0xC4, 0x18, 0xC4, 0x18, 0xC4, 0x18, 0xC4, 0xFE, 0x6A, 0xFE, 0x6A,
  0xFE, 0x6A, 0xFE, 0x6A, 0x18, 0xC4, 0x00, 0x00, 0x00, 0x00, 0x18, 0xC4, 0xFE, 0x6A, 0xFE, 0x6A,
  0xFE, 0x6A, 0xFE, 0x6A, 0xFE, 0x6A, 0xFE, 0x6A, 0xFE, 0x6A, 0xFE, 0x6A, 0xFE, 0x6A, 0xFE, 0x6A,
  0xFE, 0x6A, 0xFE, 0x6A, 0x18, 0xC4, 0x00, 0x00, 0x00, 0x00, 0x18, 0xC4, 0xEC, 0x46, 0xEC, 0x46,
  0xEC, 0x46, 0xEC, 0x46, 0xEC, 0x46, 0xEC, 0x46, 0xEC, 0x46, 0xEC, 0x46, 0xEC, 0x46, 0xEC, 0x46,
  0xEC, 0x46, 0xEC, 0x46, 0x18, 0xC4, 0x00, 0x00, 0x00, 0x00, 0x18, 0xC4, 0x18, 0xC4, 0x18, 0xC4,
  0x18, 0xC4, 0x18, 0xC4, 0x18, 0xC4, 0x18, 0xC4, 0x18, 0xC4, 0x18, 0xC4, 0x18, 0xC4, 0x18, 0xC4,
  0x18, 0xC4, 0x18, 0xC4, 0x18, 0xC4, 0x00, 0x00, 0x00, 0x00, 0x00, 0x00, 0x00, 0x00, 0x00, 0x00,
  0x00, 0x00, 0x00, 0x00, 0x00, 0x00, 0x00, 0x00, 0x00, 0x00, 0x00, 0x00, 0x00, 0x00, 0x00, 0x00,
  0x00, 0x00, 0x00, 0x00, 0x00, 0x00, 0x00, 0x00,
};

static const uint8_t cic_folder_Make[] = {
  0x43, 0x49, 0x43, 0x31, 0x10, 0x00, 0x10, 0x00, 0x00, 0x00, 0x00, 0x00, 0x00, 0x00, 0x00, 0x00,
  0x00, 0x00, 0x00, 0x00, 0x00, 0x00, 0x00, 0x00, 0x00, 0x00, 0x00, 0x00, 0x00, 0x00, 0x00, 0x00,
  0x00, 0x00, 0x00, 0x00, 0x00, 0x00, 0x00, 0x00, 0x00, 0x00, 0x00, 0x00, 0x18, 0xC4, 0x18, 0xC4,
  0x18, 0xC4, 0x18, 0xC4, 0x18, 0xC4, 0x00, 0x00, 0x00, 0x00, 0x00, 0x00, 0x00, 0x00, 0x00, 0x00,
  0x00, 0x00, 0x00, 0x00, 0x00, 0x00, 0x00, 0x00, 0x00, 0x00, 0x18, 0xC4, 0xFE, 0x6A, 0xFE, 0x6A,
  0xFE, 0x6A, 0xFE, 0x6A, 0xFE, 0x6A, 0x18, 0xC4, 0x18, 0xC4, 0x18, 0xC4, 0x18, 0xC4, 0x18, 0xC4,
  0x18, 0xC4, 0x18, 0xC4, 0x18, 0xC4, 0x00, 0x00, 0x00, 0x00, 0x18, 0xC4, 0xFE, 0x6A, 0xFE, 0x6A,
  0xFE, 0x6A, 0xFE, 0x6A, 0xFE, 0x6A, 0xFE, 0x6A, 0xFE, 0x6A, 0xFE, 0x6A, 0xFE, 0x6A, 0xFE, 0x6A,
  0xFE, 0x6A, 0xFE, 0x6A, 0x18, 0xC4, 0x00, 0x00, 0x00, 0x00, 0x18, 0xC4, 0xFE, 0x6A, 0xFE, 0x6A,
  0xFE, 0x6A, 0xFE, 0x6A, 0xFE, 0x6A, 0xFE, 0x6A, 0xFE, 0x6A, 0xFE, 0x6A, 0x18, 0xC4, 0x18, 0xC4,
  0xFE, 0x6A, 0xFE, 0x6A, 0x18, 0xC4, 0x00, 0x00, 0x00, 0x00, 0x18, 0xC4, 0xFE, 0x6A, 0xFE, 0x6A,
  0xFE, 0x6A, 0xFE, 0x6A, 0xFE, 0x6A, 0xFE, 0x6A, 0xFE, 0x6A, 0x18, 0xC4, 0x94, 0xF5, 0x94, 0xF5,
  0x18, 0xC4, 0xFE, 0x6A, 0x18, 0xC4, 0x00, 0x00, 0x00, 0x00, 0x18, 0xC4, 0xFE, 0x6A, 0xFE, 0x6A,
  0xFE, 0x6A, 0xFE, 0x6A, 0xFE, 0x6A, 0xFE, 0x6A, 0x18, 0xC4, 0x94, 0xF5, 0x94, 0xF5, 0x94, 0xF5,
  0x18, 0xC4, 0xFE, 0x6A, 0x18, 0xC4, 0x00, 0x00, 0x00, 0x00, 0x18, 0xC4, 0xFE, 0x6A, 0xFE, 0x6A,
  0xFE, 0x6A, 0xFE, 0x6A, 0xFE, 0x6A, 0x18, 0xC4, 0x94, 0xF5, 0x94, 0xF5, 0x18, 0xC4, 0x18, 0xC4,
  0x18, 0xC4, 0xFE, 0x6A, 0x18, 0xC4, 0x00, 0x00, 0x00, 0x00, 0x18, 0xC4, 0xFE, 0x6A, 0xFE, 0x6A,
  0xFE, 0x6A, 0xFE, 0x6A, 0x18, 0xC4, 0x94, 0xF5, 0x94, 0xF5, 0x18, 0xC4, 0xFE, 0x6A, 0xFE, 0x6A,
  0xFE, 0x6A, 0xFE, 0x6A, 0x18, 0xC4, 0x00, 0x00, 0x00, 0x00, 0x18, 0xC4, 0xFE, 0x6A, 0xFE, 0x6A,
  0xFE, 0x6A, 0x18, 0xC4, 0x94, 0xF5, 0x94, 0xF5, 0x18, 0xC4, 0xFE, 0x6A, 0xFE, 0x6A, 0xFE, 0x6A,
  0xFE, 0x6A, 0xFE, 0x6A, 0x18, 0xC4, 0x00, 0x00, 0x00, 0x00, 0x18, 0xC4, 0xFE, 0x6A, 0xFE, 0x6A,
  0x18, 0xC4, 0x94, 0xF5, 0x94, 0xF5, 0x18, 0xC4, 0xFE, 0x6A, 0xFE, 0x6A, 0xFE, 0x6A, 0xFE, 0x6A,
  0xFE, 0x6A, 0xFE, 0x6A, 0x18, 0xC4, 0x00, 0x00, 0x00, 0x00, 0x18, 0xC4, 0xFE, 0x6A, 0xFE, 0x6A,
  0x18, 0xC4, 0x18, 0xC4, 0x18, 0xC4, 0xFE, 0x6A, 0xFE, 0x6A, 0xFE, 0x6A, 0xFE, 0x6A, 0xFE, 0x6A,
  0xFE, 0x6A, 0xFE, 0x6A, 0x18, 0xC4, 0x00, 0x00, 0x00, 0x00, 0x18, 0xC4, 0xFE, 0x6A, 0xFE, 0x6A,
  0xFE, 0x6A, 0xFE, 0x6A, 0xFE, 0x6A, 0xFE, 0x6A, 0xFE, 0x6A, 0xFE, 0x6A, 0xFE, 0x6A, 0xFE, 0x6A,
  0xFE, 0x6A, 0xFE, 0x6A, 0x18, 0xC4, 0x00, 0x00, 0x00, 0x00, 0x18, 0xC4, 0xEC, 0x46, 0xEC, 0x46,
  0xEC, 0x46, 0xEC, 0x46, 0xEC, 0x46, 0xEC, 0x46, 0xEC, 0x46, 0xEC, 0x46, 0xEC, 0x46, 0xEC, 0x46,
  0xEC, 0x46, 0xEC, 0x46, 0x18, 0xC4, 0x00, 0x00, 0x00, 0x00, 0x18, 0xC4, 0x18, 0xC4, 0x18, 0xC4,
  0x18, 0xC4, 0x18, 0xC4, 0x18, 0xC4, 0x18, 0xC4, 0x18, 0xC4, 0x18, 0xC4, 0x18, 0xC4, 0x18, 0xC4,
  0x18, 0xC4, 0x18, 0xC4, 0x18, 0xC4, 0x00, 0x00, 0x00, 0x00, 0x00, 0x00, 0x00, 0x00, 0x00, 0x00,
  0x00, 0x00, 0x00, 0x00, 0x00, 0x00, 0x00, 0x00, 0x00, 0x00, 0x00, 0x00, 0x00, 0x00, 0x00, 0x00,
  0x00, 0x00, 0x00, 0x00, 0x00, 0x00, 0x00, 0x00,
};

static const uint8_t cic_folder_Plan[] = {
  0x43, 0x49, 0x43, 0x31, 0x10, 0x00, 0x10, 0x00, 0x00, 0x00, 0x00, 0x00, 0x00, 0x00, 0x00, 0x00,
  0x00, 0x00, 0x00, 0x00, 0x00, 0x00, 0x00, 0x00, 0x00, 0x00, 0x00, 0x00, 0x00, 0x00, 0x00, 0x00,
  0x00, 0x00, 0x00, 0x00, 0x00, 0x00, 0x00, 0x00, 0x00, 0x00, 0x00, 0x00, 0x18, 0xC4, 0x18, 0xC4,
  0x18, 0xC4, 0x18, 0xC4, 0x18, 0xC4, 0x00, 0x00, 0x00, 0x00, 0x00, 0x00, 0x00, 0x00, 0x00, 0x00,
  0x00, 0x00, 0x00, 0x00, 0x00, 0x00, 0x00, 0x00, 0x00, 0x00, 0x18, 0xC4, 0xFE, 0x6A, 0xFE, 0x6A,
  0xFE, 0x6A, 0xFE, 0x6A, 0xFE, 0x6A, 0x18, 0xC4, 0x18, 0xC4, 0x18, 0xC4, 0x18, 0xC4, 0x18, 0xC4,
  0x18, 0xC4, 0x18, 0xC4, 0x18, 0xC4, 0x00, 0x00, 0x00, 0x00, 0x18, 0xC4, 0xFE, 0x6A, 0xFE, 0x6A,
  0xFE, 0x6A, 0xFE, 0x6A, 0xFE, 0x6A, 0xFE, 0x6A, 0xFE, 0x6A, 0xFE, 0x6A, 0xFE, 0x6A, 0xFE, 0x6A,
  0xFE, 0x6A, 0xFE, 0x6A, 0x18, 0xC4, 0x00, 0x00, 0x00, 0x00, 0x18, 0xC4, 0xFE, 0x6A, 0xFE, 0x6A,
  0xFE, 0x6A, 0xFE, 0x6A, 0xFE, 0x6A, 0xFE, 0x6A, 0xFE, 0x6A, 0xFE, 0x6A, 0xFE, 0x6A, 0xFE, 0x6A,
  0xFE, 0x6A, 0xFE, 0x6A, 0x18, 0xC4, 0x00, 0x00, 0x00, 0x00, 0x18, 0xC4, 0xFE, 0x6A, 0xFE, 0x6A,
  0xFE, 0x6A, 0x18, 0xC4, 0x18, 0xC4, 0x18, 0xC4, 0x18, 0xC4, 0x18, 0xC4, 0x18, 0xC4, 0x18, 0xC4,
  0xFE, 0x6A, 0xFE, 0x6A, 0x18, 0xC4, 0x00, 0x00, 0x00, 0x00, 0x18, 0xC4, 0xFE, 0x6A, 0xFE, 0x6A,
  0xFE, 0x6A, 0x18, 0xC4, 0xFF, 0xFF, 0xFF, 0xFF, 0xFF, 0xFF, 0xFF, 0xFF, 0xFF, 0xFF, 0x6E, 0x30,
  0x18, 0xC4, 0xFE, 0x6A, 0x18, 0xC4, 0x00, 0x00, 0x00, 0x00, 0x18, 0xC4, 0xFE, 0x6A, 0xFE, 0x6A,
  0xFE, 0x6A, 0x18, 0xC4, 0xFF, 0xFF, 0xFF, 0xFF, 0xFF, 0xFF, 0xFF, 0xFF, 0x6E, 0x30, 0x6E, 0x30,
  0x18, 0xC4, 0xFE, 0x6A, 0x18, 0xC4, 0x00, 0x00, 0x00, 0x00, 0x18, 0xC4, 0xFE, 0x6A, 0xFE, 0x6A,
  0xFE, 0x6A, 0x18, 0xC4, 0x6E, 0x30, 0xFF, 0xFF, 0xFF, 0xFF, 0x6E, 0x30, 0x6E, 0x30, 0xFF, 0xFF,
  0x18, 0xC4, 0xFE, 0x6A, 0x18, 0xC4, 0x00, 0x00, 0x00, 0x00, 0x18, 0xC4, 0xFE, 0x6A, 0xFE, 0x6A,
  0xFE, 0x6A, 0x18, 0xC4, 0x6E, 0x30, 0x6E, 0x30, 0x6E, 0x30, 0x6E, 0x30, 0xFF, 0xFF, 0xFF, 0xFF,
  0x18, 0xC4, 0xFE, 0x6A, 0x18, 0xC4, 0x00, 0x00, 0x00, 0x00, 0x18, 0xC4, 0xFE, 0x6A, 0xFE, 0x6A,
  0xFE, 0x6A, 0x18, 0xC4, 0xFF, 0xFF, 0x6E, 0x30, 0x6E, 0x30, 0xFF, 0xFF, 0xFF, 0xFF, 0xFF, 0xFF,
  0x18, 0xC4, 0xFE, 0x6A, 0x18, 0xC4, 0x00, 0x00, 0x00, 0x00, 0x18, 0xC4, 0xFE, 0x6A, 0xFE, 0x6A,
  0xFE, 0x6A, 0x18, 0xC4, 0x18, 0xC4, 0x18, 0xC4, 0x18, 0xC4, 0x18, 0xC4, 0x18, 0xC4, 0x18, 0xC4,
  0xFE, 0x6A, 0xFE, 0x6A, 0x18, 0xC4, 0x00, 0x00, 0x00, 0x00, 0x18, 0xC4, 0xFE, 0x6A, 0xFE, 0x6A,
  0xFE, 0x6A, 0xFE, 0x6A, 0xFE, 0x6A, 0xFE, 0x6A, 0xFE, 0x6A, 0xFE, 0x6A, 0xFE, 0x6A, 0xFE, 0x6A,
  0xFE, 0x6A, 0xFE, 0x6A, 0x18, 0xC4, 0x00, 0x00, 0x00, 0x00, 0x18, 0xC4, 0xEC, 0x46, 0xEC, 0x46,
  0xEC, 0x46, 0xEC, 0x46, 0xEC, 0x46, 0xEC, 0x46, 0xEC, 0x46, 0xEC, 0x46, 0xEC, 0x46, 0xEC, 0x46,
  0xEC, 0x46, 0xEC, 0x46, 0x18, 0xC4, 0x00, 0x00, 0x00, 0x00, 0x18, 0xC4, 0x18, 0xC4, 0x18, 0xC4,
  0x18, 0xC4, 0x18, 0xC4, 0x18, 0xC4, 0x18, 0xC4, 0x18, 0xC4, 0x18, 0xC4, 0x18, 0xC4, 0x18, 0xC4,
  0x18, 0xC4, 0x18, 0xC4, 0x18, 0xC4, 0x00, 0x00, 0x00, 0x00, 0x00, 0x00, 0x00, 0x00, 0x00, 0x00,
  0x00, 0x00, 0x00, 0x00, 0x00, 0x00, 0x00, 0x00, 0x00, 0x00, 0x00, 0x00, 0x00, 0x00, 0x00, 0x00,
  0x00, 0x00, 0x00, 0x00, 0x00, 0x00, 0x00, 0x00,
};

static const uint8_t cic_folder_System[] = {
  0x43, 0x49, 0x43, 0x31, 0x10, 0x00, 0x10, 0x00, 0x00, 0x00, 0x00, 0x00, 0x00, 0x00, 0x00, 0x00,
  0x00, 0x00, 0x00, 0x00, 0x00, 0x00, 0x00, 0x00, 0x00, 0x00, 0x00, 0x00, 0x00, 0x00, 0x00, 0x00,
  0x00, 0x00, 0x00, 0x00, 0x00, 0x00, 0x00, 0x00, 0x00, 0x00, 0x00, 0x00, 0x18, 0xC4, 0x18, 0xC4,
  0x18, 0xC4, 0x18, 0xC4, 0x18, 0xC4, 0x00, 0x00, 0x00, 0x00, 0x00, 0x00, 0x00, 0x00, 0x00, 0x00,
  0x00, 0x00, 0x00, 0x00, 0x00, 0x00, 0x00, 0x00, 0x00, 0x00, 0x18, 0xC4, 0xFE, 0x6A, 0xFE, 0x6A,
  0xFE, 0x6A, 0xFE, 0x6A, 0xFE, 0x6A, 0x18, 0xC4, 0x18, 0xC4, 0x18, 0xC4, 0x18, 0xC4, 0x18, 0xC4,
  0x18, 0xC4, 0x18, 0xC4, 0x18, 0xC4, 0x00, 0x00, 0x00, 0x00, 0x18, 0xC4, 0xFE, 0x6A, 0xFE, 0x6A,
  0xFE, 0x6A, 0xFE, 0x6A, 0xFE, 0x6A, 0xFE, 0x6A, 0xFE, 0x6A, 0xFE, 0x6A, 0xFE, 0x6A, 0xFE, 0x6A,
  0xFE, 0x6A, 0xFE, 0x6A, 0x18, 0xC4, 0x00, 0x00, 0x00, 0x00, 0x18, 0xC4, 0xFE, 0x6A, 0xFE, 0x6A,
  0xFE, 0x6A, 0xFE, 0x6A, 0xFE, 0x6A, 0x18, 0xC4, 0x18, 0xC4, 0xFE, 0x6A, 0xFE, 0x6A, 0xFE, 0x6A,
  0xFE, 0x6A, 0xFE, 0x6A, 0x18, 0xC4, 0x00, 0x00, 0x00, 0x00, 0x18, 0xC4, 0xFE, 0x6A, 0xFE, 0x6A,
  0xFE, 0x6A, 0x18, 0xC4, 0x18, 0xC4, 0x5B, 0x2E, 0x5B, 0x2E, 0x18, 0xC4, 0x18, 0xC4, 0xFE, 0x6A,
  0xFE, 0x6A, 0xFE, 0x6A, 0x18, 0xC4, 0x00, 0x00, 0x00, 0x00, 0x18, 0xC4, 0xFE, 0x6A, 0xFE, 0x6A,
  0xFE, 0x6A, 0x18, 0xC4, 0x5B, 0x2E, 0x5B, 0x2E, 0x5B, 0x2E, 0x5B, 0x2E, 0x18, 0xC4, 0xFE, 0x6A,
  0xFE, 0x6A, 0xFE, 0x6A, 0x18, 0xC4, 0x00, 0x00, 0x00, 0x00, 0x18, 0xC4, 0xFE, 0x6A, 0xFE, 0x6A,
  0x18, 0xC4, 0x5B, 0x2E, 0x5B, 0x2E, 0x18, 0xC4, 0x18, 0xC4, 0x5B, 0x2E, 0x5B, 0x2E, 0x18, 0xC4,
  0xFE, 0x6A, 0xFE, 0x6A, 0x18, 0xC4, 0x00, 0x00, 0x00, 0x00, 0x18, 0xC4, 0xFE, 0x6A, 0xFE, 0x6A,
  0x18, 0xC4, 0x5B, 0x2E, 0x5B, 0x2E, 0x18, 0xC4, 0x18, 0xC4, 0x5B, 0x2E, 0x5B, 0x2E, 0x18, 0xC4,
  0xFE, 0x6A, 0xFE, 0x6A, 0x18, 0xC4, 0x00, 0x00, 0x00, 0x00, 0x18, 0xC4, 0xFE, 0x6A, 0xFE, 0x6A,
  0xFE, 0x6A, 0x18, 0xC4, 0x5B, 0x2E, 0x5B, 0x2E, 0x5B, 0x2E, 0x5B, 0x2E, 0x18, 0xC4, 0xFE, 0x6A,
  0xFE, 0x6A, 0xFE, 0x6A, 0x18, 0xC4, 0x00, 0x00, 0x00, 0x00, 0x18, 0xC4, 0xFE, 0x6A, 0xFE, 0x6A,
  0xFE, 0x6A, 0x18, 0xC4, 0x18, 0xC4, 0x5B, 0x2E, 0x5B, 0x2E, 0x18, 0xC4, 0x18, 0xC4, 0xFE, 0x6A,
  0xFE, 0x6A, 0xFE, 0x6A, 0x18, 0xC4, 0x00, 0x00, 0x00, 0x00, 0x18, 0xC4, 0xFE, 0x6A, 0xFE, 0x6A,
  0xFE, 0x6A, 0xFE, 0x6A, 0xFE, 0x6A, 0x18, 0xC4, 0x18, 0xC4, 0xFE, 0x6A, 0xFE, 0x6A, 0xFE, 0x6A,
  0xFE, 0x6A, 0xFE, 0x6A, 0x18, 0xC4, 0x00, 0x00, 0x00, 0x00, 0x18, 0xC4, 0xFE, 0x6A, 0xFE, 0x6A,
  0xFE, 0x6A, 0xFE, 0x6A, 0xFE, 0x6A, 0xFE, 0x6A, 0xFE, 0x6A, 0xFE, 0x6A, 0xFE, 0x6A, 0xFE, 0x6A,
  0xFE, 0x6A, 0xFE, 0x6A, 0x18, 0xC4, 0x00, 0x00, 0x00, 0x00, 0x18, 0xC4, 0xEC, 0x46, 0xEC, 0x46,
  0xEC, 0x46, 0xEC, 0x46, 0xEC, 0x46, 0xEC, 0x46, 0xEC, 0x46, 0xEC, 0x46, 0xEC, 0x46, 0xEC, 0x46,
  0xEC, 0x46, 0xEC, 0x46, 0x18, 0xC4, 0x00, 0x00, 0x00, 0x00, 0x18, 0xC4, 0x18, 0xC4, 0x18, 0xC4,
  0x18, 0xC4, 0x18, 0xC4, 0x18, 0xC4, 0x18, 0xC4, 0x18, 0xC4, 0x18, 0xC4, 0x18, 0xC4, 0x18, 0xC4,
  0x18, 0xC4, 0x18, 0xC4, 0x18, 0xC4, 0x00, 0x00, 0x00, 0x00, 0x00, 0x00, 0x00, 0x00, 0x00, 0x00,
  0x00, 0x00, 0x00, 0x00, 0x00, 0x00, 0x00, 0x00, 0x00, 0x00, 0x00, 0x00, 0x00, 0x00, 0x00, 0x00,
  0x00, 0x00, 0x00, 0x00, 0x00, 0x00, 0x00, 0x00,
};

static const uint8_t cic_folder_Firmware[] = {
  0x43, 0x49, 0x43, 0x31, 0x10, 0x00, 0x10, 0x00, 0x00, 0x00, 0x00, 0x00, 0x00, 0x00, 0x00, 0x00,
  0x00, 0x00, 0x00, 0x00, 0x00, 0x00, 0x00, 0x00, 0x00, 0x00, 0x00, 0x00, 0x00, 0x00, 0x00, 0x00,
  0x00, 0x00, 0x00, 0x00, 0x00, 0x00, 0x00, 0x00, 0x00, 0x00, 0x00, 0x00, 0x18, 0xC4, 0x18, 0xC4,
  0x18, 0xC4, 0x18, 0xC4, 0x18, 0xC4, 0x00, 0x00, 0x00, 0x00, 0x00, 0x00, 0x00, 0x00, 0x00, 0x00,
  0x00, 0x00, 0x00, 0x00, 0x00, 0x00, 0x00, 0x00, 0x00, 0x00, 0x18, 0xC4, 0xFE, 0x6A, 0xFE, 0x6A,
  0xFE, 0x6A, 0xFE, 0x6A, 0xFE, 0x6A, 0x18, 0xC4, 0x18, 0xC4, 0x18, 0xC4, 0x18, 0xC4, 0x18, 0xC4,
  0x18, 0xC4, 0x18, 0xC4, 0x18, 0xC4, 0x00, 0x00, 0x00, 0x00, 0x18, 0xC4, 0xFE, 0x6A, 0xFE, 0x6A,
  0xFE, 0x6A, 0xFE, 0x6A, 0xFE, 0x6A, 0xFE, 0x6A, 0xFE, 0x6A, 0xFE, 0x6A, 0xFE, 0x6A, 0xFE, 0x6A,
  0xFE, 0x6A, 0xFE, 0x6A, 0x18, 0xC4, 0x00, 0x00, 0x00, 0x00, 0x18, 0xC4, 0xFE, 0x6A, 0xFE, 0x6A,
  0xFE, 0x6A, 0x18, 0xC4, 0x18, 0xC4, 0x18, 0xC4, 0x18, 0xC4, 0x18, 0xC4, 0x18, 0xC4, 0xFE, 0x6A,
  0xFE, 0x6A, 0xFE, 0x6A, 0x18, 0xC4, 0x00, 0x00, 0x00, 0x00, 0x18, 0xC4, 0xFE, 0x6A, 0xFE, 0x6A,
  0xFE, 0x6A, 0x18, 0xC4, 0x94, 0xF5, 0x94, 0xF5, 0x94, 0xF5, 0x94, 0xF5, 0x18, 0xC4, 0xFE, 0x6A,
  0xFE, 0x6A, 0xFE, 0x6A, 0x18, 0xC4, 0x00, 0x00, 0x00, 0x00, 0x18, 0xC4, 0xFE, 0x6A, 0x18, 0xC4,
  0x18, 0xC4, 0x18, 0xC4, 0x94, 0xF5, 0x5B, 0x2E, 0x5B, 0x2E, 0x94, 0xF5, 0x18, 0xC4, 0x18, 0xC4,
  0x18, 0xC4, 0xFE, 0x6A, 0x18, 0xC4, 0x00, 0x00, 0x00, 0x00, 0x18, 0xC4, 0xFE, 0x6A, 0xFE, 0x6A,
  0xFE, 0x6A, 0x18, 0xC4, 0x94, 0xF5, 0x5B, 0x2E, 0x5B, 0x2E, 0x94, 0xF5, 0x18, 0xC4, 0xFE, 0x6A,
  0xFE, 0x6A, 0xFE, 0x6A, 0x18, 0xC4, 0x00, 0x00, 0x00, 0x00, 0x18, 0xC4, 0xFE, 0x6A, 0x18, 0xC4,
  0x18, 0xC4, 0x18, 0xC4, 0x94, 0xF5, 0x5B, 0x2E, 0x5B, 0x2E, 0x94, 0xF5, 0x18, 0xC4, 0x18, 0xC4,
  0x18, 0xC4, 0xFE, 0x6A, 0x18, 0xC4, 0x00, 0x00, 0x00, 0x00, 0x18, 0xC4, 0xFE, 0x6A, 0xFE, 0x6A,
  0xFE, 0x6A, 0x18, 0xC4, 0x94, 0xF5, 0x94, 0xF5, 0x94, 0xF5, 0x94, 0xF5, 0x18, 0xC4, 0xFE, 0x6A,
  0xFE, 0x6A, 0xFE, 0x6A, 0x18, 0xC4, 0x00, 0x00, 0x00, 0x00, 0x18, 0xC4, 0xFE, 0x6A, 0xFE, 0x6A,
  0xFE, 0x6A, 0x18, 0xC4, 0x18, 0xC4, 0x18, 0xC4, 0x18, 0xC4, 0x18, 0xC4, 0x18, 0xC4, 0xFE, 0x6A,
  0xFE, 0x6A, 0xFE, 0x6A, 0x18, 0xC4, 0x00, 0x00, 0x00, 0x00, 0x18, 0xC4, 0xFE, 0x6A, 0xFE, 0x6A,
  0xFE, 0x6A, 0xFE, 0x6A, 0xFE, 0x6A, 0xFE, 0x6A, 0xFE, 0x6A, 0xFE, 0x6A, 0xFE, 0x6A, 0xFE, 0x6A,
  0xFE, 0x6A, 0xFE, 0x6A, 0x18, 0xC4, 0x00, 0x00, 0x00, 0x00, 0x18, 0xC4, 0xEC, 0x46, 0xEC, 0x46,
  0xEC, 0x46, 0xEC, 0x46, 0xEC, 0x46, 0xEC, 0x46, 0xEC, 0x46, 0xEC, 0x46, 0xEC, 0x46, 0xEC, 0x46,
  0xEC, 0x46, 0xEC, 0x46, 0x18, 0xC4, 0x00, 0x00, 0x00, 0x00, 0x18, 0xC4, 0x18, 0xC4, 0x18, 0xC4,
  0x18, 0xC4, 0x18, 0xC4, 0x18, 0xC4, 0x18, 0xC4, 0x18, 0xC4, 0x18, 0xC4, 0x18, 0xC4, 0x18, 0xC4,
  0x18, 0xC4, 0x18, 0xC4, 0x18, 0xC4, 0x00, 0x00, 0x00, 0x00, 0x00, 0x00, 0x00, 0x00, 0x00, 0x00,
  0x00, 0x00, 0x00, 0x00, 0x00, 0x00, 0x00, 0x00, 0x00, 0x00, 0x00, 0x00, 0x00, 0x00, 0x00, 0x00,
  0x00, 0x00, 0x00, 0x00, 0x00, 0x00, 0x00, 0x00, 0x00, 0x00, 0x00, 0x00, 0x00, 0x00, 0x00, 0x00,
  0x00, 0x00, 0x00, 0x00, 0x00, 0x00, 0x00, 0x00, 0x00, 0x00, 0x00, 0x00, 0x00, 0x00, 0x00, 0x00,
  0x00, 0x00, 0x00, 0x00, 0x00, 0x00, 0x00, 0x00,
};

static const uint8_t cic_Calc[] = {
  0x43, 0x49, 0x43, 0x31, 0x10, 0x00, 0x10, 0x00, 0x00, 0x00, 0x00, 0x00, 0x18, 0xC4, 0x18, 0xC4,
  0x18, 0xC4, 0x18, 0xC4, 0x18, 0xC4, 0x18, 0xC4, 0x18, 0xC4, 0x18, 0xC4, 0x18, 0xC4, 0x18, 0xC4,
  0x18, 0xC4, 0x18, 0xC4, 0x00, 0x00, 0x00, 0x00, 0x00, 0x00, 0x18, 0xC4, 0x5B, 0x2E, 0x5B, 0x2E,
  0x5B, 0x2E, 0x5B, 0x2E, 0x5B, 0x2E, 0x5B, 0x2E, 0x5B, 0x2E, 0x5B, 0x2E, 0x5B, 0x2E, 0x5B, 0x2E,
  0x5B, 0x2E, 0x5B, 0x2E, 0x18, 0xC4, 0x00, 0x00, 0x00, 0x00, 0x18, 0xC4, 0x5B, 0x2E, 0x18, 0xC4,
  0x18, 0xC4, 0x18, 0xC4, 0x18, 0xC4, 0x18, 0xC4, 0x18, 0xC4, 0x18, 0xC4, 0x18, 0xC4, 0x18, 0xC4,
  0x18, 0xC4, 0x5B, 0x2E, 0x18, 0xC4, 0x00, 0x00, 0x00, 0x00, 0x18, 0xC4, 0x5B, 0x2E, 0x18, 0xC4,
  0x18, 0xC4, 0x18, 0xC4, 0x18, 0xC4, 0x18, 0xC4, 0x18, 0xC4, 0x18, 0xC4, 0x18, 0xC4, 0x6E, 0x30,
  0x18, 0xC4, 0x5B, 0x2E, 0x18, 0xC4, 0x00, 0x00, 0x00, 0x00, 0x18, 0xC4, 0x5B, 0x2E, 0x18, 0xC4,
  0x18, 0xC4, 0x18, 0xC4, 0x18, 0xC4, 0x18, 0xC4, 0x18, 0xC4, 0x18, 0xC4, 0x6E, 0x30, 0x18, 0xC4,
  0x18, 0xC4, 0x5B, 0x2E, 0x18, 0xC4, 0x00, 0x00, 0x00, 0x00, 0x18, 0xC4, 0x5B, 0x2E, 0x18, 0xC4,
  0x6E, 0x30, 0x18, 0xC4, 0x18, 0xC4, 0x18, 0xC4, 0x18, 0xC4, 0x6E, 0x30, 0x18, 0xC4, 0x18, 0xC4,
  0x18, 0xC4, 0x5B, 0x2E, 0x18, 0xC4, 0x00, 0x00, 0x00, 0x00, 0x18, 0xC4, 0x5B, 0x2E, 0x18, 0xC4,
  0x18, 0xC4, 0x6E, 0x30, 0x18, 0xC4, 0x18, 0xC4, 0x6E, 0x30, 0x18, 0xC4, 0x18, 0xC4, 0x18, 0xC4,
  0x18, 0xC4, 0x5B, 0x2E, 0x18, 0xC4, 0x00, 0x00, 0x00, 0x00, 0x18, 0xC4, 0x5B, 0x2E, 0x18, 0xC4,
  0x18, 0xC4, 0x18, 0xC4, 0x6E, 0x30, 0x6E, 0x30, 0x18, 0xC4, 0x18, 0xC4, 0x18, 0xC4, 0x18, 0xC4,
  0x18, 0xC4, 0x5B, 0x2E, 0x18, 0xC4, 0x00, 0x00, 0x00, 0x00, 0x18, 0xC4, 0x5B, 0x2E, 0x18, 0xC4,
  0x18, 0xC4, 0x18, 0xC4, 0x18, 0xC4, 0x18, 0xC4, 0x18, 0xC4, 0x18, 0xC4, 0x18, 0xC4, 0x18, 0xC4,
  0x18, 0xC4, 0x5B, 0x2E, 0x18, 0xC4, 0x00, 0x00, 0x00, 0x00, 0x18, 0xC4, 0x5B, 0x2E, 0x5B, 0x2E,
  0x5B, 0x2E, 0x5B, 0x2E, 0x5B, 0x2E, 0x5B, 0x2E, 0x5B, 0x2E, 0x5B, 0x2E, 0x5B, 0x2E, 0x5B, 0x2E,
  0x5B, 0x2E, 0x5B, 0x2E, 0x18, 0xC4, 0x00, 0x00, 0x00, 0x00, 0x18, 0xC4, 0x5B, 0x2E, 0xFF, 0xFF,
  0xFF, 0xFF, 0x5B, 0x2E, 0xFF, 0xFF, 0xFF, 0xFF, 0x5B, 0x2E, 0xFF, 0xFF, 0xFF, 0xFF, 0x5B, 0x2E,
  0xFE, 0x6A, 0xFE, 0x6A, 0x18, 0xC4, 0x00, 0x00, 0x00, 0x00, 0x18, 0xC4, 0x5B, 0x2E, 0x5B, 0x2E,
  0x5B, 0x2E, 0x5B, 0x2E, 0x5B, 0x2E, 0x5B, 0x2E, 0x5B, 0x2E, 0x5B, 0x2E, 0x5B, 0x2E, 0x5B, 0x2E,
  0x5B, 0x2E, 0x5B, 0x2E, 0x18, 0xC4, 0x00, 0x00, 0x00, 0x00, 0x18, 0xC4, 0x5B, 0x2E, 0xFF, 0xFF,
  0xFF, 0xFF, 0x5B, 0x2E, 0xFF, 0xFF, 0xFF, 0xFF, 0x5B, 0x2E, 0xFF, 0xFF, 0xFF, 0xFF, 0x5B, 0x2E,
  0xFE, 0x6A, 0xFE, 0x6A, 0x18, 0xC4, 0x00, 0x00, 0x00, 0x00, 0x18, 0xC4, 0x5B, 0x2E, 0x5B, 0x2E,
  0x5B, 0x2E, 0x5B, 0x2E, 0x5B, 0x2E, 0x5B, 0x2E, 0x5B, 0x2E, 0x5B, 0x2E, 0x5B, 0x2E, 0x5B, 0x2E,
  0x5B, 0x2E, 0x5B, 0x2E, 0x18, 0xC4, 0x00, 0x00, 0x00, 0x00, 0x18, 0xC4, 0x5B, 0x2E, 0xFF, 0xFF,
  0xFF, 0xFF, 0x5B, 0x2E, 0xFF, 0xFF, 0xFF, 0xFF, 0x5B, 0x2E, 0xFF, 0xFF, 0xFF, 0xFF, 0x5B, 0x2E,
  0xE2, 0xA9, 0xE2, 0xA9, 0x18, 0xC4, 0x00, 0x00, 0x00, 0x00, 0x00, 0x00, 0x18, 0xC4, 0x18, 0xC4,
  0x18, 0xC4, 0x18, 0xC4, 0x18, 0xC4, 0x18, 0xC4, 0x18, 0xC4, 0x18, 0xC4, 0x18, 0xC4, 0x18, 0xC4,
  0x18, 0xC4, 0x18, 0xC4, 0x00, 0x00, 0x00, 0x00,
};

static const uint8_t cic_Calendar[] = {
  0x43, 0x49, 0x43, 0x31, 0x10, 0x00, 0x10, 0x00, 0x00, 0x00, 0x00, 0x00, 0x00, 0x00, 0x00, 0x00,
  0x00, 0x00, 0x00, 0x00, 0x00, 0x00, 0x00, 0x00, 0x00, 0x00, 0x00, 0x00, 0x00, 0x00, 0x00, 0x00,
  0x00, 0x00, 0x00, 0x00, 0x00, 0x00, 0x00, 0x00, 0x00, 0x00, 0x00, 0x00, 0x00, 0x00, 0x18, 0xC4,
  0x00, 0x00, 0x00, 0x00, 0x00, 0x00, 0x00, 0x00, 0x00, 0x00, 0x00, 0x00, 0x18, 0xC4, 0x00, 0x00,
  0x00, 0x00, 0x00, 0x00, 0x00, 0x00, 0x00, 0x00, 0x00, 0x00, 0x00, 0x00, 0x18, 0xC4, 0x18, 0xC4,
  0x18, 0xC4, 0x00, 0x00, 0x00, 0x00, 0x00, 0x00, 0x00, 0x00, 0x18, 0xC4, 0x18, 0xC4, 0x18, 0xC4,
  0x00, 0x00, 0x00, 0x00, 0x00, 0x00, 0x00, 0x00, 0x00, 0x00, 0x18, 0xC4, 0x18, 0xC4, 0x18, 0xC4,
  0x18, 0xC4, 0x18, 0xC4, 0x18, 0xC4, 0x18, 0xC4, 0x18, 0xC4, 0x18, 0xC4, 0x18, 0xC4, 0x18, 0xC4,
  0x18, 0xC4, 0x18, 0xC4, 0x18, 0xC4, 0x00, 0x00, 0x00, 0x00, 0x18, 0xC4, 0xFF, 0xFF, 0xFF, 0xFF,
  0xFF, 0xFF, 0xFF, 0xFF, 0xFF, 0xFF, 0xFF, 0xFF, 0xFF, 0xFF, 0xFF, 0xFF, 0xFF, 0xFF, 0xFF, 0xFF,
  0xFF, 0xFF, 0xFF, 0xFF, 0x18, 0xC4, 0x00, 0x00, 0x00, 0x00, 0x18, 0xC4, 0xE2, 0xA9, 0xE2, 0xA9,
  0xE2, 0xA9, 0xE2, 0xA9, 0xE2, 0xA9, 0xE2, 0xA9, 0xE2, 0xA9, 0xE2, 0xA9, 0xE2, 0xA9, 0xE2, 0xA9,
  0xE2, 0xA9, 0xE2, 0xA9, 0x18, 0xC4, 0x00, 0x00, 0x00, 0x00, 0x18, 0xC4, 0xFF, 0xFF, 0xFF, 0xFF,
  0xFF, 0xFF, 0xFF, 0xFF, 0xFF, 0xFF, 0xFF, 0xFF, 0xFF, 0xFF, 0xFF, 0xFF, 0xFF, 0xFF, 0xFF, 0xFF,
  0xFF, 0xFF, 0xFF, 0xFF, 0x18, 0xC4, 0x00, 0x00, 0x00, 0x00, 0x18, 0xC4, 0xFF, 0xFF, 0x18, 0xC4,
  0x18, 0xC4, 0xFF, 0xFF, 0x18, 0xC4, 0x18, 0xC4, 0xFF, 0xFF, 0xFF, 0xFF, 0x18, 0xC4, 0x18, 0xC4,
  0xFF, 0xFF, 0xFF, 0xFF, 0x18, 0xC4, 0x00, 0x00, 0x00, 0x00, 0x18, 0xC4, 0xFF, 0xFF, 0xFF, 0xFF,
  0xFF, 0xFF, 0xFF, 0xFF, 0xFF, 0xFF, 0xFF, 0xFF, 0xFF, 0xFF, 0xFF, 0xFF, 0xFF, 0xFF, 0xFF, 0xFF,
  0xFF, 0xFF, 0xFF, 0xFF, 0x18, 0xC4, 0x00, 0x00, 0x00, 0x00, 0x18, 0xC4, 0xFF, 0xFF, 0x18, 0xC4,
  0x18, 0xC4, 0xFF, 0xFF, 0x18, 0xC4, 0x18, 0xC4, 0xFF, 0xFF, 0xFF, 0xFF, 0x18, 0xC4, 0x18, 0xC4,
  0xFF, 0xFF, 0xFF, 0xFF, 0x18, 0xC4, 0x00, 0x00, 0x00, 0x00, 0x18, 0xC4, 0xFF, 0xFF, 0xFF, 0xFF,
  0xFF, 0xFF, 0xFF, 0xFF, 0xFF, 0xFF, 0xFF, 0xFF, 0xFF, 0xFF, 0xFF, 0xFF, 0xFF, 0xFF, 0xFF, 0xFF,
  0xFF, 0xFF, 0xFF, 0xFF, 0x18, 0xC4, 0x00, 0x00, 0x00, 0x00, 0x18, 0xC4, 0xFF, 0xFF, 0x18, 0xC4,
  0x18, 0xC4, 0xFF, 0xFF, 0x18, 0xC4, 0x18, 0xC4, 0xFF, 0xFF, 0xFF, 0xFF, 0x18, 0xC4, 0x18, 0xC4,
  0xFF, 0xFF, 0xFF, 0xFF, 0x18, 0xC4, 0x00, 0x00, 0x00, 0x00, 0x18, 0xC4, 0xFF, 0xFF, 0xFF, 0xFF,
  0xFF, 0xFF, 0xFF, 0xFF, 0xFF, 0xFF, 0xFF, 0xFF, 0xFF, 0xFF, 0xFF, 0xFF, 0xFF, 0xFF, 0xFF, 0xFF,
  0xFF, 0xFF, 0xFF, 0xFF, 0x18, 0xC4, 0x00, 0x00, 0x00, 0x00, 0x18, 0xC4, 0x18, 0xC4, 0x18, 0xC4,
  0x18, 0xC4, 0x18, 0xC4, 0x18, 0xC4, 0x18, 0xC4, 0x18, 0xC4, 0x18, 0xC4, 0x18, 0xC4, 0x18, 0xC4,
  0x18, 0xC4, 0x18, 0xC4, 0x18, 0xC4, 0x00, 0x00, 0x00, 0x00, 0x00, 0x00, 0x00, 0x00, 0x00, 0x00,
  0x00, 0x00, 0x00, 0x00, 0x00, 0x00, 0x00, 0x00, 0x00, 0x00, 0x00, 0x00, 0x00, 0x00, 0x00, 0x00,
  0x00, 0x00, 0x00, 0x00, 0x00, 0x00, 0x00, 0x00, 0x00, 0x00, 0x00, 0x00, 0x00, 0x00, 0x00, 0x00,
  0x00, 0x00, 0x00, 0x00, 0x00, 0x00, 0x00, 0x00, 0x00, 0x00, 0x00, 0x00, 0x00, 0x00, 0x00, 0x00,
  0x00, 0x00, 0x00, 0x00, 0x00, 0x00, 0x00, 0x00,
};

static const uint8_t cic_IDE[] = {
  0x43, 0x49, 0x43, 0x31, 0x10, 0x00, 0x10, 0x00, 0x00, 0x00, 0x00, 0x00, 0x00, 0x00, 0x00, 0x00,
  0x00, 0x00, 0x00, 0x00, 0x00, 0x00, 0x00, 0x00, 0x00, 0x00, 0x00, 0x00, 0x00, 0x00, 0x00, 0x00,
  0x00, 0x00, 0x00, 0x00, 0x00, 0x00, 0x00, 0x00, 0x00, 0x00, 0x18, 0xC4, 0x18, 0xC4, 0x18, 0xC4,
  0x18, 0xC4, 0x18, 0xC4, 0x18, 0xC4, 0x18, 0xC4, 0x18, 0xC4, 0x18, 0xC4, 0x18, 0xC4, 0x18, 0xC4,
  0x18, 0xC4, 0x18, 0xC4, 0x18, 0xC4, 0x00, 0x00, 0x00, 0x00, 0x18, 0xC4, 0xFF, 0xFF, 0xFF, 0xFF,
  0xFF, 0xFF, 0xFF, 0xFF, 0xFF, 0xFF, 0xFF, 0xFF, 0xFF, 0xFF, 0xFF, 0xFF, 0xFF, 0xFF, 0xFF, 0xFF,
  0xFF, 0xFF, 0xFF, 0xFF, 0x18, 0xC4, 0x00, 0x00, 0x00, 0x00, 0x18, 0xC4, 0x18, 0xC4, 0x18, 0xC4,
  0x18, 0xC4, 0x18, 0xC4, 0x18, 0xC4, 0x18, 0xC4, 0x18, 0xC4, 0x18, 0xC4, 0x18, 0xC4, 0x18, 0xC4,
  0x18, 0xC4, 0x18, 0xC4, 0x18, 0xC4, 0x00, 0x00, 0x00, 0x00, 0x18, 0xC4, 0x2A, 0xF3, 0x2A, 0xF3,
  0x2A, 0xF3, 0x2A, 0xF3, 0x2A, 0xF3, 0x2A, 0xF3, 0x2A, 0xF3, 0x2A, 0xF3, 0x2A, 0xF3, 0x2A, 0xF3,
  0x2A, 0xF3, 0x2A, 0xF3, 0x18, 0xC4, 0x00, 0x00, 0x00, 0x00, 0x18, 0xC4, 0x2A, 0xF3, 0x6E, 0x30,
  0x2A, 0xF3, 0x2A, 0xF3, 0x2A, 0xF3, 0x2A, 0xF3, 0x2A, 0xF3, 0x2A, 0xF3, 0x2A, 0xF3, 0x2A, 0xF3,
  0x2A, 0xF3, 0x2A, 0xF3, 0x18, 0xC4, 0x00, 0x00, 0x00, 0x00, 0x18, 0xC4, 0x2A, 0xF3, 0x2A, 0xF3,
  0x6E, 0x30, 0x2A, 0xF3, 0x2A, 0xF3, 0x2A, 0xF3, 0x2A, 0xF3, 0x2A, 0xF3, 0x2A, 0xF3, 0x2A, 0xF3,
  0x2A, 0xF3, 0x2A, 0xF3, 0x18, 0xC4, 0x00, 0x00, 0x00, 0x00, 0x18, 0xC4, 0x2A, 0xF3, 0x6E, 0x30,
  0x2A, 0xF3, 0x2A, 0xF3, 0x2A, 0xF3, 0x2A, 0xF3, 0x2A, 0xF3, 0x2A, 0xF3, 0x2A, 0xF3, 0x2A, 0xF3,
  0x2A, 0xF3, 0x2A, 0xF3, 0x18, 0xC4, 0x00, 0x00, 0x00, 0x00, 0x18, 0xC4, 0x2A, 0xF3, 0x2A, 0xF3,
  0x2A, 0xF3, 0x2A, 0xF3, 0x2A, 0xF3, 0x2A, 0xF3, 0x2A, 0xF3, 0x2A, 0xF3, 0x2A, 0xF3, 0x2A, 0xF3,
  0x2A, 0xF3, 0x2A, 0xF3, 0x18, 0xC4, 0x00, 0x00, 0x00, 0x00, 0x18, 0xC4, 0x2A, 0xF3, 0xFE, 0x6A,
  0xFE, 0x6A, 0xFE, 0x6A, 0xFE, 0x6A, 0x2A, 0xF3, 0x2A, 0xF3, 0x2A, 0xF3, 0x2A, 0xF3, 0x2A, 0xF3,
  0x2A, 0xF3, 0x2A, 0xF3, 0x18, 0xC4, 0x00, 0x00, 0x00, 0x00, 0x18, 0xC4, 0x2A, 0xF3, 0x2A, 0xF3,
  0x2A, 0xF3, 0x2A, 0xF3, 0x2A, 0xF3, 0x2A, 0xF3, 0x2A, 0xF3, 0x2A, 0xF3, 0x2A, 0xF3, 0x2A, 0xF3,
  0x2A, 0xF3, 0x2A, 0xF3, 0x18, 0xC4, 0x00, 0x00, 0x00, 0x00, 0x18, 0xC4, 0x2A, 0xF3, 0x66, 0x78,
  0x2A, 0xF3, 0x2A, 0xF3, 0x2A, 0xF3, 0x2A, 0xF3, 0x2A, 0xF3, 0x2A, 0xF3, 0x2A, 0xF3, 0x2A, 0xF3,
  0x2A, 0xF3, 0x2A, 0xF3, 0x18, 0xC4, 0x00, 0x00, 0x00, 0x00, 0x18, 0xC4, 0x2A, 0xF3, 0x2A, 0xF3,
  0x2A, 0xF3, 0x2A, 0xF3, 0x2A, 0xF3, 0x2A, 0xF3, 0x2A, 0xF3, 0x2A, 0xF3, 0x2A, 0xF3, 0x2A, 0xF3,
  0x2A, 0xF3, 0x2A, 0xF3, 0x18, 0xC4, 0x00, 0x00, 0x00, 0x00, 0x18, 0xC4, 0x18, 0xC4, 0x18, 0xC4,
  0x18, 0xC4, 0x18, 0xC4, 0x18, 0xC4, 0x18, 0xC4, 0x18, 0xC4, 0x18, 0xC4, 0x18, 0xC4, 0x18, 0xC4,
  0x18, 0xC4, 0x18, 0xC4, 0x18, 0xC4, 0x00, 0x00, 0x00, 0x00, 0x00, 0x00, 0x00, 0x00, 0x00, 0x00,
  0x00, 0x00, 0x00, 0x00, 0x00, 0x00, 0x00, 0x00, 0x00, 0x00, 0x00, 0x00, 0x00, 0x00, 0x00, 0x00,
  0x00, 0x00, 0x00, 0x00, 0x00, 0x00, 0x00, 0x00, 0x00, 0x00, 0x00, 0x00, 0x00, 0x00, 0x00, 0x00,
  0x00, 0x00, 0x00, 0x00, 0x00, 0x00, 0x00, 0x00, 0x00, 0x00, 0x00, 0x00, 0x00, 0x00, 0x00, 0x00,
  0x00, 0x00, 0x00, 0x00, 0x00, 0x00, 0x00, 0x00,
};

static const uint8_t cic_generic[] = {
  0x43, 0x49, 0x43, 0x31, 0x10, 0x00, 0x10, 0x00, 0x00, 0x00, 0x00, 0x00, 0x00, 0x00, 0x00, 0x00,
  0x00, 0x00, 0x00, 0x00, 0x00, 0x00, 0x00, 0x00, 0x00, 0x00, 0x00, 0x00, 0x00, 0x00, 0x00, 0x00,
  0x00, 0x00, 0x00, 0x00, 0x00, 0x00, 0x00, 0x00, 0x00, 0x00, 0x00, 0x00, 0x00, 0x00, 0x18, 0xC4,
  0x18, 0xC4, 0x18, 0xC4, 0x18, 0xC4, 0x18, 0xC4, 0x18, 0xC4, 0x18, 0xC4, 0x18, 0xC4, 0x00, 0x00,
  0x00, 0x00, 0x00, 0x00, 0x00, 0x00, 0x00, 0x00, 0x00, 0x00, 0x00, 0x00, 0x00, 0x00, 0x18, 0xC4,
  0xFF, 0xFF, 0xFF, 0xFF, 0xFF, 0xFF, 0xFF, 0xFF, 0xFF, 0xFF, 0xFF, 0xFF, 0x18, 0xC4, 0x18, 0xC4,
  0x00, 0x00, 0x00, 0x00, 0x00, 0x00, 0x00, 0x00, 0x00, 0x00, 0x00, 0x00, 0x00, 0x00, 0x18, 0xC4,
  0xFF, 0xFF, 0xFF, 0xFF, 0xFF, 0xFF, 0xFF, 0xFF, 0xFF, 0xFF, 0xFF, 0xFF, 0xFF, 0xFF, 0x18, 0xC4,
  0x18, 0xC4, 0x00, 0x00, 0x00, 0x00, 0x00, 0x00, 0x00, 0x00, 0x00, 0x00, 0x00, 0x00, 0x18, 0xC4,
  0xFF, 0xFF, 0xFF, 0xFF, 0xFF, 0xFF, 0xFF, 0xFF, 0xFF, 0xFF, 0xFF, 0xFF, 0xFF, 0xFF, 0xFF, 0xFF,
  0x18, 0xC4, 0x18, 0xC4, 0x00, 0x00, 0x00, 0x00, 0x00, 0x00, 0x00, 0x00, 0x00, 0x00, 0x18, 0xC4,
  0xFF, 0xFF, 0xFF, 0xFF, 0xFF, 0xFF, 0xFF, 0xFF, 0xFF, 0xFF, 0xFF, 0xFF, 0xFF, 0xFF, 0xFF, 0xFF,
  0xFF, 0xFF, 0x18, 0xC4, 0x00, 0x00, 0x00, 0x00, 0x00, 0x00, 0x00, 0x00, 0x00, 0x00, 0x18, 0xC4,
  0xFF, 0xFF, 0xFF, 0xFF, 0xFF, 0xFF, 0xFF, 0xFF, 0xFF, 0xFF, 0xFF, 0xFF, 0xFF, 0xFF, 0xFF, 0xFF,
  0xFF, 0xFF, 0x18, 0xC4, 0x00, 0x00, 0x00, 0x00, 0x00, 0x00, 0x00, 0x00, 0x00, 0x00, 0x18, 0xC4,
  0xFF, 0xFF, 0xFF, 0xFF, 0xFF, 0xFF, 0xFF, 0xFF, 0xFF, 0xFF, 0xFF, 0xFF, 0xFF, 0xFF, 0xFF, 0xFF,
  0xFF, 0xFF, 0x18, 0xC4, 0x00, 0x00, 0x00, 0x00, 0x00, 0x00, 0x00, 0x00, 0x00, 0x00, 0x18, 0xC4,
  0xFF, 0xFF, 0xFF, 0xFF, 0xFF, 0xFF, 0xFF, 0xFF, 0xFF, 0xFF, 0xFF, 0xFF, 0xFF, 0xFF, 0xFF, 0xFF,
  0xFF, 0xFF, 0x18, 0xC4, 0x00, 0x00, 0x00, 0x00, 0x00, 0x00, 0x00, 0x00, 0x00, 0x00, 0x18, 0xC4,
  0xFF, 0xFF, 0xFF, 0xFF, 0xFF, 0xFF, 0xFF, 0xFF, 0xFF, 0xFF, 0xFF, 0xFF, 0xFF, 0xFF, 0xFF, 0xFF,
  0xFF, 0xFF, 0x18, 0xC4, 0x00, 0x00, 0x00, 0x00, 0x00, 0x00, 0x00, 0x00, 0x00, 0x00, 0x18, 0xC4,
  0xFF, 0xFF, 0xFF, 0xFF, 0xFF, 0xFF, 0xFF, 0xFF, 0xFF, 0xFF, 0xFF, 0xFF, 0xFF, 0xFF, 0xFF, 0xFF,
  0xFF, 0xFF, 0x18, 0xC4, 0x00, 0x00, 0x00, 0x00, 0x00, 0x00, 0x00, 0x00, 0x00, 0x00, 0x18, 0xC4,
  0xFF, 0xFF, 0xFF, 0xFF, 0xFF, 0xFF, 0xFF, 0xFF, 0xFF, 0xFF, 0xFF, 0xFF, 0xFF, 0xFF, 0xFF, 0xFF,
  0xFF, 0xFF, 0x18, 0xC4, 0x00, 0x00, 0x00, 0x00, 0x00, 0x00, 0x00, 0x00, 0x00, 0x00, 0x18, 0xC4,
  0x18, 0xC4, 0x18, 0xC4, 0x18, 0xC4, 0x18, 0xC4, 0x18, 0xC4, 0x18, 0xC4, 0x18, 0xC4, 0x18, 0xC4,
  0x18, 0xC4, 0x18, 0xC4, 0x00, 0x00, 0x00, 0x00, 0x00, 0x00, 0x00, 0x00, 0x00, 0x00, 0x00, 0x00,
  0x00, 0x00, 0x00, 0x00, 0x00, 0x00, 0x00, 0x00, 0x00, 0x00, 0x00, 0x00, 0x00, 0x00, 0x00, 0x00,
  0x00, 0x00, 0x00, 0x00, 0x00, 0x00, 0x00, 0x00, 0x00, 0x00, 0x00, 0x00, 0x00, 0x00, 0x00, 0x00,
  0x00, 0x00, 0x00, 0x00, 0x00, 0x00, 0x00, 0x00, 0x00, 0x00, 0x00, 0x00, 0x00, 0x00, 0x00, 0x00,
  0x00, 0x00, 0x00, 0x00, 0x00, 0x00, 0x00, 0x00, 0x00, 0x00, 0x00, 0x00, 0x00, 0x00, 0x00, 0x00,
  0x00, 0x00, 0x00, 0x00, 0x00, 0x00, 0x00, 0x00, 0x00, 0x00, 0x00, 0x00, 0x00, 0x00, 0x00, 0x00,
  0x00, 0x00, 0x00, 0x00, 0x00, 0x00, 0x00, 0x00,
};

static const uint8_t cic_Hub[] = {
  0x43, 0x49, 0x43, 0x31, 0x10, 0x00, 0x10, 0x00, 0x00, 0x00, 0x00, 0x00, 0x00, 0x00, 0x00, 0x00,
  0x00, 0x00, 0x00, 0x00, 0x00, 0x00, 0x18, 0xC4, 0x18, 0xC4, 0x00, 0x00, 0x00, 0x00, 0x00, 0x00,
  0x00, 0x00, 0x00, 0x00, 0x00, 0x00, 0x00, 0x00, 0x00, 0x00, 0x00, 0x00, 0x00, 0x00, 0x00, 0x00,
  0x00, 0x00, 0x00, 0x00, 0x18, 0xC4, 0x54, 0xFD, 0x54, 0xFD, 0x18, 0xC4, 0x00, 0x00, 0x00, 0x00,
  0x00, 0x00, 0x00, 0x00, 0x00, 0x00, 0x00, 0x00, 0x00, 0x00, 0x00, 0x00, 0x00, 0x00, 0x00, 0x00,
  0x00, 0x00, 0x00, 0x00, 0x18, 0xC4, 0x54, 0xFD, 0x54, 0xFD, 0x18, 0xC4, 0x00, 0x00, 0x00, 0x00,
  0x00, 0x00, 0x00, 0x00, 0x00, 0x00, 0x00, 0x00, 0x00, 0x00, 0x00, 0x00, 0x00, 0x00, 0x00, 0x00,
  0x18, 0xC4, 0x18, 0xC4, 0x18, 0xC4, 0x54, 0xFD, 0x54, 0xFD, 0x18, 0xC4, 0x18, 0xC4, 0x18, 0xC4,
  0x00, 0x00, 0x00, 0x00, 0x00, 0x00, 0x00, 0x00, 0x00, 0x00, 0x00, 0x00, 0x00, 0x00, 0x00, 0x00,
  0x00, 0x00, 0x18, 0xC4, 0x54, 0xFD, 0x54, 0xFD, 0x54, 0xFD, 0x54, 0xFD, 0x18, 0xC4, 0x00, 0x00,
  0x00, 0x00, 0x00, 0x00, 0x00, 0x00, 0x00, 0x00, 0x00, 0x00, 0x00, 0x00, 0x00, 0x00, 0x00, 0x00,
  0x00, 0x00, 0x00, 0x00, 0x18, 0xC4, 0x54, 0xFD, 0x54, 0xFD, 0x18, 0xC4, 0x00, 0x00, 0x00, 0x00,
  0x00, 0x00, 0x00, 0x00, 0x00, 0x00, 0x00, 0x00, 0x00, 0x00, 0x00, 0x00, 0x00, 0x00, 0x00, 0x00,
  0x00, 0x00, 0x00, 0x00, 0x00, 0x00, 0x18, 0xC4, 0x18, 0xC4, 0x00, 0x00, 0x00, 0x00, 0x00, 0x00,
  0x00, 0x00, 0x00, 0x00, 0x00, 0x00, 0x00, 0x00, 0x00, 0x00, 0x00, 0x00, 0x18, 0xC4, 0x18, 0xC4,
  0x18, 0xC4, 0x18, 0xC4, 0x18, 0xC4, 0x18, 0xC4, 0x18, 0xC4, 0x18, 0xC4, 0x18, 0xC4, 0x18, 0xC4,
  0x18, 0xC4, 0x18, 0xC4, 0x00, 0x00, 0x00, 0x00, 0x00, 0x00, 0x00, 0x00, 0x18, 0xC4, 0x5B, 0x2E,
  0x5B, 0x2E, 0x5B, 0x2E, 0x5B, 0x2E, 0x5B, 0x2E, 0x5B, 0x2E, 0x5B, 0x2E, 0x5B, 0x2E, 0x5B, 0x2E,
  0x5B, 0x2E, 0x18, 0xC4, 0x00, 0x00, 0x00, 0x00, 0x00, 0x00, 0x00, 0x00, 0x18, 0xC4, 0x5B, 0x2E,
  0x66, 0x78, 0x66, 0x78, 0x66, 0x78, 0x66, 0x78, 0x66, 0x78, 0x66, 0x78, 0x66, 0x78, 0x66, 0x78,
  0x5B, 0x2E, 0x18, 0xC4, 0x00, 0x00, 0x00, 0x00, 0x00, 0x00, 0x00, 0x00, 0x18, 0xC4, 0x5B, 0x2E,
  0x66, 0x78, 0x94, 0xF5, 0x94, 0xF5, 0x94, 0xF5, 0x94, 0xF5, 0x94, 0xF5, 0x94, 0xF5, 0x66, 0x78,
  0x5B, 0x2E, 0x18, 0xC4, 0x00, 0x00, 0x00, 0x00, 0x00, 0x00, 0x00, 0x00, 0x18, 0xC4, 0x5B, 0x2E,
  0x66, 0x78, 0x94, 0xF5, 0x94, 0xF5, 0x94, 0xF5, 0x94, 0xF5, 0x94, 0xF5, 0x94, 0xF5, 0x66, 0x78,
  0x5B, 0x2E, 0x18, 0xC4, 0x00, 0x00, 0x00, 0x00, 0x00, 0x00, 0x00, 0x00, 0x18, 0xC4, 0x5B, 0x2E,
  0x66, 0x78, 0x66, 0x78, 0x66, 0x78, 0x66, 0x78, 0x66, 0x78, 0x66, 0x78, 0x66, 0x78, 0x66, 0x78,
  0x5B, 0x2E, 0x18, 0xC4, 0x00, 0x00, 0x00, 0x00, 0x00, 0x00, 0x00, 0x00, 0x18, 0xC4, 0x5B, 0x2E,
  0x5B, 0x2E, 0x5B, 0x2E, 0x5B, 0x2E, 0x5B, 0x2E, 0x5B, 0x2E, 0x5B, 0x2E, 0x5B, 0x2E, 0x5B, 0x2E,
  0x5B, 0x2E, 0x18, 0xC4, 0x00, 0x00, 0x00, 0x00, 0x00, 0x00, 0x00, 0x00, 0x18, 0xC4, 0x18, 0xC4,
  0x18, 0xC4, 0x18, 0xC4, 0x18, 0xC4, 0x18, 0xC4, 0x18, 0xC4, 0x18, 0xC4, 0x18, 0xC4, 0x18, 0xC4,
  0x18, 0xC4, 0x18, 0xC4, 0x00, 0x00, 0x00, 0x00, 0x00, 0x00, 0x00, 0x00, 0x00, 0x00, 0x00, 0x00,
  0x00, 0x00, 0x00, 0x00, 0x00, 0x00, 0x00, 0x00, 0x00, 0x00, 0x00, 0x00, 0x00, 0x00, 0x00, 0x00,
  0x00, 0x00, 0x00, 0x00, 0x00, 0x00, 0x00, 0x00,
};

typedef struct {
  const char    *name;      /* file name under /desktop/icons */
  const uint8_t *data;
  size_t         size;
} CicBlob;

static const CicBlob CIC_BLOBS[] = {
  { "MIDI.cic", cic_MIDI, sizeof cic_MIDI },
  { "Music.cic", cic_Music, sizeof cic_Music },
  { "Level.cic", cic_Level, sizeof cic_Level },
  { "Chat.cic", cic_Chat, sizeof cic_Chat },
  { "Kart.cic", cic_Kart, sizeof cic_Kart },
  { "Quoridor.cic", cic_Quoridor, sizeof cic_Quoridor },
  { "Screen.cic", cic_Screen, sizeof cic_Screen },
  { "Explorer.cic", cic_Explorer, sizeof cic_Explorer },
  { "Files.cic", cic_Files, sizeof cic_Files },
  { "Memory.cic", cic_Memory, sizeof cic_Memory },
  { "Settings.cic", cic_Settings, sizeof cic_Settings },
  { "About.cic", cic_About, sizeof cic_About },
  { "Update.cic", cic_Update, sizeof cic_Update },
  { "Mines.cic", cic_Mines, sizeof cic_Mines },
  { "Photos.cic", cic_Photos, sizeof cic_Photos },
  { "Stocks.cic", cic_Stocks, sizeof cic_Stocks },
  { "Dashboard Link.cic", cic_Dashboard_Link, sizeof cic_Dashboard_Link },
  { "Roku.cic", cic_Roku, sizeof cic_Roku },
  { "Toggl.cic", cic_Toggl, sizeof cic_Toggl },
  { "Notes.cic", cic_Notes, sizeof cic_Notes },
  { "Edit.cic", cic_Edit, sizeof cic_Edit },
  { "Claude.cic", cic_Claude, sizeof cic_Claude },
  { "Build.cic", cic_Build, sizeof cic_Build },
  { "Forklift.cic", cic_Forklift, sizeof cic_Forklift },
  { "Noodle.cic", cic_Noodle, sizeof cic_Noodle },
  { "Pinball.cic", cic_Pinball, sizeof cic_Pinball },
  { "Web.cic", cic_Web, sizeof cic_Web },
  { "Todo.cic", cic_Todo, sizeof cic_Todo },
  { "Timer.cic", cic_Timer, sizeof cic_Timer },
  { "Memo.cic", cic_Memo, sizeof cic_Memo },
  { "Habits.cic", cic_Habits, sizeof cic_Habits },
  { "Clock.cic", cic_Clock, sizeof cic_Clock },
  { "Today.cic", cic_Today, sizeof cic_Today },
  { "Pet.cic", cic_Pet, sizeof cic_Pet },
  { "Counter.cic", cic_Counter, sizeof cic_Counter },
  { "Share.cic", cic_Share, sizeof cic_Share },
  { "firmware.cic", cic_firmware, sizeof cic_firmware },
  { "folder-Games.cic", cic_folder_Games, sizeof cic_folder_Games },
  { "folder-Net.cic", cic_folder_Net, sizeof cic_folder_Net },
  { "folder-Make.cic", cic_folder_Make, sizeof cic_folder_Make },
  { "folder-Plan.cic", cic_folder_Plan, sizeof cic_folder_Plan },
  { "folder-System.cic", cic_folder_System, sizeof cic_folder_System },
  { "folder-Firmware.cic", cic_folder_Firmware, sizeof cic_folder_Firmware },
  { "Calc.cic", cic_Calc, sizeof cic_Calc },
  { "Calendar.cic", cic_Calendar, sizeof cic_Calendar },
  { "IDE.cic", cic_IDE, sizeof cic_IDE },
  { "generic.cic", cic_generic, sizeof cic_generic },
  { "Hub.cic", cic_Hub, sizeof cic_Hub },
};

#define CIC_BLOB_COUNT (sizeof CIC_BLOBS / sizeof CIC_BLOBS[0])

#endif /* CARDOS_ICONS_COLOR_H */
